{"type":"FeatureCollection","name":"Natural Earth land — orientation only","bbox":[-180,-90,180,90],"features":[{"type":"Feature","properties":{},"geometry":{"type":"MultiPolygon","coordinates":[[[[-0.0003,-71.499],[0.7109,-71.2182],[2.5197,-70.9006],[7.6683,-70.5182],[7.4392,-70.3375],[7.479,-70.1899],[7.8936,-70.1774],[7.9304,-70.4723],[8.5497,-70.4723],[9.1367,-70.3754],[8.8875,-70.2155],[9.1826,-70.0709],[9.9793,-70.4535],[11.2376,-70.757],[12.0055,-70.7209],[12.322,-70.3703],[13.041,-70.2345],[12.4446,-70.0702],[12.9692,-70.0462],[13.8488,-70.3478],[15.8269,-70.3776],[15.9626,-70.1896],[16.5773,-70.1314],[16.5051,-70.4542],[18.0938,-70.5424],[18.4982,-70.5025],[18.2528,-70.3259],[18.9417,-70.171],[19.2905,-70.2481],[19.1735,-70.2739],[19.2966,-70.3681],[18.9309,-70.736],[19.5674,-70.9461],[21.2012,-70.8122],[21.2085,-70.5764],[21.7456,-70.2262],[22.5793,-70.5402],[21.8264,-70.655],[22.3269,-70.7595],[23.2927,-70.8212],[23.7525,-70.4026],[24.1089,-70.4094],[24.4194,-70.5449],[24.3193,-70.7403],[24.968,-70.9455],[27.2751,-70.9897],[27.1594,-70.8707],[29.8412,-70.3113],[32.7453,-70.0134],[33.0005,-69.5048],[32.4876,-69.0816],[32.5057,-68.9031],[33.216,-68.6696],[34.3006,-68.6882],[34.3713,-68.8063],[33.6037,-69.0524],[34.62,-69.0707],[35.1255,-69.2595],[35.2288,-69.5367],[35.0794,-69.6706],[35.244,-69.7356],[36.7057,-69.6298],[37.0363,-69.8867],[37.7863,-69.6819],[38.2407,-69.7665],[38.0202,-69.8494],[38.2197,-70.024],[39.0159,-70.1983],[38.8036,-69.9877],[39.1926,-69.8925],[39.2088,-69.7066],[39.7787,-69.6114],[39.709,-69.0212],[39.8579,-68.8295],[42.5361,-68.3796],[42.8286,-68.0964],[44.8032,-67.9763],[44.618,-67.8604],[44.9732,-67.7311],[46.4016,-67.7454],[46.406,-67.6194],[46.6227,-67.59],[46.2345,-67.4487],[46.48,-67.2753],[47.4411,-67.4094],[46.9196,-67.5065],[47.3272,-67.5665],[47.0938,-67.7052],[47.6345,-67.6603],[47.3587,-67.7731],[47.9113,-67.649],[48.4546,-67.7302],[48.1712,-67.8888],[48.3827,-68.0234],[48.7181,-67.7293],[48.582,-67.4748],[49.4053,-67.2233],[48.4758,-67.1881],[48.3611,-67.0164],[49.2165,-66.8189],[49.3475,-66.9547],[49.1599,-67.0009],[49.8828,-67.0782],[49.6975,-67.2885],[50.1477,-67.1153],[50.8812,-67.2162],[50.9554,-67.114],[50.4593,-67.0688],[50.4458,-66.9401],[50.8298,-66.7747],[50.2395,-66.7431],[50.322,-66.3938],[51.7721,-66.0372],[53.7902,-65.8454],[55.1834,-65.9309],[56.3991,-66.4627],[56.8078,-66.4055],[57.2761,-66.5812],[57.2814,-66.7088],[57.0147,-66.7293],[55.9919,-66.5857],[56.7068,-66.8997],[56.2717,-66.8757],[56.1541,-66.9518],[56.3672,-67.0102],[55.7322,-67.2636],[56.1535,-67.1961],[56.1707,-67.4089],[56.5584,-67.1098],[57.5935,-66.9899],[58.1365,-67.0984],[58.0469,-67.225],[58.9159,-67.1775],[59.0938,-67.2447],[58.5488,-67.2302],[59.5129,-67.6064],[59.6575,-67.3972],[60.4666,-67.3698],[61.2432,-67.5905],[62.6174,-67.6601],[63.6509,-67.5034],[68.3767,-67.8952],[69.639,-67.7633],[69.6348,-68.1222],[70.1797,-68.4948],[69.6316,-68.5886],[69.672,-68.7136],[69.2813,-68.8313],[69.8576,-68.8725],[69.3039,-69.0473],[69.7264,-69.1697],[69.7401,-69.2961],[68.742,-69.3893],[68.8977,-69.4547],[68.7334,-69.5509],[69.3552,-69.6171],[68.8827,-69.7409],[69.2069,-69.7979],[69.0222,-69.9485],[68.5726,-70.0209],[68.177,-69.7197],[67.2179,-70.2628],[67.7127,-70.2755],[67.9761,-70.4542],[68.5627,-70.4724],[68.9235,-70.3046],[69.2575,-70.4316],[68.8965,-71.0362],[68.055,-71.3547],[67.8325,-71.5385],[67.8706,-71.6822],[67.2622,-72.0812],[67.3151,-72.3279],[66.9774,-72.9264],[66.3259,-73.1314],[67.2232,-73.3124],[68.0223,-73.1467],[68.1174,-72.9527],[67.9211,-72.693],[68.3328,-72.5075],[69.5593,-72.464],[69.9505,-72.2581],[69.8569,-72.1193],[70.7295,-71.9461],[70.447,-71.8302],[71.5398,-71.6103],[71.1582,-71.4561],[71.5359,-71.2455],[71.3416,-71.1821],[71.8482,-70.8447],[71.7268,-70.774],[72.8528,-70.4448],[72.6395,-70.1603],[73.4055,-69.7975],[73.7048,-69.8625],[74.0749,-69.7127],[74.3027,-69.9196],[75.0911,-69.9371],[75.2752,-69.8105],[75.4168,-69.942],[75.9163,-69.7828],[75.8205,-69.5251],[77.8416,-69.1301],[78.044,-69.0026],[77.9856,-68.8201],[78.6699,-68.6985],[78.4583,-68.6501],[78.5599,-68.3647],[79.1314,-68.1477],[82.5862,-67.6034],[83.616,-67.6384],[83.3867,-67.4465],[84.4387,-67.116],[85.6165,-67.1882],[87.9657,-66.7703],[90.3987,-66.8196],[91.9601,-66.4982],[93.6235,-66.5826],[93.7393,-66.7472],[94.9172,-66.4754],[95.5562,-66.7106],[97.0807,-66.4923],[97.6953,-66.6786],[98.2478,-66.4479],[98.5371,-66.4544],[98.5398,-66.6227],[99.0693,-66.4899],[98.7165,-66.6428],[98.8262,-66.9099],[99.0173,-66.6945],[99.5296,-66.5574],[99.5602,-66.6721],[100.2796,-66.4311],[100.5,-66.5187],[100.6439,-66.4577],[100.4706,-66.3974],[100.855,-66.3797],[101.4762,-66.0584],[101.1687,-66.0295],[101.3364,-65.944],[102.7137,-65.8613],[107.7791,-66.5517],[107.8792,-66.6331],[107.7098,-66.8476],[108.207,-66.6267],[108.8587,-66.9714],[110.4177,-66.6559],[110.7442,-66.7145],[110.6019,-66.5295],[110.7249,-66.4055],[110.489,-66.3088],[110.9271,-66.0546],[113.2036,-65.7654],[114.4299,-66.226],[114.3094,-66.357],[114.4834,-66.4152],[114.3224,-66.509],[115.1135,-66.4781],[115.6494,-66.6145],[115.7808,-66.7883],[115.3874,-67.0038],[114.0301,-67.1907],[113.7044,-67.5002],[116.3589,-67.1497],[116.9429,-66.9482],[116.8831,-67.1368],[118.4281,-67.0318],[118.2532,-67.1477],[118.46,-67.1843],[120.446,-66.9777],[118.7322,-67.2789],[118.9567,-67.4225],[124.0151,-66.5888],[124.7168,-66.7592],[125.9406,-66.3023],[126.3723,-66.5616],[126.4304,-66.3547],[126.8543,-66.4493],[126.5695,-66.6658],[126.8192,-66.6913],[126.6821,-66.8454],[127.0628,-66.8487],[127.0814,-67.1354],[127.3636,-66.9311],[127.4011,-67.0676],[128.5205,-67.1458],[128.7635,-67.0258],[129.0646,-67.1744],[129.4445,-66.9592],[129.7217,-66.4382],[130.1027,-66.2768],[133.2756,-66.0802],[134.4265,-66.3115],[134.1641,-66.5128],[135.1785,-66.3315],[135.343,-66.1007],[135.6296,-66.3474],[136.1284,-66.2355],[136.6567,-66.5408],[136.736,-66.3487],[137.4579,-66.3448],[138.1416,-66.4987],[138.1333,-66.624],[138.6414,-66.5229],[139.6776,-66.6305],[139.867,-66.6918],[139.8228,-66.797],[141.9817,-66.8],[142.4771,-67.026],[143.5083,-66.8447],[143.861,-66.9197],[143.7515,-67.1394],[144.1148,-67.1774],[144.3156,-67.0027],[144.6624,-67.1166],[144.3215,-67.1716],[144.5142,-67.2346],[144.0857,-67.4247],[144.1897,-67.5956],[143.8567,-67.8119],[143.9526,-67.9459],[145.2798,-67.5157],[145.6159,-67.7371],[146.0481,-67.5866],[146.301,-67.8513],[146.529,-67.7703],[146.4102,-67.9518],[146.8728,-67.9376],[146.6023,-68.1785],[147.0647,-68.0388],[146.718,-68.3034],[147.1079,-68.294],[147.0304,-68.4156],[149.7849,-68.4869],[149.8836,-68.4636],[149.6836,-68.3693],[150.9566,-68.343],[151.1141,-68.4561],[151.0249,-68.777],[151.5669,-68.9168],[151.5733,-68.6926],[151.9238,-68.6668],[153.093,-68.8792],[153.845,-68.7604],[153.7004,-68.5457],[153.8652,-68.4937],[153.682,-68.3761],[153.8359,-68.2736],[154.7185,-68.5283],[154.7692,-68.6218],[154.4504,-68.6257],[154.5183,-68.804],[154.7947,-68.7109],[155.6375,-69.1342],[155.7571,-69.1012],[155.5368,-68.9836],[155.7754,-68.9469],[156.3501,-69.2019],[157.1398,-69.1613],[157.4225,-69.4372],[157.6462,-69.3824],[157.5335,-69.232],[157.9053,-69.1695],[158.8171,-69.3163],[159.1001,-69.5129],[159.7536,-69.5019],[160.3345,-69.7961],[159.7612,-69.8852],[159.8783,-69.9904],[160.7598,-70.102],[161.4517,-70.686],[161.3612,-70.901],[161.933,-70.9073],[162.3408,-71.1095],[162.4285,-71.0317],[162.0381,-70.8295],[161.9979,-70.4384],[162.5952,-70.2691],[163.1703,-70.5876],[163.8665,-70.6266],[163.895,-70.782],[164.1999,-70.6393],[164.0276,-70.5323],[164.2404,-70.4911],[167.7009,-70.7913],[167.8701,-70.9239],[167.14,-70.9964],[168.1013,-71.1085],[167.7599,-71.228],[168.6698,-71.1828],[170.1828,-71.6744],[170.3618,-71.544],[170.2824,-71.2988],[170.9661,-71.8346],[170.5853,-72.0074],[170.334,-71.8009],[170.0164,-72.1708],[169.7726,-72.2201],[170.0099,-72.2878],[169.8853,-72.4299],[170.2824,-72.3263],[170.2554,-72.603],[168.3162,-72.3736],[169.9325,-72.7359],[169.5823,-73.0805],[169.1722,-73.1031],[169.2146,-73.2765],[168.3941,-72.9719],[168.3342,-73.1655],[167.1714,-73.153],[166.3408,-72.9039],[166.7668,-73.0649],[166.7776,-73.3653],[167.0952,-73.2521],[167.9294,-73.3587],[166.8491,-73.5905],[166.1398,-73.482],[166.2185,-73.5662],[165.8171,-73.5782],[166.2942,-73.7258],[165.583,-73.8051],[165.7931,-73.8725],[165.6519,-73.9137],[165.199,-73.8591],[165.2367,-73.6066],[165.032,-73.4109],[165.3582,-73.34],[164.5261,-73.3302],[164.8938,-73.4835],[164.7146,-73.7817],[164.8709,-73.9316],[165.3088,-74.0304],[164.4108,-73.9433],[164.8182,-74.0402],[164.8599,-74.2092],[165.4578,-74.4944],[165.4347,-74.629],[164.3408,-74.5021],[163.6847,-74.6157],[163.4699,-74.342],[163.0986,-74.4189],[163.2708,-74.5418],[163.0453,-74.7078],[162.813,-74.6038],[162.5833,-74.8502],[162.3638,-74.8416],[162.7861,-74.99],[162.5462,-75.1012],[162.5952,-75.2237],[160.5824,-75.3784],[162.1911,-75.3878],[162.3067,-75.5294],[162.0296,-75.5742],[162.9001,-75.8229],[162.5405,-75.9218],[162.7361,-76.0739],[162.0923,-76.2022],[162.7515,-76.2351],[162.8843,-76.4391],[162.4232,-76.6393],[162.9746,-76.7897],[162.3018,-76.9513],[163.1629,-77.0436],[163.8241,-77.4308],[163.5051,-77.5694],[163.7188,-77.6149],[163.4401,-77.6686],[164.2433,-77.7819],[163.7285,-77.8792],[164.5567,-77.8896],[164.4011,-78.086],[163.8421,-78.227],[164.6397,-78.3256],[165.4944,-78.0186],[165.6043,-78.1225],[165.3371,-78.1989],[165.7085,-78.2712],[165.7302,-78.3996],[167.0581,-78.509],[167.2278,-78.6692],[164.4097,-78.6039],[163.065,-78.7369],[162.6216,-78.9452],[162.4819,-78.779],[161.7605,-78.6104],[161.824,-78.4812],[161.5529,-78.5055],[161.3359,-78.5812],[162.0654,-79.0686],[161.0037,-78.9337],[161.1981,-78.9622],[160.387,-79.1681],[161.0342,-79.4748],[159.635,-79.5256],[159.8755,-79.662],[160.8405,-79.6184],[159.4961,-79.8195],[161.4706,-79.9016],[158.173,-80.4195],[160.7749,-80.3832],[161.0401,-80.498],[159.7542,-80.5707],[161.1799,-80.6378],[161.0093,-80.7586],[161.3464,-80.7844],[159.4976,-80.843],[160.8761,-80.9146],[160.5474,-81.0068],[160.8245,-81.0982],[160.5415,-81.1192],[161.1424,-81.2444],[160.132,-81.2037],[160.6262,-81.3167],[160.3499,-81.3928],[161.4541,-81.4235],[161.0115,-81.5488],[162.4793,-81.6891],[162.6204,-81.7543],[162.2375,-81.8248],[162.8937,-81.8072],[163.1022,-81.8737],[162.6104,-81.9123],[163.9168,-82.1901],[160.6397,-82.4229],[160.8021,-82.492],[163.4395,-82.5452],[163.1648,-82.4495],[164.6732,-82.3388],[165.5593,-82.4934],[165.3733,-82.6061],[167.4085,-82.925],[167.1069,-82.9697],[168.5928,-82.999],[168.8688,-83.1459],[168.0769,-83.1839],[168.5342,-83.2337],[168.4152,-83.2669],[166.9988,-83.1992],[168.0317,-83.3596],[171.1931,-83.4456],[171.5769,-83.5003],[170.9243,-83.5343],[173.7214,-83.7636],[173.2913,-83.8564],[173.409,-83.8781],[174.9739,-83.8305],[175.4431,-83.9033],[175.1618,-83.9573],[175.301,-83.9845],[178.5276,-84.1214],[178.4063,-84.1555],[180,-84.3528],[180,-90],[-180,-90],[-180,-84.3528],[-168.2547,-84.6482],[-167.4418,-84.8674],[-162.8489,-84.8831],[-156.0084,-85.2219],[-156.9275,-85.1952],[-155.504,-85.1261],[-157.6372,-84.8972],[-155.5892,-84.8405],[-166.4235,-84.3703],[-163.0011,-84.363],[-165.1544,-84.138],[-163.7028,-84.0499],[-164.9796,-83.7965],[-168.0826,-83.7796],[-168.2595,-83.7436],[-167.6772,-83.7442],[-169.0757,-83.4892],[-168.7799,-83.4757],[-171.741,-83.2272],[-170.9567,-83.2619],[-174.3696,-82.7789],[-171.4083,-82.9538],[-170.7195,-83.197],[-169.5997,-83.3105],[-169.7346,-83.2444],[-165.0863,-83.2021],[-164.6573,-83.4981],[-164.1773,-83.5271],[-164.1662,-83.3961],[-163.134,-83.3155],[-162.1691,-83.5247],[-159.1934,-83.5444],[-157.5553,-83.3902],[-156.9177,-83.2302],[-158.5579,-83.1327],[-155.5922,-83.0461],[-155.0588,-82.8019],[-152.5429,-82.5481],[-154.8389,-81.9448],[-153.6924,-81.747],[-153.8164,-81.6812],[-157.0958,-81.2664],[-147.628,-80.9202],[-149.4617,-80.7192],[-148.2577,-80.6363],[-151.0116,-80.4295],[-149.9683,-80.3937],[-150.8032,-80.2455],[-150.1337,-80.1857],[-150.3697,-80.0746],[-147.5548,-80.0512],[-148.9499,-79.9726],[-148.1943,-79.9713],[-148.9997,-79.8608],[-147.0671,-79.9086],[-152.4142,-79.2639],[-151.7201,-79.0838],[-152.935,-79.1701],[-154.9698,-79.0348],[-156.5283,-78.6637],[-153.8151,-78.2332],[-156.6252,-78.1428],[-157.1996,-78.2527],[-158.3439,-77.9744],[-158.64,-77.8486],[-158.1181,-77.5558],[-158.3295,-77.3429],[-158.2202,-77.0737],[-157.0218,-77.3587],[-156.4671,-77.2607],[-156.8336,-77.1877],[-156.5903,-77.1124],[-155.8655,-77.0597],[-153.3172,-77.3381],[-153.8624,-77.4426],[-152.5754,-77.502],[-152.3507,-77.3027],[-149.975,-77.8162],[-149.2453,-77.7575],[-149.7855,-77.6246],[-148.8845,-77.7072],[-148.6737,-77.6749],[-148.8147,-77.5615],[-147.7582,-77.4617],[-149.0555,-77.3202],[-148.7697,-77.1047],[-147.8468,-77.2638],[-147.6614,-77.423],[-146.9762,-77.2359],[-146.3751,-77.5031],[-145.4628,-77.5232],[-145.9551,-77.3634],[-145.8098,-77.3479],[-145.9534,-77.2331],[-145.246,-77.2324],[-146.3814,-77.0031],[-145.31,-77.0587],[-145.9636,-76.8575],[-145.4626,-76.7516],[-147.0817,-76.4328],[-148.4528,-76.506],[-149.709,-76.3767],[-148.1971,-76.0871],[-145.3546,-76.4345],[-146.4996,-76.087],[-146.2092,-75.9155],[-144.2213,-75.8212],[-143.9718,-75.6961],[-144.3572,-75.624],[-142.6794,-75.5618],[-142.467,-75.4317],[-141.8614,-75.5212],[-141.5272,-75.7675],[-140.6465,-75.8072],[-141.3265,-75.5268],[-140.277,-75.4326],[-139.5666,-75.148],[-137.7423,-75.0606],[-136.346,-75.1778],[-137.0099,-75.0099],[-136.8343,-74.7604],[-135.7018,-74.7473],[-135.42,-74.5651],[-134.5186,-74.6432],[-134.5863,-74.7363],[-134.4147,-74.859],[-133.8655,-74.9283],[-132.0931,-74.7633],[-129.9751,-74.9133],[-127.2447,-74.6801],[-121.7725,-74.7861],[-118.8671,-74.6025],[-118.6165,-74.5222],[-119.1383,-74.5034],[-117.9708,-74.2581],[-117.7858,-74.5175],[-116.6935,-74.5579],[-115.9067,-74.3854],[-115.6493,-74.5309],[-114.8743,-74.4816],[-115.1249,-74.0949],[-114.21,-73.8635],[-113.9518,-73.9146],[-114.2423,-74.0783],[-113.4396,-74.0997],[-113.9478,-74.2564],[-113.6852,-74.2966],[-113.8013,-74.4518],[-113.2251,-74.4021],[-114.357,-74.6959],[-113.8267,-74.713],[-114.2781,-75.0197],[-114.1058,-75.0689],[-111.5426,-74.8015],[-111.9261,-74.5512],[-111.3256,-74.4755],[-111.9048,-74.2824],[-111.5926,-74.1725],[-110.5549,-74.2441],[-110.1031,-74.5486],[-110.2944,-74.7819],[-111.6187,-75.1974],[-111.3042,-75.2409],[-109.6929,-75.1461],[-106.5913,-75.3786],[-105.0265,-75.1078],[-101.7607,-75.0829],[-101.5642,-75.1467],[-101.6569,-75.3054],[-101.1127,-75.4321],[-98.4022,-75.2364],[-99.3797,-75.1127],[-99.4385,-74.9133],[-100.5223,-74.8909],[-99.9193,-74.7698],[-100.1134,-74.631],[-99.8009,-74.5367],[-101.3959,-74.5027],[-101.295,-74.2748],[-101.5892,-74.0002],[-102.8486,-73.9216],[-102.8039,-73.717],[-102.9986,-73.6096],[-100.6321,-73.7822],[-98.8677,-73.5939],[-99.5877,-73.5226],[-99.4056,-73.4866],[-99.7681,-73.3642],[-102.8736,-73.3082],[-103.3067,-73.1471],[-103.4299,-72.8494],[-103.0414,-72.7076],[-102.094,-72.7717],[-102.7169,-72.9977],[-101.9603,-73.0556],[-97.7174,-73.0253],[-97.9812,-73.1694],[-95.8427,-73.3315],[-92.8014,-73.1428],[-91.0774,-73.3366],[-89.2303,-73.1113],[-89.0541,-72.9291],[-89.3485,-72.6345],[-88.1735,-72.7321],[-88.1088,-72.8434],[-88.714,-73.1198],[-88.4069,-73.2706],[-87.3495,-73.1696],[-86.9465,-73.3836],[-85.6786,-73.1775],[-85.5316,-73.3853],[-85.1015,-73.4871],[-83.7517,-73.5602],[-83.8093,-73.7413],[-82.9337,-73.7104],[-82.1371,-73.8897],[-81.1847,-73.7042],[-81.0863,-73.5945],[-81.3555,-73.3238],[-81.2347,-73.248],[-80.1968,-73.402],[-80.651,-73.0844],[-80.4925,-72.9533],[-79.6475,-73.0387],[-78.7819,-73.338],[-78.845,-73.6088],[-76.7183,-73.5235],[-77.2424,-73.8124],[-77.0808,-73.8793],[-75.2681,-73.6212],[-74.0253,-73.7239],[-73.0731,-73.4444],[-68.7797,-73.108],[-67.5111,-72.8341],[-66.7508,-72.1131],[-67.6226,-71.4334],[-67.4111,-70.9929],[-67.9494,-70.3118],[-68.4838,-70.0527],[-68.3619,-69.6834],[-68.8249,-69.4313],[-68.3088,-69.404],[-68.2789,-69.2813],[-67.3923,-69.5027],[-67.253,-69.273],[-66.7591,-69.0712],[-67.4807,-68.8419],[-66.9592,-68.7481],[-67.1747,-68.5253],[-66.8607,-68.3676],[-67.1571,-68.3022],[-66.6251,-68.2467],[-66.9459,-68.2228],[-67.2687,-67.9687],[-66.8506,-67.9137],[-66.7671,-67.7752],[-67.0803,-67.7799],[-66.5102,-67.5279],[-67.6107,-67.547],[-67.4762,-67.0541],[-66.9507,-66.9389],[-66.9809,-67.2763],[-66.7089,-67.1905],[-66.4628,-67.3366],[-66.4442,-67.0854],[-66.6142,-67.038],[-66.4203,-66.8819],[-66.5479,-66.6502],[-65.6894,-66.6837],[-65.7667,-66.6018],[-65.5504,-66.4002],[-65.8724,-66.2989],[-65.7055,-66.15],[-65.0909,-66.1501],[-65.2598,-65.9575],[-64.5841,-66.0335],[-64.4877,-65.9505],[-64.6714,-65.7526],[-64.3353,-65.7166],[-64.4787,-65.6314],[-64.0451,-65.6931],[-64.2269,-65.5533],[-64.0819,-65.5148],[-63.7952,-65.6057],[-63.6823,-65.5239],[-64.09,-65.4133],[-63.9845,-65.3699],[-64.0797,-65.1653],[-63.8739,-65.046],[-63.0836,-65.1661],[-63.0054,-65.0354],[-63.2338,-64.9653],[-62.7941,-64.8127],[-62.4072,-64.8766],[-62.6738,-64.7773],[-62.4955,-64.5986],[-62.1418,-64.7848],[-61.8057,-64.4929],[-61.5788,-64.662],[-61.6058,-64.5322],[-61.4323,-64.5456],[-61.5829,-64.4426],[-60.9417,-64.2819],[-60.8408,-64.1642],[-60.9857,-64.0645],[-59.97,-63.9581],[-59.8074,-63.7717],[-59.4291,-63.9099],[-59.3523,-63.7086],[-58.9361,-63.6692],[-58.8985,-63.5402],[-57.3687,-63.2179],[-57.0294,-63.281],[-56.7758,-63.6038],[-57.1244,-63.6545],[-57.1268,-63.5035],[-57.4454,-63.4444],[-57.4207,-63.5619],[-58.0977,-63.664],[-58.7047,-63.9948],[-58.8199,-64.2187],[-59.1079,-64.2273],[-58.7545,-64.2934],[-58.9495,-64.3574],[-58.8158,-64.5427],[-59.4639,-64.3106],[-59.6622,-64.3915],[-59.5911,-64.588],[-60.0073,-64.3984],[-60.422,-64.5248],[-60.3609,-64.6436],[-61.0517,-65.0109],[-61.7287,-64.9687],[-61.6276,-65.2414],[-62.1983,-65.3045],[-61.701,-65.5457],[-62.3619,-65.8142],[-62.0228,-66.1115],[-61.596,-66.1656],[-61.6471,-66.0336],[-61.3091,-66.0866],[-61.2755,-65.9125],[-61.0312,-66.0359],[-61.0067,-65.9128],[-60.5471,-65.9583],[-60.7084,-66.1308],[-61.0241,-66.0828],[-60.8759,-66.1876],[-60.9947,-66.3415],[-61.4687,-66.1144],[-61.4935,-66.2599],[-61.7804,-66.213],[-61.7509,-66.4777],[-61.9702,-66.1984],[-62.6683,-66.2275],[-62.7609,-66.3161],[-62.5145,-66.4782],[-62.7037,-66.5807],[-62.4579,-66.6433],[-62.6439,-66.7245],[-63.2108,-66.2487],[-63.8116,-66.1889],[-63.7121,-66.2504],[-63.8741,-66.2726],[-63.5734,-66.3912],[-63.9033,-66.3816],[-63.7613,-66.435],[-63.912,-66.5026],[-63.797,-66.5885],[-64.1349,-66.6432],[-63.7555,-66.8976],[-64.516,-66.905],[-64.6179,-66.7678],[-64.7738,-66.8456],[-64.7105,-66.9871],[-64.9638,-66.8967],[-64.9663,-67.0339],[-64.6901,-67.1484],[-65.0659,-67.2021],[-64.7491,-67.3073],[-65.616,-67.3689],[-65.5887,-67.5544],[-65.3375,-67.658],[-65.7067,-67.8595],[-65.3292,-67.9838],[-65.7607,-68.1657],[-64.7558,-68.1081],[-65.4939,-68.3171],[-64.9757,-68.4078],[-65.3474,-68.5338],[-65.2438,-68.6295],[-64.033,-68.8313],[-64.3258,-68.6422],[-62.8717,-68.4207],[-63.7606,-68.581],[-63.8129,-68.718],[-63.2123,-68.8386],[-63.8971,-68.9826],[-63.3035,-69.0556],[-63.4355,-69.158],[-62.3973,-69.5152],[-62.5297,-69.8639],[-61.8687,-70.2083],[-62.3935,-70.2188],[-62.4072,-70.4055],[-62.1703,-70.4216],[-62.1449,-70.5525],[-61.3542,-70.5611],[-62.1293,-70.7234],[-62.0326,-70.903],[-61.305,-70.8561],[-61.3712,-71.0157],[-60.9346,-71.1822],[-61.2774,-71.2244],[-60.9838,-71.3668],[-61.4174,-71.3225],[-61.1293,-71.4148],[-62.1122,-71.6398],[-61.5572,-71.6906],[-61.1413,-71.5329],[-60.7978,-71.7815],[-62.4409,-71.9196],[-62.1122,-72.0095],[-62.3491,-72.0976],[-62.2543,-72.1352],[-61.6743,-72.0466],[-61.167,-72.1699],[-60.6938,-71.9978],[-60.6886,-72.1202],[-61.0719,-72.1913],[-60.6872,-72.2309],[-60.998,-72.3562],[-60.6426,-72.4299],[-61.4647,-72.4073],[-61.2154,-72.6381],[-61.4203,-72.6458],[-61.1366,-72.7833],[-60.5524,-72.6559],[-60.4917,-72.7912],[-60.7635,-73.0745],[-59.9494,-72.8952],[-60.0266,-73.279],[-60.5986,-73.1848],[-60.7344,-73.398],[-60.8779,-73.242],[-61.0828,-73.3474],[-61.2296,-73.2018],[-62.0651,-73.1305],[-61.6461,-73.252],[-62.0018,-73.2306],[-61.5685,-73.3531],[-61.9348,-73.3722],[-61.6878,-73.5359],[-60.7996,-73.5779],[-61.1456,-73.7379],[-60.7347,-73.7158],[-60.9866,-73.9553],[-61.692,-73.8862],[-61.791,-73.9067],[-61.5819,-73.9699],[-61.8593,-74.0299],[-61.0558,-74.0732],[-61.1335,-74.1642],[-61.9781,-74.2442],[-60.65,-74.254],[-60.9779,-74.4972],[-62.3639,-74.4035],[-61.7922,-74.779],[-62.526,-74.9972],[-62.7013,-74.678],[-63.2657,-74.6681],[-63.0769,-74.9085],[-64.0856,-74.9986],[-63.0409,-75.1472],[-64.4344,-75.3176],[-63.1616,-75.4094],[-66.2186,-76.0108],[-70.1809,-76.4506],[-69.7463,-76.4695],[-70.0499,-76.4987],[-69.8162,-76.5222],[-70.0995,-76.5652],[-69.8274,-76.6139],[-70.014,-76.6936],[-73.9368,-76.653],[-73.7666,-76.719],[-76.5416,-76.5168],[-76.7705,-76.5787],[-76.7083,-76.6744],[-77.6935,-76.4876],[-77.5236,-76.7297],[-76.8223,-77.0055],[-76.9999,-77.0364],[-75.5266,-77.5412],[-75.0804,-77.4371],[-72.7223,-77.5756],[-73.4656,-78.0147],[-74.2694,-78.1292],[-73.9333,-78.1124],[-74.0557,-78.1371],[-75.0474,-78.2316],[-80.7694,-77.6699],[-80.6569,-77.7249],[-81.6675,-77.8415],[-77.4125,-78.4196],[-77.3294,-78.5978],[-77.754,-78.7358],[-80.2952,-78.8468],[-82.487,-78.4658],[-83.7676,-77.968],[-83.5913,-78.2263],[-82.9449,-78.4733],[-83.6813,-78.3272],[-83.8861,-78.4194],[-83.2535,-78.7727],[-81.1057,-79.2034],[-81.3193,-79.2985],[-81.1685,-79.4482],[-80.4923,-79.5779],[-80.4294,-79.2585],[-76.5326,-79.3129],[-76.0663,-79.4353],[-75.9245,-79.5422],[-76.0976,-79.7336],[-76.6322,-79.9392],[-79.6873,-79.9826],[-78.2732,-80.1782],[-76.2745,-80.0811],[-76.0951,-80.2941],[-75.4141,-80.4885],[-75.712,-80.6381],[-74.9495,-80.7702],[-75.7709,-80.8376],[-75.5541,-80.8914],[-74.1042,-80.7962],[-72.5889,-80.9614],[-72.4623,-80.7504],[-70.8206,-80.6101],[-70.4015,-80.6681],[-70.3971,-80.8233],[-69.9758,-80.976],[-68.4487,-80.9771],[-68.0571,-81.0383],[-68.3717,-81.1103],[-65.1743,-81.5123],[-62.2113,-81.5921],[-62.0836,-81.6457],[-65.6917,-81.7105],[-63.4761,-81.8373],[-66.2558,-81.948],[-65.6298,-81.9866],[-65.9437,-82.0958],[-66.0624,-82.1954],[-65.8627,-82.2448],[-66.0303,-82.3116],[-65.2335,-82.2569],[-65.0726,-82.406],[-60.4012,-82.1702],[-62.795,-82.5197],[-61.9325,-82.9723],[-62.1808,-83.0341],[-61.0657,-82.9098],[-60.9749,-83.0055],[-61.1125,-83.1648],[-61.8515,-83.3676],[-60.8996,-83.388],[-61.1136,-83.4479],[-60.9523,-83.4763],[-59.47,-83.4601],[-55.9161,-82.477],[-55.2248,-82.5178],[-55.0155,-82.3523],[-53.9247,-82.2061],[-54.3035,-82.1917],[-50.7632,-81.9588],[-48.1882,-81.8915],[-47.3804,-81.9235],[-47.2638,-81.97],[-47.5846,-82.0204],[-47.2555,-82.0722],[-46.2792,-81.9098],[-45.9488,-82.1257],[-46.6888,-82.4055],[-45.5204,-82.5266],[-44.1371,-82.2447],[-44.0135,-82.263],[-44.153,-82.3893],[-44.0111,-82.3912],[-43.1598,-82.1247],[-43.1656,-81.886],[-41.9414,-81.6114],[-41.5879,-81.3401],[-38.7911,-80.8596],[-37.2303,-81.0893],[-35.215,-80.6954],[-35.4668,-80.6481],[-35.3584,-80.6153],[-33.4762,-80.6154],[-33.1776,-80.5546],[-33.4648,-80.4977],[-32.0305,-80.4352],[-30.3502,-80.4999],[-31.3195,-80.3089],[-22.5325,-79.9171],[-24.262,-79.8224],[-24.2562,-79.7151],[-30.6732,-79.5881],[-29.5414,-79.28],[-30.5415,-79.2751],[-29.9418,-79.1114],[-30.2392,-79.0343],[-32.8202,-79.2439],[-34.2181,-79.1381],[-36.2513,-78.8517],[-36.4438,-78.634],[-36.0218,-78.2159],[-35.581,-78.1505],[-35.3129,-77.8444],[-34.4997,-77.852],[-34.7739,-77.6874],[-34.3205,-77.4664],[-32.5006,-77.1262],[-31.915,-77.1508],[-31.6961,-76.9767],[-28.8591,-76.3533],[-24.2137,-75.7564],[-21.2696,-75.7143],[-20.3995,-75.4721],[-18.2514,-75.4602],[-18.8735,-75.2494],[-17.8022,-74.7765],[-17.9657,-74.6379],[-17.6232,-74.5852],[-17.5708,-74.3696],[-15.1955,-74.3605],[-15.3021,-74.2214],[-14.3618,-73.8577],[-16.517,-73.8852],[-15.8258,-73.7887],[-16.5832,-73.6863],[-16.4385,-73.4133],[-15.5666,-73.0793],[-13.9168,-73.1059],[-14.0146,-73.0663],[-13.8953,-72.9867],[-14.3907,-72.7131],[-13.3794,-72.8361],[-11.464,-72.4415],[-11.24,-72.1765],[-11.383,-72.1721],[-11.0323,-72.0489],[-10.8472,-71.7809],[-12.1503,-71.6364],[-12.3807,-71.3954],[-12.2086,-71.3027],[-11.6601,-71.2765],[-11.6511,-71.4098],[-10.7581,-71.5774],[-10.6003,-71.527],[-10.6535,-71.325],[-9.9888,-71.1193],[-10.4501,-70.991],[-10.0697,-70.9119],[-9.8852,-71.0842],[-9.0545,-71.2067],[-9.1345,-71.4057],[-8.7507,-71.4736],[-8.7465,-71.7008],[-8.1626,-71.5766],[-7.6514,-71.6579],[-7.7738,-71.4469],[-7.5685,-71.3346],[-7.5642,-71.1506],[-7.9619,-70.8731],[-7.2843,-70.7912],[-6.6183,-70.924],[-6.4298,-70.7379],[-6.0136,-70.6798],[-5.5666,-70.8417],[-6.2811,-71.3106],[-6.1498,-71.3663],[-3.9372,-71.2941],[-3.4922,-71.5227],[-3.2902,-71.2872],[-2.6775,-71.2574],[-2.1068,-71.4854],[-1.3954,-71.4435],[-1.1376,-71.2553],[-0.8128,-71.3775],[-0.9521,-71.6236],[-0.5185,-71.7652],[-0.0003,-71.499]]],[[[-56.6683,-36.7364],[-57.5584,-38.1209],[-58.1557,-38.4301],[-61.1434,-39.0011],[-62.3798,-38.7984],[-62.3256,-39.2547],[-62.0231,-39.377],[-62.2839,-39.3107],[-62.0506,-39.4747],[-62.1195,-39.8383],[-62.305,-39.8111],[-62.4901,-40.3079],[-62.2642,-40.5515],[-62.3297,-40.6691],[-62.1815,-40.6266],[-62.3378,-40.8727],[-63.0536,-41.1471],[-63.6218,-41.1609],[-64.9112,-40.8238],[-64.7962,-40.7233],[-65.1317,-40.8424],[-65.005,-42.0932],[-64.4809,-42.2547],[-64.6023,-42.4221],[-64.4451,-42.4467],[-64.1036,-42.4278],[-64.0684,-42.2696],[-64.3397,-42.2374],[-63.7686,-42.0777],[-63.598,-42.3],[-63.6203,-42.7512],[-64.1079,-42.8837],[-64.4377,-42.5069],[-64.946,-42.6542],[-64.9971,-42.7848],[-64.3021,-42.9809],[-64.9439,-43.2394],[-65.3308,-43.6633],[-65.2169,-44.3664],[-65.7271,-44.8096],[-65.5214,-44.9319],[-66.9293,-45.2565],[-67.5785,-45.9929],[-67.4232,-46.5674],[-66.7864,-47.0066],[-65.7449,-47.2042],[-65.8456,-47.7422],[-66.3892,-47.8639],[-65.9018,-47.77],[-65.762,-47.9486],[-67.5565,-49.0158],[-67.8309,-49.3796],[-67.6077,-49.2651],[-67.8949,-49.9969],[-68.3419,-50.1176],[-68.7397,-49.7277],[-68.5773,-49.9276],[-69.0135,-50.0077],[-68.5835,-49.9703],[-68.3499,-50.1488],[-68.8764,-50.3306],[-69.1368,-50.9035],[-69.4107,-51.0839],[-69.1678,-50.9782],[-68.9626,-51.5602],[-69.6168,-51.6252],[-68.9735,-51.62],[-68.3625,-52.3391],[-69.2347,-52.2031],[-69.6724,-52.5309],[-70.8638,-52.7214],[-70.7388,-52.7839],[-70.8892,-52.9136],[-70.9736,-53.756],[-71.285,-53.886],[-72.1039,-53.6891],[-72.4533,-53.4073],[-72.2823,-53.2428],[-72.0804,-53.329],[-72.2417,-53.4345],[-72.0925,-53.4226],[-71.8556,-53.2254],[-71.7892,-53.4413],[-72.008,-53.5543],[-71.8142,-53.5207],[-71.7424,-53.2234],[-71.1188,-52.9196],[-71.3988,-52.7282],[-72.022,-53.1254],[-72.5631,-53.0789],[-72.1914,-53.1806],[-72.6451,-53.3178],[-72.3646,-53.5369],[-73.2928,-53.1657],[-72.7196,-53.2926],[-72.796,-53.1733],[-72.6526,-53.1534],[-72.9337,-53.1048],[-72.9604,-52.825],[-71.4781,-52.6461],[-72.2816,-52.5138],[-72.4193,-52.653],[-72.5491,-52.5916],[-72.3896,-52.5076],[-72.858,-52.5022],[-72.9884,-52.7043],[-72.6739,-52.6525],[-73.0156,-52.8417],[-72.9796,-53.0548],[-73.1985,-53.1049],[-73.456,-52.9865],[-73.2139,-52.8878],[-73.5637,-52.7971],[-73.2331,-52.7906],[-73.3066,-52.7154],[-73.004,-52.5583],[-73.0916,-52.4938],[-72.9058,-52.496],[-73.195,-52.4299],[-73.2689,-52.6736],[-73.3936,-52.5441],[-73.6995,-52.7145],[-73.4949,-52.4755],[-73.6662,-52.424],[-73.5806,-52.2084],[-73.735,-52.03],[-73.303,-52.2218],[-72.9978,-52.0649],[-73.0793,-52.2371],[-72.8664,-52.2568],[-72.7549,-52.0568],[-72.8837,-52.1983],[-72.9474,-52.0497],[-72.8028,-51.9374],[-72.5359,-52.2218],[-72.9305,-52.4482],[-72.5222,-52.4483],[-72.6376,-52.3976],[-72.4669,-52.2043],[-72.6697,-51.961],[-72.469,-51.9293],[-72.4669,-51.7897],[-73.0771,-51.4197],[-73.2604,-51.4711],[-72.5495,-51.7413],[-72.7241,-51.8381],[-73.28,-51.6062],[-72.9945,-51.7897],[-73.2074,-51.8791],[-72.9194,-51.8586],[-73.2237,-52.0915],[-73.3862,-51.6525],[-73.3162,-52.1661],[-73.6456,-51.8487],[-73.3998,-52.0157],[-73.5892,-51.7496],[-73.4607,-51.6867],[-73.6995,-51.7853],[-73.812,-51.6886],[-73.7146,-51.6388],[-73.8995,-51.6252],[-73.8804,-51.3679],[-73.6045,-51.6114],[-73.7828,-51.2348],[-73.6827,-51.276],[-73.6941,-51.1393],[-74.1295,-51.1877],[-74.0714,-50.9537],[-74.2564,-50.9394],[-73.8033,-50.9605],[-73.7729,-50.6707],[-73.4744,-50.6725],[-73.7251,-50.5595],[-73.5637,-50.405],[-74.0427,-50.822],[-74.2974,-50.4806],[-73.8797,-50.5427],[-74.1289,-50.4229],[-74.0162,-50.3639],[-74.2526,-50.4405],[-74.2827,-50.2649],[-74.4393,-50.3571],[-74.6947,-50.183],[-74.3476,-50.0861],[-74.1944,-50.2597],[-73.8579,-50.2895],[-74.1937,-50.1865],[-74.3649,-49.9511],[-73.8859,-50.0766],[-74.0077,-49.9914],[-73.9064,-49.8569],[-74.0873,-49.9599],[-74.3483,-49.7921],[-74.0714,-49.7415],[-74.3268,-49.6772],[-74.0785,-49.5369],[-73.712,-49.7656],[-74.1235,-49.4226],[-74.0745,-49.2617],[-73.8449,-49.3498],[-74.0435,-49.0829],[-73.8218,-49.0423],[-74.0575,-49.0125],[-74.2411,-49.5279],[-74.4228,-49.3847],[-74.4687,-49.0317],[-74.3719,-48.7192],[-74.0572,-48.7403],[-74.3922,-48.5991],[-74.1971,-48.4733],[-73.9935,-48.5973],[-74.0286,-48.448],[-73.8927,-48.4113],[-74.2701,-48.3356],[-74.4687,-48.0278],[-74.6326,-48.0349],[-74.4154,-47.9837],[-74.2056,-48.2311],[-74.3309,-48.0004],[-73.7698,-48.0278],[-73.5563,-48.2468],[-73.2818,-48.0793],[-73.4818,-48.1233],[-73.6531,-47.898],[-73.2279,-48.0041],[-73.619,-47.8639],[-73.7214,-47.5274],[-73.9237,-47.8427],[-74.7356,-47.7187],[-74.5567,-47.5501],[-74.2051,-47.7566],[-74.3036,-47.6783],[-74.0435,-47.6095],[-74.5286,-47.4317],[-74.3247,-47.2189],[-73.9735,-47.255],[-73.9413,-47.0279],[-74.1532,-46.9672],[-74.1261,-46.8285],[-74.5916,-46.7255],[-74.4777,-46.7724],[-74.6735,-46.8491],[-74.4792,-46.9023],[-75.0065,-46.7535],[-75.0834,-46.6409],[-74.9342,-46.4376],[-75.661,-46.7672],[-75.4225,-46.714],[-75.4106,-46.9316],[-75.6502,-46.8732],[-75.7083,-46.6547],[-75.1963,-46.2983],[-75.0298,-46.342],[-75.0907,-46.2161],[-74.7772,-46.2122],[-74.6656,-45.8233],[-74.4534,-46.0164],[-74.3596,-45.7903],[-74.1031,-45.8368],[-74.1671,-46.1364],[-74.0614,-45.9809],[-73.9706,-46.0842],[-74.4899,-46.1894],[-73.8449,-46.342],[-74.0193,-46.2044],[-73.8818,-46.1418],[-73.7731,-46.3209],[-73.9892,-46.5597],[-73.7419,-46.5338],[-73.3446,-46.0265],[-73.6879,-46.322],[-73.6606,-45.9757],[-73.1858,-45.6625],[-73.5917,-45.7802],[-73.5109,-45.4518],[-73.2264,-45.3009],[-72.8306,-45.4181],[-73.4481,-45.2795],[-73.3044,-45.1448],[-73.3978,-44.9882],[-72.7277,-44.7586],[-72.598,-44.5053],[-72.5911,-44.3408],[-72.7219,-44.5014],[-73.29,-44.1524],[-73.1161,-44.0857],[-73.0127,-43.7721],[-72.8246,-43.8079],[-72.8472,-43.6795],[-73.0552,-43.7156],[-72.9058,-43.6077],[-73.0846,-43.3163],[-72.8649,-43.0187],[-72.7345,-43.0797],[-72.8403,-42.5248],[-72.5394,-42.5583],[-72.8437,-42.2783],[-72.5946,-42.1821],[-72.4198,-42.4396],[-72.4643,-41.9762],[-72.8886,-41.9108],[-72.3031,-41.6482],[-72.3031,-41.3808],[-72.4262,-41.664],[-72.9573,-41.4836],[-73.1417,-41.7548],[-73.515,-41.8036],[-73.7599,-41.7488],[-73.4949,-41.5104],[-73.7982,-41.5657],[-73.9406,-41.05],[-73.7285,-40.5442],[-73.7112,-39.9687],[-73.3788,-39.9005],[-73.2245,-39.4173],[-73.6804,-37.3478],[-73.6076,-37.1555],[-73.2091,-37.1603],[-73.2074,-36.7753],[-73.1186,-36.5971],[-72.9819,-36.6904],[-72.8002,-35.9781],[-72.5836,-35.7706],[-72.6466,-35.5666],[-72.2306,-35.1161],[-72.0185,-34.1408],[-71.6247,-33.5414],[-71.7619,-33.102],[-71.5682,-33.0019],[-71.4079,-32.3863],[-71.5421,-32.2052],[-71.7035,-30.5086],[-71.2866,-29.9103],[-71.522,-28.9401],[-70.9124,-27.6218],[-70.96,-27.1614],[-70.63,-26.341],[-70.74,-25.8293],[-70.4448,-25.3449],[-70.5828,-24.5248],[-70.3907,-23.5769],[-70.6316,-23.517],[-70.5622,-23.0598],[-70.2916,-22.902],[-70.0714,-21.5226],[-70.2138,-20.8116],[-70.1233,-19.9999],[-70.3036,-18.4454],[-71.3844,-17.6978],[-71.4977,-17.2971],[-75.0487,-15.4607],[-75.9307,-14.6493],[-76.394,-13.908],[-76.254,-13.8509],[-76.2211,-13.3576],[-76.7909,-12.381],[-77.1749,-12.0719],[-77.2109,-11.6464],[-77.6473,-11.2923],[-77.6705,-10.9275],[-78.1823,-10.1108],[-78.9857,-8.2174],[-79.4659,-7.7159],[-80.0045,-6.7409],[-81.1514,-5.9759],[-80.8562,-5.6505],[-81.1985,-5.2081],[-81.0634,-5.022],[-81.3376,-4.6783],[-81.289,-4.2978],[-80.5362,-3.5053],[-79.968,-3.2146],[-79.7251,-2.5698],[-79.8686,-2.1609],[-79.7656,-2.005],[-79.8961,-2.5434],[-80.0636,-2.5772],[-79.9297,-2.4841],[-80.0127,-2.3264],[-80.2555,-2.7302],[-80.9212,-2.3097],[-81.013,-2.1669],[-80.7807,-2.1428],[-80.7302,-1.9294],[-80.8556,-1.5883],[-80.7443,-1.3438],[-80.9096,-1.0449],[-80.5699,-0.9122],[-80.449,-0.6061],[-80.299,-0.6622],[-80.4965,-0.3814],[-80.0513,0.09],[-80.0758,0.8161],[-79.6558,1.0036],[-79.6149,0.8453],[-79.6149,0.9961],[-78.8129,1.2773],[-79.0215,1.6383],[-78.8461,1.8216],[-78.5712,1.7822],[-78.7032,2.1898],[-78.5741,2.4332],[-78.346,2.648],[-78.1325,2.4927],[-78.0961,2.6515],[-77.7604,2.5916],[-77.8124,2.7645],[-77.6197,2.9316],[-77.7218,2.982],[-77.4574,3.3561],[-77.3189,3.32],[-77.3218,3.5478],[-77.0316,3.9158],[-77.2532,3.8408],[-77.1892,4.0673],[-77.3462,3.9295],[-77.4352,4.0294],[-77.2363,4.2653],[-77.3872,4.3472],[-77.258,4.7041],[-77.381,5.403],[-77.5592,5.5031],[-77.2459,5.7342],[-77.4844,6.1888],[-77.3454,6.5661],[-77.6963,6.8492],[-77.6963,7.0745],[-78.1661,7.5126],[-78.4361,8.0583],[-78.1325,8.4053],[-77.7372,8.1303],[-78.0232,8.2905],[-78.1344,8.5617],[-78.0941,8.4109],[-78.2406,8.3835],[-78.2233,8.5418],[-78.3673,8.4245],[-78.4082,8.548],[-78.4156,8.3563],[-78.6142,8.7746],[-79.083,8.9888],[-79.0525,9.1308],[-79.1161,8.9941],[-79.5664,8.9595],[-79.7744,8.5795],[-80.4702,8.2206],[-80.0179,7.4568],[-80.8618,7.2057],[-81.0536,7.9112],[-81.218,7.8975],[-81.218,7.609],[-81.4241,7.671],[-81.7462,8.1918],[-82.1565,8.1577],[-82.1844,8.3432],[-82.8087,8.2957],[-82.8769,8.0239],[-83.1714,8.6375],[-83.4817,8.7126],[-83.2874,8.3767],[-83.7368,8.5927],[-83.5754,8.7883],[-83.6348,9.0441],[-84.6166,9.5781],[-84.7336,9.9669],[-85.2892,10.2823],[-84.8646,9.8292],[-85.1105,9.5554],[-85.2993,9.808],[-85.6638,9.9001],[-85.875,10.355],[-85.6653,10.7788],[-85.9464,10.8911],[-85.6702,11.0544],[-87.6709,12.8935],[-87.5839,13.0847],[-87.2896,12.9196],[-87.5122,13.2867],[-87.4006,13.4112],[-87.8383,13.4409],[-87.9282,13.1586],[-88.7228,13.2696],[-88.4617,13.1683],[-89.808,13.5269],[-90.5002,13.8947],[-91.3165,13.9557],[-92.2462,14.5463],[-92.7684,15.1715],[-94.1424,16.2268],[-94.4365,16.2456],[-93.9639,15.9975],[-94.7224,16.1997],[-94.5808,16.3265],[-94.7931,16.2576],[-94.8787,16.4246],[-95.0638,16.2683],[-94.767,16.1987],[-96.556,15.659],[-97.7727,15.9795],[-98.7769,16.5551],[-99.6633,16.6982],[-101.059,17.2642],[-101.9899,17.9748],[-102.1906,17.916],[-103.4984,18.3335],[-103.98,18.8749],[-104.9936,19.3422],[-105.5256,20.0319],[-105.6987,20.4069],[-105.2436,20.5836],[-105.5449,20.7681],[-105.2343,21.061],[-105.1866,21.4534],[-105.4484,21.631],[-105.7167,22.5142],[-105.9841,22.8568],[-106.4298,23.1851],[-107.0359,23.9808],[-107.7997,24.5122],[-107.498,24.3439],[-107.5297,24.5219],[-107.9086,24.5779],[-108.0603,24.7864],[-107.9852,24.9534],[-108.0876,24.8231],[-108.3279,25.1112],[-108.0035,25.0314],[-108.7319,25.3581],[-108.5941,25.3513],[-108.7657,25.3809],[-108.769,25.5402],[-109.1161,25.5363],[-108.838,25.8046],[-109.0621,25.5903],[-109.2502,25.6862],[-109.1565,25.5568],[-109.4103,25.6461],[-109.2869,25.7107],[-109.4103,25.6933],[-109.4333,26.0217],[-109.2167,26.344],[-109.0882,26.2904],[-109.4834,26.7426],[-109.7846,26.7194],[-109.9662,27.1089],[-110.5223,27.2904],[-110.6271,27.6411],[-110.5133,27.8732],[-111.105,27.9354],[-112.1665,28.9667],[-112.2395,29.3153],[-112.4112,29.3447],[-113.0799,30.6704],[-113.0917,31.2022],[-113.6223,31.3256],[-113.9777,31.6631],[-114.0289,31.4915],[-114.2089,31.5123],[-115.0294,31.9709],[-114.7806,31.6558],[-114.884,31.1207],[-114.7105,30.9184],[-114.5331,29.968],[-113.6363,29.2822],[-113.5249,28.8916],[-113.2203,28.8248],[-113.103,28.5046],[-112.8463,28.4411],[-112.7035,27.755],[-111.9504,27.0933],[-111.7843,26.5718],[-111.6768,26.5819],[-111.8181,26.8962],[-111.4422,26.5175],[-111.3071,25.7792],[-110.657,24.8069],[-110.6818,24.3607],[-110.3252,24.1757],[-110.4168,24.1086],[-110.2462,24.3504],[-109.9877,24.0463],[-109.8283,24.0628],[-109.6963,23.6655],[-109.468,23.5551],[-109.4538,23.2023],[-109.9784,22.8818],[-110.3074,23.541],[-111.679,24.5863],[-111.8129,24.5059],[-111.9957,24.8658],[-111.9667,24.7442],[-112.088,24.7734],[-112.1042,25.0079],[-112.1558,24.8754],[-112.0308,25.4736],[-112.3791,26.2203],[-113.2158,26.7445],[-113.1457,26.9701],[-113.2705,26.7525],[-113.6371,26.7255],[-113.8164,26.949],[-114.4351,27.1764],[-114.5065,27.4062],[-115.0227,27.7403],[-115.0838,27.8511],[-114.3163,27.8747],[-114.1029,27.6019],[-113.9533,27.6557],[-114.141,27.7309],[-114.1534,27.945],[-114.2765,27.9011],[-114.0397,28.0277],[-114.0682,28.518],[-114.972,29.3778],[-115.6976,29.7558],[-116.0579,30.8025],[-116.3354,30.9563],[-116.3415,31.2196],[-116.6756,31.5526],[-116.7504,31.7524],[-116.6118,31.8429],[-117.025,32.2769],[-117.3619,33.1659],[-118.0905,33.731],[-118.412,33.7417],[-118.5441,34.0389],[-119.1287,34.1005],[-119.5632,34.4148],[-120.6366,34.5629],[-120.6449,35.1394],[-121.8997,36.3044],[-121.9811,36.5837],[-121.8042,36.836],[-122.3393,37.1186],[-122.5205,37.5314],[-122.4086,37.8104],[-122.3741,37.6042],[-122.0321,37.4634],[-122.3663,38.0123],[-121.4454,38.0039],[-121.7787,38.036],[-121.6826,38.1472],[-122.1303,38.0421],[-122.3965,38.1532],[-122.5284,37.8164],[-122.9201,38.0653],[-123.0275,37.9945],[-122.9963,38.2427],[-122.8323,38.0959],[-123.7262,38.9186],[-123.854,39.8335],[-124.3635,40.2615],[-124.3858,40.5095],[-124.0825,40.8435],[-124.2328,40.7666],[-124.0683,41.5393],[-124.5668,42.834],[-124.4013,43.3101],[-124.14,43.3753],[-124.3352,43.3653],[-124.0702,43.7117],[-124.2029,43.6808],[-123.8711,45.6979],[-124.0227,46.2308],[-123.7987,46.1024],[-123.8654,46.1865],[-123.1801,46.1791],[-124.0802,46.2717],[-124.0629,46.6549],[-123.9581,46.3782],[-123.8406,46.4158],[-123.9564,46.6231],[-123.764,46.6784],[-124.0934,46.7432],[-124.1268,46.8985],[-123.8131,46.959],[-124.1169,47.0429],[-124.1785,46.9255],[-124.7303,48.3716],[-123.971,48.1656],[-123.1083,48.1838],[-122.8733,47.9937],[-122.7702,48.1411],[-122.6201,47.8776],[-122.8004,47.6799],[-122.8564,47.8261],[-123.1613,47.3568],[-122.8392,47.432],[-123.1135,47.391],[-122.5534,47.9208],[-122.4684,47.7565],[-122.6969,47.6231],[-122.5079,47.5203],[-122.5685,47.2641],[-122.6331,47.4046],[-122.7728,47.1731],[-122.8057,47.3978],[-123.0788,47.1303],[-122.6859,47.1044],[-122.3285,47.3571],[-122.4044,47.7976],[-122.1917,48.0263],[-122.3756,48.2132],[-122.348,48.0543],[-122.5104,48.1474],[-122.3859,48.3038],[-122.6835,48.4302],[-122.4808,48.4641],[-122.5086,48.7557],[-122.6601,48.7226],[-122.8677,49.0805],[-123.0885,48.9722],[-123.0407,49.151],[-123.212,49.13],[-123.2469,49.2746],[-122.9608,49.2819],[-122.8599,49.4499],[-123.27,49.3354],[-123.171,49.7053],[-123.5162,49.3917],[-123.9638,49.5211],[-124.0061,49.7408],[-123.7771,49.5053],[-123.5335,49.7053],[-123.9276,49.7636],[-123.9536,49.9897],[-123.7545,50.0937],[-123.9706,50.2144],[-123.8079,50.1032],[-123.9932,50.0108],[-123.9782,49.809],[-124.0375,49.925],[-124.4303,49.7716],[-124.7644,49.9774],[-124.6029,50.2403],[-124.7134,50.3314],[-124.3485,50.4973],[-125.0815,50.3247],[-124.8138,50.9272],[-125.1278,50.437],[-125.5771,50.4707],[-125.4546,50.7204],[-125.7033,50.4379],[-126.2806,50.5194],[-125.9599,50.6456],[-126.2773,50.6259],[-125.7056,50.6817],[-125.5073,50.9392],[-125.637,51.1037],[-125.5421,50.9392],[-125.6477,50.7824],[-126.1866,50.6719],[-126.0345,50.7951],[-126.5474,50.8374],[-126.1731,50.9388],[-126.5147,51.0764],[-126.6742,50.8782],[-127.1658,50.9392],[-126.922,50.8723],[-127.0423,50.8229],[-127.777,51.1672],[-127.1266,51.3388],[-127.7797,51.3306],[-127.492,51.6206],[-126.6034,51.7138],[-127.4232,51.6719],[-127.3501,51.8702],[-127.6456,51.7001],[-127.4674,51.6623],[-127.7139,51.4577],[-127.8737,51.6734],[-127.8496,51.9201],[-127.1726,52.3165],[-126.6723,51.9875],[-126.9385,52.3059],[-126.753,52.3934],[-127.225,52.4561],[-126.9696,52.8294],[-127.0764,52.8851],[-126.9869,52.7109],[-127.6166,52.2985],[-127.8724,52.2195],[-127.8883,52.5151],[-128.0159,52.3467],[-128.0531,52.4852],[-127.8777,52.5841],[-128.3922,52.296],[-128.0288,52.9167],[-128.443,52.8277],[-128.481,53.1457],[-128.8491,53.2786],[-128.831,53.4883],[-128.9745,53.5566],[-128.4939,53.3441],[-128.127,53.4509],[-127.8715,53.2283],[-128.1111,53.4883],[-128.5294,53.4337],[-128.8077,53.6154],[-128.7751,53.7983],[-128.4737,53.8415],[-128.6939,53.8993],[-128.5983,54.0302],[-128.9329,53.7764],[-129.0092,53.8993],[-129.2898,53.3854],[-130.1047,53.9471],[-129.9613,54.1668],[-129.715,53.9538],[-129.9272,54.1873],[-129.4918,54.2515],[-130.1249,54.1609],[-130.2815,54.2144],[-130.2494,54.4064],[-130.4825,54.3737],[-130.4312,54.633],[-129.9589,54.3221],[-130.0849,54.3921],[-129.9814,54.5154],[-130.1011,54.4263],[-130.3724,54.6643],[-129.8795,54.6206],[-130.2015,54.7285],[-130.0501,54.893],[-130.1737,54.8445],[-129.6413,54.9896],[-130.001,55.0224],[-129.478,55.4835],[-129.713,55.4208],[-129.8248,55.6192],[-129.7862,55.3568],[-130.1248,55.0053],[-129.9494,55.2932],[-130.1306,55.7363],[-130.0098,55.9283],[-130.1737,55.7495],[-129.9892,55.284],[-130.5803,54.8064],[-130.7184,54.773],[-130.7525,54.9694],[-130.8319,54.7654],[-130.987,55.0435],[-130.4616,55.3319],[-130.7599,55.097],[-131.057,55.1263],[-130.9247,55.294],[-130.6125,55.2971],[-130.8619,55.3122],[-130.9204,55.8105],[-131.1964,55.9714],[-131.0097,56.1126],[-131.9147,55.8594],[-131.7638,55.7973],[-131.8805,55.5987],[-132.004,55.6676],[-131.9614,55.501],[-132.1716,55.5885],[-132.2662,55.7563],[-132.0462,55.8173],[-131.963,56.1574],[-131.4895,56.2225],[-131.9078,56.2327],[-132.3449,56.529],[-132.305,56.6402],[-132.5402,56.6315],[-132.3597,56.8184],[-132.7614,56.8458],[-132.922,56.9829],[-132.7677,56.9697],[-132.7954,57.0927],[-133.552,57.1815],[-133.0381,57.3671],[-133.4195,57.3439],[-133.3359,57.4382],[-133.4974,57.5316],[-133.3131,57.593],[-133.5914,57.5746],[-133.6483,57.7028],[-133.004,57.5179],[-133.5458,57.7643],[-133.552,57.9151],[-133.1857,57.8896],[-133.7086,57.8083],[-133.8612,57.9567],[-133.6914,57.942],[-133.6824,58.1553],[-133.8644,57.987],[-134.0597,58.0722],[-134.0045,58.4086],[-133.7718,58.5246],[-133.9766,58.5048],[-134.1579,58.2043],[-134.7562,58.3815],[-134.9504,58.8201],[-135.149,58.8437],[-135.3483,59.4706],[-135.5538,59.3198],[-135.3074,59.087],[-135.5538,59.2304],[-135.1627,58.6345],[-135.0938,58.2373],[-135.3505,58.2768],[-135.4849,58.484],[-135.478,58.3738],[-135.9094,58.3813],[-135.8207,58.6003],[-136.0739,58.8126],[-135.773,58.9045],[-136.0465,58.861],[-136.1574,59.0376],[-136.2097,58.7508],[-136.4923,58.9709],[-136.712,59.0256],[-136.6335,58.8918],[-137.0595,59.0637],[-136.9037,58.9324],[-137.1297,58.8263],[-136.5876,58.8483],[-136.3426,58.6916],[-136.5257,58.614],[-136.293,58.6693],[-136.0267,58.3881],[-136.2728,58.313],[-136.5059,58.4427],[-136.3706,58.2995],[-136.6205,58.3539],[-136.6648,58.2204],[-138.61,59.128],[-138.4491,59.1916],[-139.857,59.5463],[-139.4801,59.7044],[-139.6211,59.8903],[-139.4732,59.9936],[-139.3052,59.8647],[-139.2899,59.5762],[-139.2804,59.8337],[-138.8974,59.8132],[-139.5209,60.0515],[-140.3227,59.7012],[-141.454,59.8821],[-141.2673,59.9556],[-141.3777,60.1422],[-141.6735,59.9611],[-142.7985,60.1124],[-144.2496,60.0323],[-144.0026,60.0397],[-144.1964,60.2056],[-144.9416,60.3066],[-144.6228,60.717],[-145.2695,60.3571],[-145.9388,60.4561],[-145.629,60.6791],[-146.6957,60.7448],[-146.0931,60.841],[-146.6283,60.8273],[-146.7533,60.955],[-146.278,61.1227],[-147.3646,60.8913],[-147.4226,61.0124],[-147.5421,60.9133],[-147.5611,61.1559],[-147.599,60.8691],[-147.8702,60.8377],[-148.0504,60.9501],[-147.7305,61.2799],[-148.0494,61.0266],[-148.4095,61.0601],[-148.1488,61.0601],[-148.3329,60.8194],[-148.7037,60.7927],[-148.4498,60.8001],[-148.6675,60.6745],[-148.3747,60.7796],[-148.4299,60.6287],[-148.2307,60.7728],[-148.1966,60.6287],[-148.6899,60.4572],[-148.2375,60.4575],[-148.0836,60.6049],[-147.9359,60.4612],[-148.3909,60.2774],[-148.443,60.1837],[-148.1003,60.2209],[-148.3331,60.1701],[-148.4354,59.9593],[-149.1031,60.0581],[-149.2859,59.8747],[-149.4087,60.1237],[-149.6279,59.8283],[-149.5267,59.7176],[-149.7247,59.9641],[-149.8681,59.848],[-149.7461,59.6672],[-150.0317,59.7993],[-149.9165,59.7176],[-150.0127,59.6282],[-150.1193,59.7003],[-150.348,59.47],[-150.2244,59.7154],[-150.4795,59.4674],[-150.4925,59.6009],[-150.657,59.5525],[-150.6093,59.4387],[-150.9586,59.2037],[-151.9772,59.2794],[-151.6891,59.4803],[-151.3822,59.4448],[-151.4415,59.5322],[-150.9928,59.779],[-151.4105,59.6077],[-151.8718,59.7495],[-151.306,60.3869],[-151.3969,60.738],[-150.387,61.0473],[-149.0258,60.8547],[-150.0673,61.1557],[-149.2456,61.499],[-149.6487,61.4882],[-149.9838,61.2463],[-150.5403,61.3693],[-151.5668,60.9945],[-151.8077,60.8479],[-151.7114,60.7257],[-152.0514,60.6732],[-152.5963,60.2285],[-153.1055,60.2856],[-152.5786,60.0701],[-152.7379,59.9084],[-153.2434,59.8625],[-153.0001,59.8132],[-153.1662,59.664],[-153.4252,59.6494],[-153.3222,59.7176],[-153.4526,59.7927],[-153.4907,59.6501],[-153.7064,59.632],[-153.5864,59.5675],[-153.8771,59.5463],[-153.7515,59.4403],[-154.1453,59.3812],[-153.9534,59.3613],[-154.2613,59.1484],[-153.2642,58.8574],[-154.1105,58.4775],[-154.0002,58.3856],[-154.3644,58.2851],[-154.1213,58.2797],[-154.2468,58.1264],[-154.4941,58.2031],[-154.5831,58.025],[-155.0231,58.0256],[-155.3103,57.7404],[-155.6051,57.7922],[-155.7416,57.5521],[-156.0205,57.5768],[-156.0607,57.4302],[-156.5446,57.3227],[-156.34,57.2853],[-156.6454,57.0586],[-156.5498,56.9829],[-156.7848,57.0491],[-156.8094,56.9067],[-156.9613,56.9766],[-157.1894,56.7763],[-157.4197,56.8674],[-157.6056,56.7222],[-157.4827,56.6203],[-157.7729,56.6844],[-158.1332,56.5303],[-157.8771,56.4782],[-158.431,56.4381],[-158.6464,56.2707],[-158.1195,56.2362],[-158.4097,56.1808],[-158.4276,56.0065],[-158.6047,56.0523],[-158.4792,56.1915],[-158.6396,56.2021],[-158.6829,55.9584],[-159.4217,55.7905],[-159.545,55.8896],[-159.6265,55.5783],[-159.7569,55.5987],[-159.617,55.6352],[-159.6252,55.8127],[-159.8458,55.8512],[-160.4421,55.6466],[-160.4952,55.4862],[-160.6135,55.6055],[-160.7681,55.5454],[-160.6834,55.4647],[-161.2792,55.3549],[-161.5184,55.3834],[-161.3887,55.5722],[-161.1449,55.535],[-161.6208,55.613],[-161.9024,55.2178],[-162.046,55.2356],[-162.0013,55.0932],[-162.4493,55.0403],[-162.5174,55.1147],[-162.3607,55.1053],[-162.6453,55.3],[-162.5599,54.9612],[-162.8776,54.939],[-163.1831,55.1391],[-163.0499,54.9418],[-163.3414,54.8111],[-163.3345,55.1195],[-162.4971,55.374],[-162.6214,55.4069],[-161.8,55.8897],[-161.1553,56.017],[-161.3675,55.9556],[-160.8741,55.9931],[-161.0234,55.8908],[-160.6896,55.6979],[-160.7916,55.8867],[-160.2435,55.7768],[-160.5799,55.9897],[-160.1887,56.3869],[-158.8892,56.8896],[-159.0249,56.7966],[-158.6396,56.7637],[-158.6821,57.022],[-158.3124,57.3149],[-157.7578,57.5643],[-157.4138,57.4899],[-157.7099,57.6525],[-157.6055,58.1052],[-157.1395,58.1684],[-157.5621,58.3637],[-156.9409,58.7375],[-157.078,58.7574],[-156.7832,59.1552],[-157.0845,58.8867],[-158.2034,58.613],[-158.5577,58.8065],[-158.4975,58.994],[-157.9954,58.9083],[-158.5441,59.1758],[-158.4621,59.0528],[-158.7295,58.8736],[-158.8253,58.9771],[-158.788,58.7698],[-158.9146,58.7754],[-158.7087,58.4923],[-158.8297,58.4048],[-159.0513,58.4247],[-159.6175,58.9313],[-159.9061,58.7654],[-160.3522,59.0707],[-161.7648,58.5594],[-162.1761,58.6449],[-161.6556,58.8065],[-161.7747,58.7705],[-161.8558,59.0338],[-161.5692,59.1151],[-161.8965,59.0754],[-162.0515,59.2702],[-161.7139,59.5014],[-162.2098,60.0255],[-162.149,60.2452],[-162.3172,60.1131],[-162.4586,60.2951],[-162.2241,60.5878],[-161.8815,60.7039],[-162.1832,60.7311],[-162.416,60.3824],[-162.7033,60.2657],[-162.4503,60.1911],[-162.5258,59.9975],[-163.6149,59.8008],[-164.1285,59.8427],[-164.1147,60.005],[-164.6492,60.3339],[-165.1433,60.4506],[-164.9856,60.5468],[-165.4312,60.553],[-164.9992,60.7114],[-164.9374,60.9365],[-164.2708,60.7879],[-164.4204,60.5543],[-163.9863,60.7763],[-163.8162,60.7551],[-163.7799,60.5804],[-163.409,60.7523],[-163.9304,60.8547],[-163.5627,60.8901],[-163.7041,60.9997],[-164.0071,60.8622],[-165.129,60.9235],[-164.7665,61.1086],[-165.3627,61.2128],[-164.6907,61.6014],[-165.2047,61.4102],[-165.363,61.0775],[-165.5128,61.087],[-165.61,61.2873],[-165.9213,61.3994],[-165.777,61.5158],[-166.1953,61.5856],[-166.1444,61.7255],[-165.7664,61.6908],[-166.1028,61.8211],[-165.5882,61.8621],[-165.7056,62.1166],[-165.133,62.5157],[-164.5819,62.4262],[-164.858,62.5636],[-164.4791,62.7459],[-164.8132,62.6202],[-164.8832,62.8415],[-164.6907,63.0271],[-164.314,63.0141],[-164.5952,63.1301],[-164.3658,63.2292],[-163.5418,63.1288],[-163.8069,62.9862],[-163.5286,63.1167],[-163.094,63.0574],[-162.3094,63.5466],[-162.0181,63.4858],[-162.1689,63.4312],[-161.0565,63.5744],[-160.767,63.8241],[-160.9735,64.2505],[-161.1888,64.4181],[-161.5389,64.3976],[-161.4139,64.5375],[-161.035,64.5078],[-160.7916,64.7259],[-161.1553,64.9252],[-161.0201,64.9472],[-161.5458,64.7509],[-161.8064,64.8227],[-162.7813,64.3437],[-163.149,64.6583],[-163.3898,64.5969],[-163.0397,64.5211],[-163.1659,64.4106],[-163.6785,64.5863],[-165.0355,64.4483],[-166.1897,64.5852],[-166.4835,64.7296],[-166.3902,64.8985],[-166.9574,65.1781],[-166.0312,65.2431],[-167.3986,65.4011],[-168.1349,65.6698],[-167.5312,65.7261],[-166.3109,66.1754],[-165.5001,66.1523],[-165.89,66.241],[-164.2744,66.6023],[-163.6287,66.57],[-163.9301,66.5858],[-163.7624,66.5258],[-163.8547,66.2895],[-164.1911,66.1933],[-163.6805,66.0786],[-161.8582,65.9773],[-161.5059,66.2789],[-161.0175,66.1933],[-161.5107,66.4077],[-161.8963,66.2705],[-161.8884,66.5244],[-162.6253,66.8615],[-162.4848,66.9604],[-161.6338,66.458],[-161.2042,66.5386],[-160.6172,66.3714],[-160.2491,66.4023],[-160.2192,66.532],[-160.275,66.6546],[-160.881,66.6724],[-161.4954,66.5367],[-161.902,66.7351],[-161.5252,66.9914],[-162.4569,66.9946],[-162.3601,67.1674],[-162.5804,67.015],[-163.725,67.1113],[-164.1515,67.6196],[-166.829,68.3514],[-166.3151,68.406],[-166.2226,68.8858],[-164.3464,68.9294],[-163.6225,69.1192],[-163.1258,69.39],[-163.0187,69.7458],[-161.9057,70.3206],[-161.7034,70.2637],[-162.1217,70.1539],[-160.9499,70.2904],[-159.9471,70.5972],[-160.2019,70.4766],[-159.922,70.4897],[-160.1337,70.3251],[-159.9485,70.3704],[-159.7712,70.1955],[-159.8258,70.4971],[-159.2914,70.5381],[-160.1274,70.6262],[-159.161,70.8869],[-159.449,70.777],[-159.2225,70.6889],[-159.0604,70.8166],[-157.8649,70.8664],[-156.4715,71.4125],[-156.3717,71.3803],[-156.6044,71.3537],[-155.5734,71.1504],[-156.1873,70.9217],[-155.9813,70.8944],[-155.9781,70.7597],[-155.1917,70.9951],[-155.2892,71.0861],[-155.0897,71.1549],[-155.0974,71.0173],[-154.9717,71.1201],[-154.6002,71.0129],[-154.81,70.8807],[-154.2303,70.7784],[-153.2557,70.9328],[-152.3275,70.8569],[-152.2192,70.8124],[-152.5091,70.6639],[-152.0753,70.579],[-152.6301,70.5585],[-151.7604,70.5667],[-151.9797,70.4487],[-151.2223,70.3757],[-149.4885,70.523],[-147.6796,70.2122],[-145.8802,70.175],[-145.2749,69.9931],[-143.2357,70.1182],[-141.4129,69.6504],[-139.1438,69.5137],[-138.6026,69.2427],[-138.357,69.3047],[-137.2237,68.9509],[-135.149,68.6605],[-135.5054,68.8454],[-135.3409,68.8386],[-136.005,68.9479],[-135.519,69.0298],[-135.9678,69.2222],[-135.4159,69.0987],[-135.8554,69.2905],[-135.1667,69.263],[-135.2843,69.4145],[-135.1554,69.4797],[-134.4763,69.4438],[-134.5945,69.5129],[-134.4055,69.6369],[-134.4809,69.7275],[-133.7513,69.5512],[-134.313,69.154],[-133.0455,69.4345],[-132.8873,69.6611],[-132.333,69.6846],[-132.6272,69.6741],[-132.5484,69.743],[-132.1389,69.6879],[-131.4083,69.9615],[-131.1885,69.8249],[-130.8936,70.106],[-129.9317,70.0761],[-129.6739,70.2699],[-129.4065,70.1212],[-130.9412,69.5659],[-131.9836,69.5369],[-132.4975,69.1601],[-132.5447,69.2905],[-132.7712,69.2563],[-132.892,68.9827],[-133.1007,69.072],[-133.4913,68.8425],[-132.922,68.694],[-133.3882,68.8454],[-132.4832,68.8054],[-132.3939,68.8659],[-132.7845,68.851],[-132.6756,68.9274],[-132.8736,69.0578],[-131.7154,69.4003],[-131.9112,69.4281],[-131.4276,69.4351],[-131.5149,69.3359],[-131.2521,69.5039],[-131.3478,69.3171],[-131.1611,69.3935],[-131.2431,69.5854],[-131.1381,69.3698],[-131.1278,69.621],[-131.1195,69.3253],[-130.9477,69.5389],[-131.0513,69.3389],[-130.9009,69.3856],[-131.0262,69.206],[-130.9278,69.1396],[-130.9451,69.2767],[-130.3797,69.6945],[-128.8861,69.9763],[-129.1737,69.8323],[-128.9415,69.6824],[-128.3104,69.9627],[-128.3372,70.1298],[-127.5152,70.2221],[-128.2005,70.4009],[-127.9915,70.5929],[-127.1365,70.2529],[-126.7018,69.7674],[-126.2452,69.5253],[-125.4488,69.3192],[-125.089,69.4543],[-125.624,69.4208],[-125.1169,69.4897],[-125.4384,69.6126],[-125.3701,69.6945],[-124.822,69.715],[-125.2814,69.8112],[-124.6302,69.9863],[-125.2062,70.0031],[-124.5456,70.0189],[-124.4173,70.0515],[-124.7538,70.1266],[-124.4081,70.1554],[-124.5067,69.7362],[-124.0344,69.6815],[-124.5211,69.4078],[-124.4228,69.3666],[-123.3827,69.414],[-122.9797,69.8348],[-121.6439,69.789],[-120.0858,69.3636],[-117.1654,68.8939],[-115.9712,68.8093],[-116.318,68.9683],[-115.5673,68.9719],[-113.9054,68.3998],[-114.0355,68.2412],[-114.9415,68.2913],[-114.7551,68.1943],[-115.2417,68.1869],[-115.112,68.0162],[-115.5434,67.9234],[-115.1182,67.8039],[-111.8855,67.6852],[-110.0596,68.0051],[-109.7167,67.7192],[-109.067,67.7202],[-108.8241,67.3572],[-108.6399,67.6295],[-108.4713,67.3515],[-108.3703,67.4476],[-107.9925,67.2825],[-107.8854,67.0482],[-108.6221,67.1528],[-107.2415,66.3485],[-107.7997,66.7686],[-107.643,67.0771],[-107.4844,66.9194],[-107.6973,66.9536],[-107.563,66.8395],[-107.4093,66.8171],[-107.401,66.9743],[-107.0877,66.8307],[-107.4034,67.0412],[-107.2032,67.1249],[-107.7164,67.4046],[-107.5858,67.5012],[-108.0057,67.7097],[-107.6593,67.9467],[-107.8795,68.093],[-107.6973,68.0776],[-107.7741,67.9886],[-106.7582,68.105],[-106.8134,68.208],[-106.6315,68.2496],[-106.4435,68.1528],[-106.4457,68.3513],[-105.7271,68.4266],[-105.6483,68.6387],[-106.5533,68.5159],[-106.4224,68.5159],[-106.6352,68.4687],[-106.4879,68.4074],[-106.5527,68.2968],[-106.7867,68.4149],[-107.889,68.2695],[-107.6147,68.1671],[-108.3892,68.111],[-108.4166,68.3042],[-108.807,68.2626],[-108.3472,68.6001],[-106.1975,68.9444],[-105.4696,68.722],[-105.3241,68.4825],[-105.5439,68.4139],[-105.0392,68.2591],[-104.8942,68.3514],[-104.9352,68.2359],[-104.602,68.2353],[-104.6757,68.1397],[-104.4839,68.0339],[-103.4149,68.1694],[-103.3635,68.0115],[-102.2189,67.6918],[-100.7074,67.8511],[-98.9364,67.6968],[-98.3634,67.7946],[-98.727,67.9578],[-98.5846,68.0964],[-97.5903,67.603],[-97.0611,67.6804],[-97.2262,67.7145],[-97.1208,67.793],[-97.2496,67.9246],[-97.6758,68.0203],[-98.095,67.8366],[-98.5899,68.1528],[-98.3155,68.1671],[-98.7181,68.3676],[-97.7476,68.3687],[-98.0105,68.4991],[-97.8563,68.5438],[-96.621,68.1857],[-96.4038,68.3179],[-96.7645,68.0172],[-95.8967,68.2967],[-96.0817,68.1459],[-96.1819,67.6429],[-96.3439,67.6894],[-96.4652,67.478],[-96.0959,67.4675],[-96.253,67.2477],[-96.1107,67.2219],[-95.5814,67.3848],[-95.8353,67.1658],[-95.4374,67.2006],[-95.3303,67.0104],[-96.4557,67.0598],[-95.852,66.7581],[-95.821,66.5911],[-95.655,66.731],[-96.092,66.927],[-95.2183,66.9741],[-95.3481,67.1527],[-95.1728,67.2786],[-95.4138,67.4566],[-95.3381,67.5522],[-95.7077,67.7333],[-95.4784,68.0634],[-94.7982,68.0381],[-93.3749,68.6387],[-93.7523,68.6121],[-93.5707,68.8441],[-93.9093,68.9957],[-93.8271,69.0692],[-94.0806,68.8523],[-93.8262,68.8793],[-94.0942,68.7629],[-94.6361,68.756],[-94.602,68.9683],[-94.0055,69.1601],[-94.324,69.1558],[-94.2816,69.3221],[-93.5257,69.4414],[-93.8403,69.1687],[-93.3619,69.373],[-93.5878,69.3662],[-93.4506,69.4897],[-94.3222,69.453],[-94.6299,69.6877],[-94.8751,69.5716],[-95.9759,69.7862],[-96.5737,70.2344],[-96.233,70.5712],[-95.7937,70.5381],[-96.0539,70.607],[-95.8148,70.7156],[-96.1903,70.6247],[-96.6024,70.7913],[-96.376,71.0941],[-96.5615,71.1271],[-96.3759,71.1606],[-96.5069,71.2779],[-96.1335,71.4142],[-95.5364,71.2961],[-95.376,71.5107],[-95.9104,71.6069],[-94.6081,71.8676],[-95.2252,71.9495],[-94.5487,72.0021],[-94.3934,71.9393],[-94.6492,71.8198],[-94.3549,71.7987],[-94.4155,71.6655],[-93.7612,71.7793],[-93.8205,71.6553],[-92.9906,71.3571],[-92.8541,70.8596],[-93.0408,70.8624],[-92.2154,70.6163],[-92.2856,70.4896],[-91.9764,70.3668],[-92.0863,70.3047],[-91.7232,70.3558],[-91.511,70.1613],[-92.3675,70.2364],[-92.2654,70.2065],[-92.5872,70.0788],[-91.9429,70.0241],[-92.923,69.6741],[-92.3674,69.7087],[-91.7983,69.4897],[-91.1676,69.6557],[-91.5724,69.5233],[-90.3118,69.4543],[-90.7028,69.4543],[-90.5855,69.4208],[-90.8052,69.2563],[-91.4495,69.3594],[-90.4353,68.879],[-90.5998,68.8039],[-90.4421,68.8312],[-90.607,68.4439],[-90.3186,68.3793],[-90.4757,68.3377],[-90.12,68.2626],[-89.821,68.5445],[-89.9009,68.6605],[-89.7159,68.6462],[-89.7053,69.0202],[-89.1987,69.2781],[-88.0226,68.8087],[-87.7922,68.3312],[-87.9438,68.2009],[-88.1796,68.2453],[-88.1994,68.3834],[-88.3984,68.2908],[-88.2833,68.126],[-88.3736,67.9758],[-88.1405,67.6707],[-87.3629,67.2672],[-87.5162,67.1187],[-86.9607,67.2552],[-87.0777,67.3577],[-86.5019,67.3794],[-86.5293,67.6872],[-85.9017,68.0544],[-85.6681,68.727],[-84.7882,68.7356],[-85.1929,68.8693],[-84.5282,69.0236],[-85.4735,69.2768],[-85.337,69.3184],[-85.5083,69.4078],[-85.3444,69.4414],[-85.534,69.4633],[-85.3854,69.5642],[-85.5145,69.7703],[-85.3332,69.7914],[-85.5632,69.8581],[-82.2534,69.6406],[-82.7537,69.5779],[-82.5161,69.4937],[-83.2938,69.5399],[-81.2733,69.0987],[-82.0616,68.879],[-81.3788,68.8676],[-81.2665,68.6387],[-81.9537,68.4306],[-82.2738,68.537],[-82.1769,68.4881],[-82.6506,68.4339],[-82.2727,68.2916],[-82.3148,68.1466],[-81.9936,68.215],[-82.1776,68.0094],[-82.1016,67.9104],[-81.2379,67.4605],[-81.5029,67.001],[-81.9549,66.9768],[-82.1566,66.714],[-83.3694,66.3503],[-83.9808,66.5924],[-83.8566,66.6867],[-83.9181,66.8859],[-84.1379,66.7122],[-84.5828,66.9815],[-84.3705,66.9741],[-84.9101,67.0619],[-84.6374,66.9815],[-85.2128,66.9194],[-84.6033,66.9399],[-84.7473,66.8996],[-84.1446,66.6867],[-84.211,66.5945],[-83.7115,66.1909],[-84.5375,66.4052],[-84.6367,66.3439],[-84.3783,66.173],[-85.2416,66.2701],[-85.4655,66.5744],[-86.7825,66.5222],[-86.6206,66.3144],[-85.8567,66.1628],[-87.3808,65.3297],[-88.0639,65.3595],[-88.8314,65.6452],[-88.4137,65.6315],[-89.688,65.9468],[-90.0039,65.9468],[-89.7706,65.8227],[-91.4973,65.9468],[-89.9581,65.7943],[-89.0399,65.3282],[-86.9382,65.142],[-88.1127,64.1409],[-88.7346,63.9724],[-89.2907,64.1369],[-89.0493,63.9464],[-89.7069,64.0317],[-89.7864,64.2502],[-90.1274,64.1301],[-89.8133,63.946],[-90.2777,64.0072],[-89.9659,63.8133],[-90.2206,63.6132],[-92.3738,63.7791],[-93.7795,64.1915],[-93.5556,64.0336],[-93.7659,63.9935],[-93.6473,63.8815],[-93.2172,63.8427],[-93.4006,63.9774],[-92.1,63.6993],[-92.4674,63.5284],[-91.7784,63.7144],[-90.7847,63.3976],[-90.9765,63.4244],[-90.6891,63.3567],[-90.6265,63.0613],[-91.3943,62.7868],[-92.4527,62.8249],[-91.8881,62.6204],[-92.6185,62.6225],[-92.532,62.4449],[-92.8274,62.3555],[-92.4705,62.1501],[-93.252,62.3698],[-92.7647,62.2184],[-93.1152,62.1597],[-92.9298,62.1166],[-93.1702,61.9856],[-93.4165,62.034],[-93.2793,61.8968],[-93.617,61.9523],[-93.2646,61.7445],[-93.985,61.458],[-93.8223,61.3499],[-94.1147,61.3283],[-93.9862,61.1007],[-94.52,60.5468],[-94.8006,60.4984],[-94.6156,60.3923],[-94.8214,59.9481],[-94.6601,59.3588],[-94.7931,59.0938],[-94.9992,59.0528],[-94.804,59.0631],[-94.746,58.8331],[-94.4369,58.7238],[-94.2041,58.8065],[-94.3617,58.223],[-94.1774,58.7791],[-93.1558,58.7444],[-92.4236,57.3544],[-92.8598,56.9075],[-90.5855,57.2299],[-88.8792,56.8599],[-87.9796,56.4429],[-87.6186,56.0028],[-85.9043,55.662],[-85.1279,55.3498],[-85.4173,54.9992],[-85.0539,55.2941],[-83.9291,55.3265],[-83.5611,55.1332],[-83.7132,55.2766],[-82.2523,55.1179],[-82.2014,54.8339],[-82.4445,54.3654],[-82.126,53.8122],[-82.1144,53.289],[-82.3012,52.9676],[-81.4787,52.3035],[-81.8828,52.1936],[-81.512,52.2393],[-81.0025,52.0148],[-80.4403,51.4773],[-80.4298,51.3572],[-81.0126,51.0354],[-80.41,51.3395],[-80.1361,51.3013],[-79.3343,50.7269],[-79.7471,51.1955],[-79.5602,51.5555],[-79.3232,51.667],[-78.847,51.1645],[-78.8822,51.4033],[-78.69,51.4873],[-79.0388,51.7685],[-78.4082,52.2482],[-78.8502,52.7574],[-78.69,52.8851],[-78.9842,53.0284],[-78.8954,53.2686],[-79.1146,53.5089],[-78.9231,53.5667],[-79.1561,53.7081],[-78.9017,53.8173],[-79.1351,53.9614],[-78.9796,54.0192],[-79.2926,54.0911],[-79.0463,54.1805],[-79.3821,54.1941],[-79.2859,54.2556],[-79.464,54.3102],[-79.5255,54.5914],[-79.7656,54.6596],[-77.7816,55.2735],[-77.1129,55.6754],[-76.5358,56.3185],[-76.5327,57.1153],[-76.8087,57.6755],[-77.4706,58.212],[-78.571,58.6387],[-78.4686,58.706],[-78.5657,58.9577],[-78.3164,58.9255],[-78.1066,59.2099],[-77.6752,59.4023],[-77.9154,59.4191],[-77.7303,59.5487],[-77.7782,59.7101],[-77.3127,59.5668],[-77.5455,59.7449],[-77.2916,59.7995],[-77.425,59.9193],[-77.1892,60.0602],[-77.6342,60.0665],[-77.4083,60.1353],[-77.7432,60.4042],[-77.4151,60.5468],[-77.8293,60.6433],[-77.5106,60.841],[-78.1965,60.7927],[-77.6927,61.2073],[-77.7853,61.4547],[-77.4766,61.54],[-77.9897,61.7148],[-78.1549,62.2973],[-77.4718,62.5938],[-75.5922,62.273],[-75.8938,62.1638],[-75.3277,62.3175],[-74.5581,62.1091],[-74.755,62.2136],[-73.6707,62.4821],[-72.6291,62.1169],[-72.796,61.8354],[-72.2323,61.8813],[-71.9952,61.6771],[-72.3031,61.5679],[-71.9568,61.7112],[-71.581,61.6138],[-71.8916,61.4307],[-71.5831,61.4102],[-71.8227,61.355],[-71.5729,61.1557],[-70.1553,61.0876],[-70.1512,60.882],[-69.9159,60.81],[-69.5366,61.0797],[-69.3813,60.7999],[-69.829,60.5257],[-69.628,60.0767],[-71.0351,60.0665],[-69.5615,59.8647],[-69.6577,59.7033],[-69.5162,59.6493],[-69.7485,59.5161],[-69.6321,59.3851],[-69.7551,59.3177],[-69.2325,59.2413],[-69.5426,59.1695],[-69.3424,59.0938],[-69.5035,59.0733],[-69.4517,58.8952],[-69.6652,58.7922],[-69.8631,59.0597],[-69.8017,58.8263],[-70.2542,58.7717],[-69.9212,58.7791],[-69.8135,58.5965],[-69.3782,58.8695],[-68.7734,58.9217],[-68.4103,58.8239],[-68.191,58.5464],[-68.3541,58.1237],[-69.3697,57.7705],[-68.4176,58.0386],[-68.0062,58.5795],[-67.8627,58.3093],[-68.1295,58.083],[-67.7385,58.4692],[-67.7135,57.9271],[-67.5679,58.2304],[-66.6151,58.498],[-66.3824,58.8536],[-65.9442,58.6208],[-66.0534,58.3328],[-65.8275,58.5799],[-66.1086,58.7791],[-65.7956,58.8635],[-65.9822,58.9172],[-65.3197,59.046],[-65.7176,59.1583],[-65.7393,59.2706],[-65.4917,59.2583],[-65.559,59.3767],[-65.3576,59.2822],[-65.5599,59.491],[-64.984,59.3812],[-65.4119,59.5179],[-65.4979,59.7927],[-64.984,59.7648],[-65.2297,59.8924],[-64.8605,60.3613],[-64.4642,60.2911],[-64.7587,60.2383],[-64.3949,60.2172],[-64.4632,60.0875],[-64.8283,59.9912],[-64.3772,60.1297],[-64.5184,59.9025],[-64.1826,60.0323],[-64.2646,59.7648],[-63.922,59.6555],[-64.1206,59.5184],[-64.0073,59.624],[-63.8641,59.6113],[-63.9807,59.5064],[-63.7277,59.52],[-64.0607,59.3873],[-63.7096,59.3681],[-63.8258,59.2446],[-63.6517,59.3681],[-63.5241,59.3231],[-63.629,59.217],[-63.3807,59.2788],[-63.4422,59.1206],[-64.0399,59.0179],[-63.1316,59.0623],[-63.3398,59.0323],[-63.1616,58.9225],[-63.3261,58.861],[-63.0145,58.8974],[-62.9146,58.7512],[-63.0449,58.7102],[-62.8446,58.6852],[-63.4422,58.5246],[-63.3398,58.4632],[-63.593,58.3055],[-63.264,58.47],[-63.0858,58.4564],[-63.1616,58.3676],[-62.5583,58.4775],[-62.9076,58.2143],[-62.6352,58.1868],[-63.3398,57.984],[-62.4621,58.182],[-62.5173,58.0585],[-62.305,58.0312],[-62.675,57.9356],[-62.1409,57.9783],[-61.8867,57.6376],[-62.5337,57.496],[-61.9004,57.4155],[-61.8048,57.3671],[-62.0116,57.243],[-61.3591,57.0896],[-61.3448,56.9555],[-61.9047,56.7938],[-61.6881,56.6203],[-62.5031,56.7849],[-62.0887,56.8413],[-62.5856,56.7978],[-61.712,56.5754],[-62.1474,56.4553],[-61.6055,56.2839],[-62.0785,56.2982],[-61.3448,56.2225],[-61.4553,56.0581],[-61.235,56.0438],[-61.5031,56.0102],[-60.7285,55.8253],[-60.9439,55.7298],[-60.602,55.8196],[-60.6813,55.5646],[-60.5079,55.804],[-60.3347,55.782],[-60.5254,55.6168],[-60.304,55.5305],[-60.4821,55.3523],[-60.1941,55.4274],[-60.6876,54.9954],[-60.0228,55.2766],[-60.2971,55.0234],[-59.7764,55.3319],[-59.7354,55.2015],[-59.964,55.1171],[-59.43,55.142],[-59.922,54.7432],[-59.1598,55.2387],[-59.3826,54.978],[-59.0274,55.162],[-58.9138,54.8482],[-57.3504,54.5894],[-57.707,54.4753],[-57.419,54.461],[-57.6339,54.3834],[-59.5797,54.0504],[-58.3712,54.2282],[-59.4745,53.8281],[-60.1327,53.7831],[-60.0166,53.7081],[-60.1361,53.5294],[-60.8793,53.831],[-60.9203,53.7143],[-60.0498,53.4978],[-60.4206,53.2686],[-59.0768,53.687],[-58.8407,53.9471],[-57.7958,54.0712],[-58.4155,54.1404],[-58.1989,54.2402],[-57.4662,54.2003],[-57.158,53.9511],[-57.1241,53.7416],[-57.5494,53.5908],[-57.3178,53.5852],[-57.3774,53.4337],[-56.9835,53.7275],[-56.4799,53.79],[-56.7269,53.687],[-55.9796,53.5498],[-56.2635,53.5537],[-55.8165,53.3404],[-55.7469,53.1457],[-56.1652,53.0284],[-55.8021,52.8407],[-56.1625,52.818],[-55.7537,52.625],[-56.5004,52.5977],[-55.7406,52.4929],[-55.6539,52.3651],[-56.1987,52.4468],[-55.6165,52.2203],[-56.9665,51.4252],[-57.6859,51.4804],[-58.6227,51.2773],[-58.6256,51.1515],[-59.008,51.015],[-59.008,50.7611],[-59.0878,50.8877],[-59.424,50.54],[-60.1349,50.213],[-60.8026,50.2671],[-61.7179,50.1],[-61.5761,50.1874],[-62.7091,50.3154],[-66.4682,50.2685],[-66.4349,50.1575],[-66.6356,50.185],[-67.1315,49.8313],[-67.3763,49.3392],[-68.0546,49.2944],[-68.3923,49.0639],[-68.4443,49.1982],[-69.676,48.1499],[-71.0698,48.4446],[-69.736,48.1225],[-70.2369,47.4956],[-70.4869,47.4448],[-71.2448,46.789],[-71.8805,46.6907],[-72.9945,46.2108],[-73.4203,45.7651],[-73.9792,45.4984],[-74.3795,45.5616],[-73.9615,45.3542],[-74.713,44.9993],[-73.519,45.4263],[-73.1561,46.0497],[-72.1899,46.5262],[-70.5349,47.0106],[-68.8248,48.3658],[-66.6221,49.1226],[-65.5658,49.2665],[-64.5526,49.0974],[-64.2212,48.8944],[-64.1688,48.7618],[-64.5594,48.8829],[-64.1888,48.5266],[-65.2856,48.0126],[-65.8957,48.2255],[-66.8479,47.999],[-66.3859,48.0751],[-65.8179,47.9074],[-65.6357,47.6223],[-64.8,47.8093],[-64.6686,47.7321],[-64.9088,47.3553],[-65.3675,47.0878],[-64.7996,47.0816],[-64.8542,46.6763],[-64.7136,46.6872],[-64.704,46.3275],[-64.5585,46.3691],[-64.5594,46.2238],[-63.8131,46.1403],[-64.0933,46.0326],[-63.2298,45.8061],[-63.2948,45.7257],[-62.675,45.772],[-62.7497,45.6129],[-61.9115,45.889],[-61.8763,45.6927],[-61.4925,45.6907],[-61.2372,45.5058],[-61.4615,45.3548],[-60.9687,45.2716],[-61.6871,45.1754],[-61.6396,45.0873],[-62.8304,44.7178],[-63.1194,44.7907],[-63.439,44.5963],[-63.6619,44.7168],[-63.5233,44.5181],[-63.6328,44.4407],[-63.9294,44.5113],[-63.8884,44.6964],[-64.0758,44.4766],[-64.3055,44.566],[-64.269,44.2671],[-64.4291,44.34],[-65.025,43.7162],[-65.3675,43.7436],[-65.4748,43.4709],[-65.7296,43.5135],[-65.8616,43.8056],[-66.1217,43.7436],[-66.1906,44.1654],[-65.8405,44.5734],[-66.1803,44.4344],[-64.4778,45.3411],[-64.1553,44.9837],[-64.1151,45.2161],[-63.3602,45.3611],[-64.9293,45.3263],[-64.2646,45.7651],[-64.3472,45.8887],[-64.5458,45.7316],[-64.7487,46.0899],[-64.5724,45.8607],[-64.7716,45.6143],[-65.7523,45.2444],[-66.136,45.3126],[-66.0098,45.4643],[-66.1968,45.3338],[-66.0602,45.258],[-66.4542,45.0771],[-66.8889,45.0607],[-66.9435,45.1898],[-67.0401,45.0756],[-67.1903,45.2332],[-67.0401,44.9732],[-67.2034,44.9049],[-66.9773,44.8155],[-67.1965,44.6442],[-67.3957,44.6988],[-67.7141,44.5008],[-67.7905,44.5999],[-68.0605,44.3283],[-68.202,44.5251],[-68.4782,44.4934],[-68.5414,44.2373],[-68.8208,44.3146],[-68.6993,44.4097],[-68.8162,44.4021],[-68.8016,44.5603],[-69.1914,43.9522],[-69.3643,44.0605],[-69.5476,43.8349],[-69.534,44.021],[-69.5924,43.8077],[-69.6296,44.0273],[-69.758,43.7595],[-69.7825,44.0574],[-69.7906,43.7331],[-69.8691,43.8696],[-69.9849,43.7263],[-69.9307,43.8491],[-70.1088,43.8067],[-70.7334,43.1204],[-70.8638,42.8262],[-70.597,42.6345],[-71.0468,42.3215],[-70.7418,42.2357],[-70.5908,42.0173],[-70.7148,42.0027],[-70.3352,41.7192],[-70.0001,41.8163],[-70.2468,42.0615],[-70.0812,42.0584],[-69.9389,41.6742],[-70.6587,41.5213],[-70.7104,41.748],[-71.1859,41.4687],[-71.1107,41.7971],[-71.2604,41.6511],[-71.3913,41.8188],[-71.4977,41.3663],[-72.91,41.3051],[-73.8938,40.8039],[-73.9759,41.2922],[-73.9181,40.9315],[-74.2827,40.4973],[-73.9792,40.4493],[-74.093,39.7763],[-74.0607,40.0622],[-74.4134,39.3571],[-74.6421,39.3067],[-74.9547,38.9264],[-74.9063,39.1796],[-75.1465,39.1871],[-75.5582,39.6135],[-75.0236,40.0163],[-75.5922,39.6492],[-75.3938,39.0556],[-75.0843,38.796],[-75.2079,38.5695],[-75.0601,38.6125],[-75.0447,38.425],[-75.1795,38.4084],[-75.1044,38.3162],[-75.9491,37.125],[-75.9347,37.5764],[-75.6331,37.96],[-75.875,37.9511],[-75.743,38.1108],[-75.9405,38.1354],[-75.8433,38.4044],[-76.0379,38.2325],[-76.319,38.4739],[-76.172,38.5662],[-76.2774,38.6247],[-75.9702,38.6066],[-76.288,38.7755],[-76.3413,38.6732],[-76.1061,38.878],[-76.3747,38.8416],[-76.0651,39.1461],[-76.2426,39.0333],[-76.175,39.3162],[-75.8392,39.3715],[-76.0343,39.3929],[-75.8317,39.5844],[-76.0007,39.4528],[-75.9347,39.6042],[-76.083,39.5578],[-76.2097,39.3647],[-76.2325,39.4745],[-76.2842,39.3106],[-76.4015,39.3925],[-76.4492,39.195],[-76.6232,39.2597],[-76.3942,39.0246],[-76.5692,39.0664],[-76.3928,38.3536],[-76.6365,38.4742],[-76.6815,38.6794],[-76.6736,38.4861],[-76.3734,38.2989],[-76.3239,38.0438],[-76.8807,38.3989],[-76.9222,38.2916],[-77.0316,38.4814],[-77.2553,38.3935],[-77.0125,38.6974],[-77.0683,38.9019],[-77.0478,38.7157],[-77.2299,38.6567],[-77.3431,38.3487],[-77.0408,38.3959],[-76.9542,38.2102],[-76.2479,37.9035],[-76.3047,37.6379],[-76.505,37.6569],[-77.1339,38.166],[-76.552,37.6268],[-76.2842,37.5696],[-76.3934,37.5331],[-76.2576,37.3355],[-76.4152,37.4427],[-76.496,37.2491],[-76.7982,37.5044],[-76.2745,37.048],[-76.4292,36.9763],[-76.8602,37.3231],[-77.2743,37.3164],[-76.67,37.185],[-76.5244,36.8632],[-76.0046,36.9324],[-75.5238,35.7944],[-75.9469,36.7185],[-75.9011,36.496],[-76.0372,36.5008],[-75.7855,36.0816],[-75.9617,36.307],[-75.9081,36.165],[-76.1988,36.3227],[-76.0635,36.162],[-76.463,36.206],[-76.3115,36.0961],[-76.5773,36.0124],[-76.7298,36.3227],[-76.7298,35.9453],[-76.0483,35.9837],[-76.1409,35.6988],[-76.0372,35.651],[-75.8529,35.98],[-75.7218,35.8292],[-75.7839,35.5759],[-75.8863,35.6374],[-76.1504,35.3472],[-76.4984,35.3913],[-76.463,35.5412],[-76.6473,35.5207],[-76.5998,35.3951],[-77.052,35.5344],[-76.4704,35.2706],[-76.7645,34.9892],[-77.0793,35.157],[-76.9403,34.9798],[-76.5399,34.9321],[-76.4538,35.0734],[-76.4618,34.9406],[-76.2699,34.9726],[-76.3463,34.8832],[-76.633,34.7092],[-77.1317,34.7624],[-77.3365,34.5611],[-77.4356,34.7535],[-77.3789,34.5272],[-77.7305,34.3159],[-77.942,33.9305],[-77.9626,34.1911],[-78.0178,33.8963],[-78.3747,33.9509],[-78.7633,33.7786],[-79.1835,33.2179],[-79.1896,33.437],[-79.2771,33.3591],[-79.1835,33.1838],[-79.387,33.0173],[-79.8287,32.7628],[-79.9438,32.8515],[-79.8873,32.6881],[-80.3232,32.4884],[-80.6698,32.5211],[-80.4782,32.4781],[-80.5471,32.3471],[-80.4298,32.4098],[-80.5533,32.2788],[-80.855,32.5395],[-80.6778,32.2147],[-80.9582,31.8793],[-81.1182,31.9077],[-81.1055,31.7427],[-81.2733,31.7655],[-81.3257,31.3489],[-81.4924,31.3677],[-81.2677,31.2587],[-81.4548,31.206],[-81.5334,30.8537],[-81.2938,29.8941],[-80.5282,28.4726],[-80.4509,27.8664],[-80.6004,28.6003],[-80.8481,28.7906],[-80.0382,26.8112],[-80.1288,25.7753],[-80.1406,25.9008],[-80.4025,25.1862],[-81.102,25.1247],[-81.13,25.3445],[-80.9172,25.2458],[-81.3485,25.8168],[-81.732,25.9205],[-81.8559,26.4489],[-82.0087,26.4845],[-81.7804,26.715],[-82.0391,26.5279],[-82.097,26.9094],[-81.9784,26.9962],[-82.2738,27.016],[-82.1503,26.8032],[-82.3138,26.8494],[-82.7292,27.5147],[-82.5892,27.5032],[-82.4217,27.9172],[-82.5271,27.8248],[-82.691,28.0377],[-82.5619,27.8862],[-82.654,27.6951],[-82.8151,27.8322],[-82.7189,27.6597],[-82.8424,27.8285],[-82.6336,28.8876],[-82.8009,29.1747],[-83.0407,29.1801],[-83.4089,29.6673],[-84.024,30.1066],[-85.3461,29.6784],[-85.3565,29.8887],[-85.6796,30.1343],[-85.395,30.0556],[-85.7205,30.1958],[-85.577,30.3212],[-85.8544,30.2648],[-85.7205,30.1343],[-86.5109,30.4076],[-86.1078,30.3867],[-86.2071,30.5049],[-87.1941,30.3603],[-86.8924,30.4497],[-87.1806,30.5847],[-87.3065,30.3286],[-87.5292,30.2777],[-87.4268,30.4831],[-87.5902,30.2754],[-88.0301,30.2238],[-87.7642,30.2795],[-88.0301,30.7377],[-88.1377,30.3198],[-88.9276,30.4422],[-89.5959,30.1559],[-90.2224,30.3876],[-90.38,30.0804],[-89.6811,30.1685],[-89.8404,30.0114],[-89.6645,29.8755],[-89.366,30.0487],[-89.3453,29.7917],[-89.6015,29.7348],[-89.4825,29.6341],[-89.7569,29.6341],[-89.0102,29.1747],[-89.4136,28.9284],[-89.2762,29.1601],[-89.3837,29.0878],[-89.4552,29.2505],[-89.8181,29.3162],[-89.8163,29.4744],[-90.182,29.5795],[-90.0238,29.4286],[-90.1139,29.1442],[-90.244,29.0915],[-90.4442,29.3577],[-90.758,29.1159],[-91.2851,29.2609],[-91.223,29.3802],[-91.1131,29.271],[-91.2284,29.6081],[-91.2987,29.4838],[-91.5593,29.5385],[-91.8475,29.8312],[-92.2024,29.7644],[-92.0249,29.6273],[-92.3143,29.5344],[-93.1996,29.7728],[-93.831,29.7001],[-93.8541,29.9866],[-93.8758,29.675],[-94.7628,29.3665],[-94.486,29.5661],[-94.779,29.5299],[-94.7341,29.7822],[-94.9196,29.6553],[-95.0523,29.7497],[-94.8211,29.374],[-95.1705,29.2089],[-95.3677,28.8872],[-95.952,28.6887],[-95.7192,28.7155],[-95.8371,28.6465],[-96.2189,28.4895],[-95.9878,28.6448],[-96.2265,28.5871],[-96.1881,28.6909],[-96.4448,28.7639],[-96.3697,28.6267],[-96.4932,28.5789],[-96.6509,28.7297],[-96.4038,28.4349],[-96.6537,28.3195],[-96.7933,28.4797],[-96.8802,28.1506],[-96.9103,28.2636],[-97.1732,28.159],[-97.1491,28.0055],[-97.0211,28.1003],[-97.1841,27.8366],[-97.5211,27.8732],[-97.2596,27.6951],[-97.4112,27.335],[-97.6302,27.3002],[-97.7743,27.4685],[-97.7606,27.2791],[-97.4261,27.2637],[-97.562,26.8379],[-97.1375,25.9745],[-97.8221,23.7884],[-97.7423,22.9721],[-97.8932,22.6103],[-97.7606,22.0959],[-97.3162,21.5609],[-97.4186,21.2734],[-97.3702,21.5375],[-97.7811,22.0959],[-97.1505,20.647],[-96.4561,19.8688],[-96.2904,19.3326],[-95.7528,18.8],[-95.9589,18.8564],[-95.873,18.7379],[-95.1901,18.7051],[-94.4669,18.1442],[-93.5524,18.4294],[-93.1285,18.3406],[-92.7169,18.5922],[-92.6691,18.4294],[-92.6959,18.6156],[-92.4051,18.6711],[-91.9481,18.6912],[-91.8666,18.5984],[-92.0528,18.5467],[-91.902,18.5808],[-91.8143,18.3887],[-91.4865,18.4364],[-91.182,18.6566],[-91.4147,18.8136],[-91.2372,18.9576],[-91.5053,18.8166],[-90.7424,19.343],[-90.7028,19.7111],[-90.4639,19.9779],[-90.3391,20.9724],[-90.4421,20.7943],[-90.0777,21.1737],[-88.1295,21.616],[-87.2569,21.4406],[-87.1383,21.5631],[-87.4132,21.5341],[-87.1115,21.6234],[-86.828,21.4333],[-86.7416,21.1641],[-86.8753,20.855],[-87.4305,20.221],[-87.4798,19.7843],[-87.478,19.9648],[-87.7412,19.6717],[-87.6738,19.5057],[-87.4128,19.5776],[-87.6759,19.3112],[-87.4609,19.3207],[-87.8446,18.1967],[-88.0778,18.4986],[-88.0363,18.875],[-88.391,18.3706],[-88.0915,18.3717],[-88.2877,17.6042],[-88.1673,17.512],[-88.296,17.2381],[-88.2174,16.9555],[-88.349,16.5153],[-88.3113,16.6623],[-88.914,15.8939],[-88.6092,15.7021],[-88.4888,15.8467],[-88.6055,15.9696],[-88.1453,15.6845],[-87.7222,15.9229],[-87.4794,15.786],[-86.3747,15.7709],[-85.9333,15.9367],[-86.0079,16.0311],[-85.4886,15.8696],[-84.9999,15.9879],[-84.6601,15.7745],[-84.2946,15.811],[-83.73,15.4016],[-84.2129,15.5512],[-83.922,15.2479],[-83.8219,15.2707],[-84.0265,15.4087],[-83.7598,15.2021],[-83.4818,15.2156],[-83.703,15.402],[-83.3563,15.2297],[-83.1304,14.997],[-83.4246,14.8039],[-83.1866,14.3476],[-83.5592,13.4158],[-83.4818,12.4167],[-83.6375,12.3857],[-83.564,12.8127],[-83.7746,12.5335],[-83.617,12.348],[-83.671,11.9879],[-83.7777,12.1772],[-83.8361,11.8712],[-83.6517,11.6194],[-83.8679,11.2737],[-83.3945,10.376],[-82.7878,9.6728],[-82.3428,9.4325],[-82.3937,9.2621],[-82.1708,9.1998],[-82.2602,9.021],[-82.1019,8.9316],[-81.7755,8.9403],[-81.8828,9.1795],[-81.5303,8.8087],[-81.0799,8.8048],[-79.793,9.3494],[-79.6303,9.6085],[-78.9706,9.5733],[-79.0581,9.4579],[-78.4526,9.4088],[-77.8601,9.1104],[-76.8323,8.1365],[-76.9337,7.9646],[-76.7796,7.9132],[-76.7748,8.4167],[-76.9472,8.5455],[-76.3155,8.9477],[-75.9438,9.4407],[-75.6206,9.4529],[-75.7051,9.7007],[-75.5307,10.2407],[-75.7036,10.1344],[-75.4618,10.631],[-74.8444,11.1097],[-74.2978,10.9915],[-74.597,10.8678],[-74.3951,10.7495],[-74.1534,11.3437],[-73.2924,11.294],[-72.2631,11.886],[-72.162,12.2429],[-71.9376,12.1664],[-71.6756,12.4683],[-71.2618,12.3419],[-71.1075,12.0749],[-71.3782,11.7584],[-71.9713,11.5548],[-71.5763,10.7211],[-72.1244,9.8261],[-71.9952,9.4592],[-71.7345,9.3847],[-71.8165,9.2333],[-71.6459,9.0496],[-71.0728,9.3135],[-71.0351,9.7404],[-71.5831,10.8092],[-71.4459,10.7962],[-71.5011,10.96],[-70.0365,11.4409],[-70.1616,11.5685],[-69.7949,11.4367],[-69.816,11.6937],[-70.2118,11.6091],[-70.302,11.8581],[-70.0177,12.1989],[-69.6236,11.4678],[-68.8632,11.4529],[-68.4033,11.2003],[-68.1295,10.4877],[-66.2759,10.6522],[-66.0465,10.5765],[-65.923,10.2822],[-65.084,10.0475],[-64.1885,10.4776],[-63.655,10.4945],[-64.2339,10.515],[-64.2707,10.6727],[-61.8458,10.741],[-62.3349,10.5302],[-62.9233,10.5308],[-63.0108,10.4536],[-62.857,10.5316],[-62.8311,10.4068],[-62.9952,10.4079],[-63.004,10.2754],[-62.7645,10.3953],[-62.6266,10.1308],[-63.0176,10.1035],[-62.8011,9.996],[-62.5583,10.2133],[-62.3187,9.7062],[-62.222,9.9384],[-62.2157,9.6379],[-62.1952,9.9328],[-62.0273,9.8744],[-62.1965,10.0197],[-61.7433,9.5964],[-61.8282,9.8272],[-61.5925,9.782],[-61.6367,9.8988],[-60.9606,9.5387],[-60.7854,9.3135],[-61.0854,9.1024],[-60.9591,9.1825],[-61.2095,8.609],[-61.652,8.5858],[-61.284,8.3972],[-61.0266,8.5009],[-61.0719,8.4033],[-60.9756,8.576],[-60.1978,8.6238],[-59.1652,8.0587],[-58.4716,7.3454],[-58.6864,6.3825],[-58.3984,6.8834],[-58.0057,6.7918],[-57.5289,6.2657],[-57.1867,6.1212],[-57.2477,5.4849],[-56.9565,6.0116],[-55.936,5.8047],[-55.8977,5.6767],[-55.8444,5.976],[-55.1299,5.8207],[-54.863,5.8555],[-55.0853,5.9906],[-54.2527,5.8948],[-53.9864,5.7457],[-54.171,5.3484],[-53.9444,5.7446],[-52.9946,5.4576],[-52.2791,4.9312],[-52.3405,4.7246],[-52.2319,4.8754],[-52.0245,4.6935],[-52.0463,4.3336],[-51.9092,4.6557],[-51.8015,4.6127],[-51.6832,4.0394],[-51.5716,4.2354],[-51.4368,3.9295],[-51.5165,4.4411],[-51.2244,4.165],[-50.6793,2.1717],[-50.7797,2.0709],[-50.6196,2.1052],[-50.4665,1.8154],[-49.9506,1.7213],[-49.883,1.3077],[-50.1497,1.2212],[-49.8876,1.1749],[-50.7906,0.1695],[-51.327,-0.0795],[-51.9346,-1.3395],[-52.7081,-1.6],[-52.2791,-1.5182],[-52.204,-1.6902],[-50.8396,-0.9128],[-50.9564,-1.1285],[-50.6547,-1.738],[-50.8442,-1.9553],[-50.6106,-1.8142],[-50.4158,-2.0732],[-49.9769,-1.8261],[-49.8125,-2.108],[-49.8466,-1.9018],[-49.5928,-2.0117],[-49.6548,-1.8951],[-49.422,-1.779],[-49.6199,-2.6702],[-48.9656,-1.5997],[-48.8564,-1.559],[-49.0333,-1.8466],[-48.6569,-1.3834],[-48.4283,-1.6623],[-48.4829,-1.5114],[-48.3253,-1.4705],[-48.4966,-1.4614],[-48.4828,-1.2813],[-48.2502,-1.1894],[-48.1116,-0.7245],[-47.9621,-0.7818],[-47.8091,-0.5652],[-47.7287,-0.7565],[-47.5845,-0.5782],[-47.3931,-0.8126],[-47.4619,-0.5929],[-47.294,-0.5929],[-47.1398,-0.7989],[-47.0775,-0.6657],[-47.0572,-0.8671],[-46.9691,-0.6959],[-46.9474,-0.9013],[-46.8313,-0.7096],[-46.7494,-0.943],[-46.6138,-0.8132],[-46.7494,-1.0187],[-46.4276,-0.8686],[-46.475,-1.0453],[-46.2484,-1.0937],[-46.2003,-0.9076],[-46.2621,-1.1832],[-46.1017,-1.0733],[-46.0504,-1.2104],[-45.9795,-1.0551],[-45.9481,-1.2514],[-45.8675,-1.0635],[-45.8109,-1.3264],[-45.701,-1.1347],[-45.6755,-1.3663],[-45.4085,-1.2968],[-45.4608,-1.5462],[-45.3262,-1.3129],[-45.3236,-1.7448],[-45.1632,-1.4828],[-44.9674,-1.594],[-44.8612,-1.4269],[-44.9338,-1.6555],[-44.8229,-1.5759],[-44.8219,-1.7592],[-44.7079,-1.7175],[-44.8104,-1.8132],[-44.598,-1.7448],[-44.4881,-1.9875],[-44.824,-2.2792],[-44.6656,-2.2709],[-44.6527,-2.4295],[-44.4617,-2.1446],[-44.3625,-2.3103],[-44.656,-2.5932],[-44.5404,-2.5383],[-44.796,-3.3002],[-44.433,-2.9503],[-44.2926,-2.4811],[-44.0344,-2.4152],[-44.3485,-2.8102],[-44.1865,-2.759],[-44.2002,-2.8689],[-43.9232,-2.5468],[-43.5373,-2.436],[-43.4529,-2.5529],[-43.4263,-2.3378],[-42.2394,-2.8342],[-41.8386,-2.7295],[-41.2445,-3.0152],[-41.2569,-2.8752],[-39.9857,-2.8484],[-38.4774,-3.6974],[-37.1829,-4.9109],[-35.39,-5.2446],[-35.1509,-6.216],[-34.9823,-6.3914],[-34.9147,-7.1305],[-34.8396,-6.9729],[-34.7936,-7.1762],[-34.9386,-8.3471],[-35.3051,-9.193],[-35.6962,-9.6729],[-35.963,-9.6108],[-35.8106,-9.7448],[-36.4081,-10.5021],[-36.9031,-10.7729],[-37.1383,-11.1259],[-37.2751,-11.0227],[-37.1492,-11.1874],[-37.3301,-11.4207],[-37.2994,-11.1948],[-37.4701,-11.3587],[-37.4919,-11.5163],[-37.3608,-11.4548],[-37.6547,-12.0497],[-38.2132,-12.82],[-38.5097,-13.0214],[-38.5089,-12.7229],[-38.691,-12.5715],[-38.8066,-12.8351],[-38.8617,-12.6541],[-38.9237,-12.7366],[-38.7245,-12.8732],[-39.1155,-13.5994],[-39.0118,-13.497],[-38.98,-13.8359],[-39.1488,-13.7369],[-38.9945,-13.8635],[-39.0398,-14.1754],[-38.9299,-13.8976],[-39.0671,-14.675],[-38.8617,-15.8543],[-39.2086,-17.1622],[-39.1371,-17.6796],[-39.6594,-18.2736],[-39.7862,-19.602],[-40.0268,-19.7644],[-40.2328,-20.2668],[-40.3693,-20.2327],[-40.2595,-20.3215],[-40.3487,-20.5001],[-40.7585,-20.8642],[-41.0572,-21.4838],[-40.9726,-21.9867],[-41.9663,-22.5354],[-41.8698,-22.7521],[-42.0135,-22.9817],[-43.0314,-22.9743],[-43.0756,-22.6657],[-43.2702,-22.747],[-43.1708,-22.9698],[-43.5604,-23.0675],[-44.0037,-23.0911],[-43.6037,-23.0077],[-43.8502,-22.8923],[-44.1864,-23.049],[-44.4114,-22.9374],[-44.7005,-23.1077],[-44.5012,-23.2965],[-45.413,-23.6179],[-45.4267,-23.8307],[-45.8644,-23.7564],[-46.2877,-24.0212],[-46.3854,-23.8735],[-46.376,-24.0245],[-48.0516,-25.0368],[-47.8871,-25.0573],[-48.2091,-25.4576],[-48.1273,-25.28],[-48.3328,-25.3583],[-48.3253,-25.2286],[-48.4557,-25.2485],[-48.4727,-25.4757],[-48.743,-25.3521],[-48.7108,-25.4964],[-48.3612,-25.571],[-48.541,-25.8455],[-48.7694,-25.8674],[-48.5635,-25.8658],[-48.5925,-26.1839],[-48.7338,-26.2247],[-48.7965,-26.0685],[-48.7982,-26.3049],[-48.6079,-26.4367],[-48.6072,-27.1044],[-48.4761,-27.154],[-48.62,-27.2467],[-48.6359,-28.2302],[-48.7612,-28.4874],[-48.874,-28.3463],[-48.7561,-28.5284],[-49.8107,-29.4431],[-50.7214,-31.0445],[-52.0774,-32.1673],[-52.0873,-31.8278],[-51.8363,-31.8549],[-51.245,-31.464],[-51.1619,-31.0777],[-50.9759,-31.131],[-50.9784,-30.8933],[-50.6926,-30.7265],[-50.7257,-30.3631],[-50.565,-30.4501],[-50.6148,-30.1862],[-50.9364,-30.4316],[-51.2835,-30.0074],[-51.327,-30.2245],[-51.0906,-30.352],[-51.2505,-30.4623],[-51.2697,-30.7818],[-51.3771,-30.6423],[-51.443,-31.081],[-51.9635,-31.3323],[-52.0079,-31.6462],[-52.0833,-31.5587],[-52.2186,-31.7407],[-52.1339,-31.9308],[-52.2586,-32.0536],[-52.0814,-32.032],[-52.0912,-32.1661],[-52.6217,-33.102],[-53.4509,-33.8015],[-53.7649,-34.3904],[-54.1459,-34.6676],[-54.3286,-34.5618],[-54.3065,-34.7077],[-54.9586,-34.9734],[-55.6934,-34.7647],[-56.1561,-34.9412],[-57.152,-34.4509],[-57.8554,-34.471],[-58.4346,-33.7849],[-58.3669,-33.1537],[-58.0485,-32.9117],[-58.2004,-32.4446],[-58.1468,-33.05],[-58.4302,-33.1026],[-58.5492,-33.7053],[-58.3786,-34.1882],[-58.5704,-34.2882],[-58.315,-34.6572],[-57.2488,-35.2488],[-57.1281,-35.4413],[-57.3664,-35.9879],[-56.9392,-36.3849],[-56.7406,-36.3166],[-56.6683,-36.7364]]],[[[44.2547,-20.3761],[44.4739,-19.9863],[44.3709,-19.774],[44.4797,-19.484],[44.2344,-19.0888],[43.924,-17.5465],[44.4307,-16.7004],[44.4447,-16.1957],[44.8683,-16.2209],[45.2664,-15.9239],[45.2979,-16.112],[45.3794,-15.9738],[45.6047,-16.0519],[45.6609,-15.8038],[46.0661,-15.8619],[46.1442,-15.7037],[46.3311,-15.9772],[46.4688,-15.9567],[46.299,-15.8157],[46.3327,-15.6301],[46.9495,-15.1984],[47.0747,-15.324],[46.9583,-15.5496],[47.2321,-15.4333],[47.0559,-15.1936],[47.4448,-14.6716],[47.4277,-15.1076],[47.7971,-14.5663],[48.0003,-14.7623],[48.013,-14.6301],[47.7529,-14.6005],[47.7015,-14.4464],[47.9201,-14.086],[48.0339,-14.2624],[47.9043,-13.6032],[48.0684,-13.5173],[48.2987,-13.7983],[48.3333,-13.5463],[48.5342,-13.5208],[48.4823,-13.3604],[48.7801,-13.3839],[48.9553,-12.8117],[48.73,-12.435],[48.9458,-12.4799],[49.2781,-11.9477],[49.3731,-12.1982],[49.2297,-12.2221],[49.5394,-12.3782],[49.6548,-12.8049],[49.7442,-12.7434],[49.9421,-13.0339],[50.2097,-14.7507],[50.4834,-15.4435],[50.1681,-15.9846],[49.9011,-15.4223],[49.6384,-15.5446],[49.6898,-16.0868],[49.8499,-16.2408],[49.7249,-16.754],[49.8403,-16.8276],[49.6084,-16.8966],[49.4313,-17.2839],[49.5096,-17.7277],[49.3592,-18.424],[47.9006,-22.4811],[47.5687,-23.8526],[46.9647,-25.0657],[45.1626,-25.5986],[44.0288,-24.999],[43.6729,-24.3349],[43.6248,-23.7619],[43.7612,-23.4638],[43.3612,-22.8432],[43.2229,-22.2548],[43.5075,-21.3095],[43.8128,-21.2243],[44.2547,-20.3761]]],[[[134.1956,-32.4959],[133.8644,-32.5468],[133.95,-32.3894],[133.6492,-32.1017],[133.2708,-32.2188],[132.7762,-31.9509],[132.2337,-32.033],[131.1775,-31.4776],[129.2004,-31.6564],[127.2887,-32.2734],[125.9774,-32.2843],[124.2012,-33.038],[123.9525,-33.5673],[123.5266,-33.9387],[123.1546,-34.0095],[123.0231,-33.8606],[122.0947,-34.0191],[122.0057,-33.8207],[121.3338,-33.8152],[120.0022,-33.926],[119.572,-34.142],[119.5593,-34.3837],[119.23,-34.5322],[118.8399,-34.4526],[118.1994,-35.0168],[117.8355,-35.0314],[117.9329,-35.1204],[116.6379,-35.0502],[116.3875,-34.8575],[115.9785,-34.8356],[115.6123,-34.4459],[115.0104,-34.245],[114.9885,-33.5211],[115.3672,-33.6313],[115.7101,-33.2707],[115.6009,-32.6617],[115.7009,-32.513],[115.7141,-32.7805],[115.7215,-31.7726],[115.0608,-30.5224],[114.8425,-29.1086],[114.166,-28.1067],[114.0125,-27.3154],[113.157,-26.1519],[113.276,-26.2349],[113.3062,-25.9967],[113.3843,-26.3828],[113.3627,-26.0128],[113.5655,-26.5651],[113.6251,-26.44],[113.6696,-26.6529],[113.8703,-26.5221],[113.8848,-26.3427],[113.4208,-25.7282],[113.5152,-25.5093],[113.757,-25.8852],[113.728,-26.197],[113.8545,-25.9443],[114.0215,-26.3909],[114.2344,-26.3166],[114.2586,-25.8419],[113.6921,-25.1052],[113.3914,-24.4137],[113.4597,-23.9103],[113.7688,-23.4577],[113.8074,-22.9306],[113.6521,-22.5627],[114.0358,-21.8378],[114.176,-21.8222],[114.1224,-22.5042],[114.3569,-22.486],[114.6467,-21.8434],[115.4785,-21.5012],[116.1963,-20.8469],[116.7909,-20.5349],[116.8555,-20.7121],[117.7363,-20.6585],[118.1509,-20.3561],[118.8057,-20.281],[119.0955,-19.9667],[119.5899,-20.0659],[121.1283,-19.5207],[121.811,-18.4626],[122.347,-18.1212],[122.3441,-17.983],[122.1698,-17.9783],[122.172,-17.2612],[122.4729,-16.9202],[122.595,-16.971],[122.5824,-16.7796],[122.821,-16.7797],[122.7588,-16.6044],[122.9162,-16.4159],[123.0203,-16.3826],[122.9598,-16.5803],[123.5708,-17.5951],[123.595,-16.9851],[123.9133,-17.2156],[123.7946,-17.0001],[123.9533,-16.8285],[123.7925,-16.8907],[123.5099,-16.6539],[123.6092,-16.5463],[123.4242,-16.4911],[123.7117,-16.4298],[123.5702,-16.1769],[123.8069,-16.1911],[123.863,-16.4298],[123.9928,-16.3779],[123.9109,-16.2175],[124.2227,-16.3956],[124.904,-16.4024],[124.4015,-16.3293],[124.4343,-16.0578],[124.5962,-16.115],[124.7327,-15.8066],[124.4863,-15.9983],[124.3765,-15.5253],[124.6826,-15.4739],[124.6637,-15.2504],[125.1852,-15.5178],[125.1443,-15.3131],[124.8853,-15.2968],[125.0554,-15.1623],[124.8699,-15.2504],[124.842,-15.1412],[125.0723,-14.9685],[125.1653,-15.1623],[125.1653,-15.0114],[125.4321,-15.138],[125.136,-14.7359],[125.3477,-14.4987],[125.4395,-14.6388],[125.5892,-14.5453],[125.6182,-14.2237],[125.7332,-14.2709],[125.6377,-14.6347],[125.7329,-14.3985],[125.9181,-14.6378],[126.1448,-14.1952],[125.9728,-14.0214],[126.0864,-13.8894],[126.2888,-14.2301],[126.5275,-13.929],[126.4533,-14.0776],[126.6035,-14.2301],[126.8635,-13.7433],[127.1297,-13.9677],[127.4185,-13.942],[128.2313,-14.7182],[128.0243,-15.4965],[128.1252,-15.1821],[128.2893,-15.4018],[128.1958,-15.0568],[128.3135,-14.905],[128.4502,-15.0427],[128.3884,-14.8034],[128.5324,-14.7529],[129.1023,-14.9054],[129.1526,-15.2237],[129.2288,-14.8366],[129.7271,-15.1936],[129.6492,-14.8327],[129.9933,-14.725],[129.7627,-14.8196],[129.5881,-14.6135],[129.7894,-14.5317],[129.5353,-14.5453],[129.3729,-14.3293],[129.4822,-14.0519],[129.7356,-13.9918],[129.8913,-13.4377],[129.9689,-13.5305],[130.3323,-13.3464],[130.1227,-13.1646],[130.1299,-12.9405],[130.3186,-12.906],[130.5068,-12.5964],[130.6929,-12.7006],[130.5784,-12.4008],[130.8999,-12.6398],[130.8247,-12.4008],[131.0513,-12.3735],[131.0261,-12.1471],[131.2573,-12.2363],[131.2962,-12.0439],[131.4478,-12.2898],[132.0579,-12.3067],[132.2513,-12.1563],[132.3875,-12.3803],[132.4396,-12.1549],[132.7576,-12.1334],[132.593,-11.7844],[132.6956,-11.6535],[132.4954,-11.4762],[132.1065,-11.5231],[131.7676,-11.3108],[131.9856,-11.1292],[132.1747,-11.4064],[132.1481,-11.1373],[132.2852,-11.2685],[132.343,-11.122],[132.6742,-11.5084],[132.911,-11.3318],[133.1668,-11.7044],[133.5321,-11.7491],[133.5321,-11.8658],[133.9158,-11.7223],[133.8438,-11.8552],[134.1379,-11.8795],[134.1858,-12.0764],[134.7686,-11.9477],[135.2176,-12.3008],[135.9004,-11.7592],[135.7169,-12.003],[135.9163,-11.9682],[135.6521,-12.2033],[135.7319,-12.3115],[136.0535,-12.0644],[135.9354,-12.2136],[136.0602,-12.2322],[136.0339,-12.4659],[136.2845,-12.4158],[136.363,-12.2229],[136.177,-12.1708],[136.5722,-11.8964],[136.4703,-11.9864],[136.6636,-12.2636],[136.7609,-12.1645],[136.9837,-12.3455],[136.7402,-12.4758],[136.6107,-12.8303],[136.4717,-12.7739],[136.6575,-12.9957],[136.4968,-12.9752],[136.4723,-13.2424],[136.322,-13.308],[136.3329,-13.0469],[135.8834,-13.3258],[135.8867,-13.7136],[136.0779,-13.6627],[135.9094,-14.1952],[135.3682,-14.7228],[135.4696,-14.948],[136.2246,-15.4086],[136.7156,-15.936],[136.9919,-15.8642],[137.7461,-16.2521],[138.1843,-16.6972],[139.0083,-16.8954],[139.2742,-17.3483],[139.9995,-17.7062],[140.5232,-17.6303],[140.8452,-17.4412],[141.4312,-16.0618],[141.6657,-15.0114],[141.4678,-13.8655],[141.6936,-13.2506],[141.5838,-12.9858],[141.8097,-12.6677],[141.9387,-12.9085],[142.0083,-12.7149],[141.7448,-12.4548],[141.5906,-12.5408],[141.8312,-12.006],[142.033,-12.0412],[141.9476,-11.8962],[142.1511,-10.9506],[142.5462,-10.6877],[142.5017,-10.9478],[142.742,-10.975],[142.8722,-11.3825],[142.8623,-11.8368],[143.249,-11.9682],[143.0772,-12.3288],[143.4339,-12.6131],[143.3589,-12.8805],[143.5438,-12.8328],[143.5301,-13.7502],[143.7827,-14.4023],[143.9412,-14.5112],[144.4863,-14.1619],[144.6776,-14.5558],[145.3457,-14.9426],[145.2439,-15.4284],[145.4624,-16.0605],[145.4004,-16.4433],[145.7743,-16.9884],[145.9551,-16.8731],[145.8818,-17.0597],[146.1477,-17.6326],[146.0101,-18.2365],[146.3394,-18.527],[146.3333,-18.9591],[146.9051,-19.3046],[147.0241,-19.1774],[147.134,-19.4108],[147.4214,-19.4128],[147.4024,-19.3039],[147.6843,-19.8281],[147.8239,-19.7143],[148.402,-20.1985],[148.5601,-20.0527],[148.782,-20.2408],[148.937,-20.5349],[148.701,-20.4392],[148.6602,-20.5722],[148.8272,-20.8906],[149.2312,-21.0898],[149.2922,-21.5107],[149.4872,-21.5359],[149.6633,-22.4938],[149.8128,-22.3781],[150.0467,-22.6453],[149.9235,-22.2983],[150.0536,-22.1415],[150.6091,-22.6105],[150.5437,-22.367],[150.6775,-22.358],[150.8264,-22.6979],[150.814,-23.5092],[151.5505,-24.0914],[151.7804,-24.0226],[152.1231,-24.5917],[152.4697,-24.8056],[152.5677,-25.1786],[152.9138,-25.2877],[152.884,-25.6742],[153.0213,-25.969],[153.0615,-25.8176],[153.2056,-25.935],[153.0741,-26.3166],[153.2102,-27.0772],[153.0383,-27.1935],[153.4458,-27.7914],[153.6306,-28.6616],[153.0431,-30.4938],[152.9345,-31.4828],[152.5464,-32.0437],[152.5399,-32.4421],[151.7992,-32.8937],[151.4242,-33.5278],[151.2307,-33.5349],[151.2814,-33.9523],[151.0952,-34.0144],[151.2312,-34.0405],[150.801,-34.5483],[150.917,-34.6034],[150.7271,-34.8741],[150.8447,-35.0772],[150.6956,-35.0261],[150.7595,-35.1789],[150.554,-35.2136],[150.1909,-35.7268],[149.8761,-37.0959],[150.0536,-37.2687],[149.9854,-37.4959],[149.7184,-37.5158],[149.4912,-37.7833],[147.7576,-37.9851],[146.8477,-38.685],[146.2241,-38.7145],[146.2864,-38.9098],[146.4767,-38.8105],[146.3942,-39.145],[146.1817,-38.8683],[145.9212,-38.9067],[145.8093,-38.6502],[145.3731,-38.5368],[145.5569,-38.3852],[145.4644,-38.2346],[144.9446,-38.5103],[144.6768,-38.3332],[144.9829,-38.3414],[145.1193,-38.1594],[144.9348,-37.8679],[144.3731,-38.1184],[144.7048,-38.1461],[144.6528,-38.2858],[144.4019,-38.3012],[143.537,-38.8583],[142.5025,-38.3744],[141.762,-38.2618],[141.5579,-38.4397],[141.1343,-38.1276],[140.5938,-38.0334],[139.7415,-37.1808],[139.672,-36.9534],[139.8571,-36.6349],[139.5674,-36.0753],[138.9178,-35.5768],[139.672,-36.2278],[139.0414,-35.6041],[139.1553,-35.5034],[139.3381,-35.6874],[139.2189,-35.5073],[139.363,-35.3769],[139.178,-35.3154],[138.9612,-35.4138],[139.0309,-35.5175],[138.7938,-35.484],[138.9934,-35.5475],[138.5313,-35.6459],[138.1074,-35.6207],[138.4382,-35.3427],[138.5506,-34.7819],[138.1003,-34.1441],[137.7495,-35.131],[136.8394,-35.2561],[137.0198,-34.9015],[137.4461,-34.9174],[137.4524,-34.1557],[137.9309,-33.6165],[137.8104,-33.26],[138.0402,-33.0816],[137.7739,-32.5198],[137.7783,-32.9828],[137.4522,-33.1401],[137.2249,-33.6533],[136.6074,-33.9029],[136.1014,-34.5348],[135.9368,-34.5346],[135.7995,-34.8053],[136.0164,-34.7441],[135.9646,-35.0075],[135.1081,-34.596],[135.2098,-34.4316],[135.5036,-34.6119],[135.1898,-33.893],[134.8408,-33.6313],[134.7062,-33.1729],[134.3335,-33.205],[134.0687,-32.9293],[134.0741,-32.714],[134.214,-32.8062],[134.2976,-32.6785],[134.1956,-32.4959]]],[[[40.4651,-11.4504],[40.4782,-12.5011],[40.6468,-12.7553],[40.4109,-12.9421],[40.5952,-12.9757],[40.6506,-14.0319],[40.5386,-14.1645],[40.7461,-14.2709],[40.6294,-14.5663],[40.8425,-14.4645],[40.8401,-14.7983],[40.6431,-14.8538],[40.7739,-14.9977],[40.5127,-15.1821],[40.6817,-15.233],[40.5818,-15.4921],[39.7834,-16.3019],[39.856,-16.4298],[39.0905,-16.9838],[38.1729,-17.2875],[38.0808,-17.1907],[38.1279,-17.2863],[37.1895,-17.7387],[36.9841,-18.0124],[36.8328,-17.8776],[36.9772,-18.0466],[36.4075,-18.7848],[36.2381,-18.6941],[36.2669,-18.8909],[36.1238,-18.8007],[35.8553,-18.9513],[35.1268,-19.705],[34.8801,-19.8634],[34.5304,-19.6163],[34.7776,-19.815],[34.6683,-20.5411],[35.1133,-20.9459],[35.0164,-21.1111],[35.271,-21.6441],[35.3941,-22.4877],[35.4414,-22.1196],[35.5173,-22.3102],[35.5514,-22.1791],[35.6061,-22.9147],[35.3403,-23.6762],[35.3324,-23.9645],[35.5274,-23.803],[35.4935,-24.1105],[35.1065,-24.5979],[33.2146,-25.2973],[32.4852,-25.9654],[32.8425,-26.2887],[32.9551,-26.1056],[32.8652,-27.0173],[32.3921,-28.5353],[31.365,-29.3326],[30.0628,-31.2387],[27.8971,-33.04],[26.5151,-33.7553],[25.7111,-33.7742],[25.6975,-34.0349],[25.0115,-33.971],[24.8273,-34.2057],[23.6355,-33.9797],[23.4084,-34.11],[22.5837,-33.9941],[22.1692,-34.0832],[21.7887,-34.3813],[20.5244,-34.4543],[19.9993,-34.822],[19.2969,-34.6178],[19.3602,-34.5004],[19.1399,-34.2944],[18.8176,-34.3769],[18.8001,-34.0895],[18.4784,-34.1069],[18.4701,-34.3474],[18.3138,-34.1446],[18.4318,-33.6967],[17.843,-32.8233],[18.3108,-32.5728],[18.2137,-31.7306],[17.282,-30.3478],[16.8241,-29.101],[16.4871,-28.5729],[15.6789,-27.9428],[15.1169,-26.7962],[15.1687,-26.5922],[14.8403,-25.7517],[14.8533,-25.0642],[14.4592,-24.0983],[14.5086,-22.548],[11.7969,-17.9561],[11.7518,-15.7991],[11.992,-15.6173],[12.1453,-15.1686],[12.5221,-13.4106],[12.9395,-12.8167],[13.6398,-12.2487],[13.8485,-10.9821],[12.9963,-9.0938],[13.3801,-8.7551],[13.3789,-8.3471],[12.85,-7.2659],[12.8335,-6.9123],[12.2751,-6.1148],[13.1843,-5.8562],[12.3966,-6.006],[12.1618,-5.6812],[12.2322,-5.4796],[12.0231,-5.046],[12.1325,-5.0059],[11.9943,-5.0058],[11.8064,-4.5771],[9.7035,-2.443],[9.9773,-2.6287],[10.1375,-2.5274],[9.6198,-2.3818],[9.2713,-1.8766],[9.5432,-2.0709],[9.5178,-1.9264],[9.2554,-1.8352],[8.9836,-1.2309],[9.2803,-1.6751],[9.5596,-1.6076],[9.4566,-1.4705],[9.2866,-1.5661],[9.3355,-1.2834],[9.1857,-1.4106],[9.03,-1.2991],[8.6956,-0.5866],[9.0115,-0.8746],[9.3065,-0.3323],[9.3454,0.3558],[9.488,0.0983],[9.8122,0.0235],[9.7586,0.1256],[10.0256,0.188],[9.4981,0.291],[9.3057,0.5443],[9.5391,0.6815],[9.6079,0.4692],[9.5664,0.9831],[9.8475,1.0725],[9.3467,1.1817],[9.7445,1.6],[9.6073,1.6444],[9.8097,1.935],[9.958,3.0822],[9.6421,3.539],[9.8196,3.6279],[9.6262,3.6],[9.5459,3.8196],[9.7445,3.8196],[9.7644,3.9575],[9.6189,3.9604],[9.7546,4.1357],[9.5794,4.013],[9.4785,4.1114],[9.464,3.91],[9.2107,3.9643],[8.9712,4.1008],[8.9016,4.5874],[8.6551,4.7383],[8.7227,4.5131],[8.5256,4.5117],[8.5925,4.8202],[8.469,4.7117],[8.1817,4.9914],[8.2886,4.5486],[7.5584,4.5253],[7.5448,4.711],[7.281,4.5049],[7.0718,4.7581],[7.1782,4.5015],[7.044,4.4366],[6.9627,4.7309],[7.0221,4.3885],[6.8801,4.3882],[6.7156,4.8345],[6.8708,4.3608],[6.7156,4.3547],[6.7361,4.6079],[6.6877,4.3366],[6.5808,4.5079],[6.5696,4.3349],[6.2705,4.2926],[6.2425,4.498],[6.2171,4.2906],[6.0554,4.4199],[6.0618,4.2952],[5.9463,4.3352],[5.5669,4.6752],[5.386,5.1256],[5.4959,5.1423],[5.3656,5.1635],[5.3457,5.3572],[5.5779,5.382],[5.6399,5.5402],[5.376,5.3988],[5.1912,5.5539],[5.5021,5.6173],[5.326,5.6054],[5.3314,5.7246],[5.1797,5.5826],[5.0886,5.7087],[5.2904,5.9101],[5.0447,5.7675],[4.4055,6.3589],[3.3849,6.4445],[3.7737,6.6224],[3.4812,6.6022],[3.3845,6.3977],[1.271,6.1337],[0.9548,5.7911],[0.2433,5.7562],[-1.9814,4.7524],[-3.2764,5.1181],[-2.8437,5.1491],[-3.1391,5.1423],[-3.1344,5.3668],[-3.3122,5.1199],[-4.0019,5.2665],[-3.7289,5.2665],[-3.8049,5.376],[-3.744,5.274],[-4.6735,5.3136],[-4.8086,5.1805],[-3.9958,5.2317],[-4.8926,5.1286],[-5.3215,5.2302],[-5.399,5.142],[-5.0024,5.1286],[-5.8513,5.03],[-7.4568,4.3441],[-7.7127,4.3615],[-9.105,5.0316],[-11.5675,6.9926],[-12.5066,7.3898],[-12.1838,7.6027],[-12.4637,7.562],[-12.452,7.7741],[-12.7012,7.7081],[-12.9591,7.9112],[-12.8213,7.9174],[-12.9721,8.2539],[-13.1639,8.1713],[-13.2868,8.5002],[-13.0336,8.3767],[-13.1161,8.473],[-12.8759,8.6852],[-13.1577,8.671],[-13.1685,8.5252],[-13.2402,8.8258],[-12.9857,8.8571],[-13.2884,8.9695],[-13.1577,9.1855],[-13.3153,9.1821],[-13.3011,9.3568],[-13.4078,9.287],[-13.4867,9.5691],[-13.7262,9.5111],[-13.5611,9.7882],[-13.7289,9.7441],[-13.6853,9.9465],[-13.8277,9.8554],[-14.0583,10.0253],[-13.9999,10.1997],[-14.1303,10.0489],[-14.1378,10.1792],[-14.4626,10.2252],[-14.535,10.5082],[-14.6647,10.5116],[-14.5002,10.8911],[-14.6861,10.6482],[-14.6514,10.81],[-14.7928,10.745],[-14.6852,11.0637],[-14.9186,11.029],[-15.0139,10.7826],[-15.1172,10.9843],[-15.0009,11.2168],[-15.2301,10.9948],[-15.2066,11.2338],[-15.3582,11.1442],[-15.4261,11.2865],[-15.2681,11.433],[-15.5027,11.3367],[-15.2811,11.6248],[-15.0073,11.6118],[-15.2265,11.7551],[-15.4387,11.5571],[-15.5179,11.7927],[-15.067,11.9401],[-14.9359,11.753],[-15.0702,11.8607],[-14.994,11.9637],[-15.4044,11.9672],[-15.8304,11.7484],[-15.7956,11.8854],[-15.959,11.7348],[-15.7137,12.0158],[-16.1246,11.8854],[-16.3551,12.0873],[-16.0631,12.351],[-16.4576,12.1719],[-16.803,12.4438],[-16.5797,12.6328],[-15.6334,12.5395],[-15.394,12.8102],[-15.641,12.5595],[-16.0221,12.729],[-16.371,12.5645],[-16.6347,12.6694],[-16.5969,12.7973],[-16.7546,12.5722],[-16.8297,13.3385],[-16.6788,13.4962],[-16.4194,13.2082],[-16.1513,13.2764],[-16.1612,13.4287],[-15.2947,13.4962],[-16.5218,13.359],[-16.5089,13.7402],[-16.64,13.6965],[-16.487,14.0026],[-16.7001,13.769],[-16.7468,13.9514],[-16.3647,14.1678],[-16.7279,14.0647],[-16.7751,13.8388],[-16.9565,14.3901],[-17.2241,14.6904],[-17.536,14.7574],[-17.1387,14.9277],[-16.5389,15.7744],[-16.4592,16.6439],[-16.049,17.6672],[-16.2046,18.9827],[-16.5355,19.3808],[-16.2849,19.5293],[-16.4651,19.4125],[-16.2338,19.7936],[-16.2023,20.2333],[-16.4087,20.675],[-16.5293,20.739],[-16.5423,20.5609],[-16.6727,20.6776],[-16.9176,21.1592],[-17.1002,20.8376],[-16.921,21.9313],[-16.4666,22.3774],[-15.7726,23.7878],[-15.7751,23.9119],[-16.0098,23.6554],[-15.8712,23.8692],[-14.8956,24.7057],[-14.4661,26.1942],[-13.5611,26.7491],[-12.9524,27.9286],[-11.4856,28.3256],[-10.2484,29.2994],[-9.6551,30.1269],[-9.6116,30.4044],[-9.8885,30.6483],[-9.8475,31.4024],[-9.2777,32.1966],[-9.2599,32.5769],[-8.5292,33.2687],[-6.8221,34.0396],[-5.908,35.7973],[-5.2831,35.9117],[-5.3188,35.7017],[-5.0663,35.4175],[-4.376,35.1518],[-3.6996,35.2908],[-3.3192,35.2018],[-2.9686,35.4464],[-2.8561,35.1313],[-2.7481,35.116],[-2.8784,35.2463],[-1.9565,35.075],[-1.364,35.3183],[-1.0329,35.6826],[-0.3485,35.907],[-0.0831,35.7944],[0.3423,36.206],[1.0448,36.4869],[2.6008,36.5963],[2.9331,36.8086],[3.8739,36.9172],[4.7871,36.8954],[5.3044,36.643],[6.4158,37.093],[6.9094,36.8931],[7.157,36.9147],[7.2227,37.0898],[7.7986,36.9936],[7.8665,36.8544],[8.4976,36.9042],[9.7446,37.3452],[9.8589,37.3288],[9.8159,37.1518],[9.8825,37.2636],[10.2721,37.1785],[10.1281,37.1587],[10.3472,36.8803],[10.1885,36.7976],[10.3553,36.7312],[11.0127,37.0848],[11.1362,36.8705],[10.4793,36.217],[10.6086,35.8559],[11.041,35.6377],[11.1608,35.2382],[10.8714,34.7974],[10.0052,34.1706],[10.3303,33.7028],[10.7166,33.7069],[10.7381,33.478],[11.0428,33.6179],[11.1021,33.3641],[11.2937,33.2868],[11.1336,33.3114],[11.1795,33.2111],[12.3039,32.8431],[13.3517,32.9042],[15.182,32.3955],[15.7615,31.3881],[17.8486,30.9237],[18.968,30.2777],[19.6164,30.4214],[20.0365,30.8191],[20.1467,31.2168],[19.9172,31.7592],[20.0715,32.1764],[20.5627,32.5578],[21.7163,32.9504],[23.1061,32.6398],[23.0806,32.3341],[23.3122,32.1627],[24.9817,31.9679],[25.1909,31.5315],[25.9668,31.6166],[26.9655,31.4497],[29.0281,30.8271],[30.0696,31.3335],[30.2887,31.2379],[30.1795,31.2783],[30.3622,31.5087],[30.9739,31.5867],[30.5427,31.4024],[30.7344,31.3881],[31.1192,31.4931],[30.978,31.5843],[31.0974,31.6079],[31.5568,31.4433],[31.9448,31.5209],[32.1996,31.2951],[31.8895,31.5321],[31.7669,31.2847],[32.1065,31.0534],[32.2835,31.1365],[32.207,31.2951],[32.6016,31.061],[32.9273,31.1554],[32.7007,31.0387],[33.1265,31.1964],[33.1333,31.0456],[34.2227,31.3266],[34.7119,31.9516],[34.9556,32.8344],[35.6409,33.9994],[35.6652,34.3113],[35.9888,34.5527],[35.919,35.4177],[35.7234,35.5759],[35.9754,36.0185],[35.7887,36.3203],[36.1891,36.604],[36.189,36.8017],[35.985,36.9156],[35.346,36.5411],[34.6929,36.8139],[33.959,36.2136],[33.8711,36.3149],[33.6882,36.137],[32.8037,36.0272],[32.3655,36.178],[32.0188,36.5465],[30.6865,36.8912],[30.4274,36.2264],[30.1585,36.2987],[29.6724,36.1234],[29.0964,36.3909],[29.0964,36.6652],[28.939,36.7513],[28.8289,36.6025],[28.452,36.8836],[28.0359,36.5648],[27.9661,36.6888],[28.1184,36.8006],[27.4043,36.6652],[28.0275,36.7813],[28.0418,36.9389],[28.3294,37.0368],[27.2632,36.9634],[27.2529,37.124],[27.5651,37.1256],[27.616,37.2747],[27.1908,37.3573],[27.2085,37.5969],[27.0115,37.6657],[27.2495,37.7443],[27.2391,37.9879],[26.2346,38.2738],[26.513,38.4329],[26.3879,38.4543],[26.403,38.6773],[26.6731,38.3072],[26.7024,38.4302],[27.1642,38.4534],[26.9354,38.4349],[26.7191,38.6527],[27.0627,38.8869],[26.8065,38.9501],[26.8753,39.0909],[26.6092,39.2752],[26.9377,39.5748],[26.0742,39.4745],[26.1886,40.0018],[26.7356,40.4036],[27.287,40.4682],[27.7898,40.3205],[27.8836,40.3863],[27.76,40.5371],[28.0344,40.4744],[27.9447,40.366],[29.0516,40.3673],[29.1515,40.4341],[28.7927,40.5533],[29.9393,40.7351],[29.2546,40.8108],[29.0076,41.0305],[29.1697,41.2331],[31.2312,41.092],[31.4036,41.3165],[32.2634,41.7202],[33.3245,42.019],[34.6942,41.946],[35.0239,42.0925],[35.2163,42.0236],[35.0921,41.928],[35.2982,41.7152],[36.0449,41.7015],[36.395,41.2564],[36.7581,41.3663],[37.1355,41.1466],[38.3309,40.9179],[39.4302,41.1125],[40.1428,40.9228],[41.3904,41.3793],[41.7398,41.7499],[41.4243,42.7399],[40.856,43.0631],[40.3351,43.1409],[38.7583,44.2736],[38.2173,44.3872],[37.7785,44.7298],[37.4987,44.6684],[37.1919,44.991],[36.5781,45.1871],[36.9617,45.2829],[36.6681,45.3264],[36.8333,45.443],[37.1394,45.3355],[37.0784,45.239],[37.736,45.3061],[37.5951,45.6353],[37.9401,46.0203],[38.0975,46.0578],[38.0396,45.8161],[38.1675,46.1205],[38.576,46.0873],[37.971,46.3618],[37.7307,46.6701],[38.5916,46.6592],[38.3782,46.7082],[38.403,46.821],[39.28,47.0128],[39.3887,47.1152],[39.2649,47.0966],[39.264,47.2608],[38.478,47.1425],[38.8104,47.2878],[38.1081,47.0264],[37.5807,47.0904],[37.3352,46.8825],[36.8537,46.8005],[36.7693,46.6374],[36.6961,46.78],[36.2783,46.6074],[35.9016,46.6527],[34.9821,46.0778],[35.3421,46.3358],[35.1883,46.5124],[35.1084,46.2978],[34.8113,46.1662],[35.3322,45.3712],[36.284,45.4766],[36.6384,45.3513],[36.4373,45.272],[36.4401,45.0675],[35.848,44.9924],[35.5062,45.1135],[35.0808,44.7938],[34.5,44.7426],[33.9378,44.381],[33.3723,44.5765],[33.5715,44.6206],[33.5374,45.1174],[32.4816,45.4089],[33.1692,45.7844],[33.6917,45.8607],[33.777,45.9296],[33.6199,45.9508],[33.6135,46.1452],[33.4238,46.0533],[33.2351,46.2238],[32.5034,46.0761],[31.7859,46.2924],[32.0619,46.3938],[31.5083,46.5876],[32.3176,46.4643],[32.6455,46.6496],[32.0228,46.6291],[31.9769,47.0093],[31.7417,47.2591],[31.9683,46.937],[31.8921,46.6436],[31.493,46.6287],[31.6182,46.8135],[31.4407,46.8005],[31.4162,46.6291],[30.7907,46.5529],[30.4942,46.0805],[29.8601,45.6689],[29.7337,45.6143],[29.6336,45.8214],[29.6057,45.4782],[29.7562,45.3212],[29.6112,44.8493],[29.0007,44.6889],[29.1106,44.97],[28.8694,44.9433],[28.9461,44.7652],[28.784,44.6492],[28.9876,44.6753],[28.7578,44.6268],[28.7585,44.4653],[28.925,44.6206],[28.6351,44.3164],[28.5785,43.4808],[27.904,43.2023],[27.8923,42.7105],[27.4529,42.4801],[27.7804,42.3389],[28.1777,41.5582],[29.1092,41.2353],[28.9865,41.0026],[27.5242,40.9892],[26.1776,40.0507],[26.2191,40.3314],[26.7904,40.6606],[26.0913,40.6054],[26.054,40.831],[25.1384,41.0101],[24.802,40.8535],[24.4155,40.9455],[24.1101,40.7279],[23.6917,40.6954],[23.9149,40.5389],[23.8682,40.4135],[24.3938,40.1525],[23.7305,40.359],[23.9912,40.1187],[23.94,39.9525],[23.6418,40.2354],[23.3401,40.228],[23.7031,39.9127],[23.3606,39.9611],[23.2991,40.2354],[22.8882,40.3863],[22.9105,40.6446],[22.5791,40.4682],[22.5713,40.0543],[23.3438,39.1796],[23.052,39.0977],[23.2171,39.1796],[22.9359,39.3606],[22.8262,39.2213],[23.0731,39.0363],[22.5251,38.8581],[23.951,38.2909],[24.0874,37.7852],[23.9497,37.6774],[23.5813,38.0463],[23.0151,37.9252],[23.1686,37.6142],[23.3987,37.6379],[23.5256,37.4597],[23.1686,37.2995],[23.132,37.4486],[22.7264,37.5664],[23.1961,36.4325],[22.6856,36.8095],[22.491,36.3909],[22.1532,37.0212],[21.9431,36.9933],[21.8826,36.7265],[21.7074,36.818],[21.5697,37.1162],[21.6748,37.396],[21.1336,37.9464],[21.3743,38.2206],[21.6223,38.1548],[21.8495,38.3413],[22.8672,37.9395],[23.2234,38.1592],[22.4016,38.4534],[22.3823,38.3427],[21.5178,38.2958],[21.3225,38.4963],[21.0852,38.3436],[21.096,38.5319],[20.7293,38.8098],[20.7698,38.959],[21.0852,38.8643],[21.1599,38.9977],[20.8224,39.1145],[20.7351,38.9501],[19.989,39.6867],[19.8635,40.0454],[19.2896,40.4204],[19.4749,40.3484],[19.3044,40.6531],[19.3812,40.9083],[19.5234,40.9206],[19.3932,41.4135],[19.613,41.6053],[19.5916,41.8188],[19.1703,41.938],[18.5452,42.4236],[18.6873,42.4829],[18.5103,42.4053],[17.8928,42.7908],[17.0275,43.0036],[17.7415,42.8393],[16.8806,43.406],[15.9595,43.504],[15.9505,43.6885],[15.1445,44.1955],[15.2612,44.3326],[15.5287,44.2718],[14.9014,44.6902],[14.8425,45.1055],[14.3298,45.354],[13.9032,44.7724],[13.5015,45.4986],[13.8081,45.6143],[13.5742,45.7896],[13.4017,45.6754],[13.1193,45.772],[13.085,45.6419],[12.4237,45.4381],[12.5817,45.5529],[12.3967,45.5393],[12.1545,45.3135],[12.5339,44.97],[12.2664,44.8266],[12.39,44.2227],[13.6156,43.5605],[14.0754,42.5988],[14.7407,42.0846],[15.1654,41.9278],[16.1405,41.9199],[16.1929,41.7909],[15.9001,41.6147],[15.9336,41.4794],[18.007,40.6507],[18.5161,40.1392],[18.3465,39.798],[18.0715,39.9115],[17.8631,40.2856],[17.2002,40.4204],[17.3233,40.4985],[16.9121,40.4452],[16.4898,39.7752],[17.1587,39.4062],[17.2064,39.0295],[16.5856,38.7978],[16.5696,38.4295],[16.0632,37.9327],[15.6351,38.0091],[15.6328,38.2203],[15.9048,38.4739],[15.8366,38.649],[16.2217,38.8566],[15.6243,40.0778],[15.2612,40.0294],[14.9111,40.2416],[14.9983,40.3976],[14.782,40.6699],[14.3426,40.5706],[14.4741,40.7297],[14.0477,40.7896],[13.7219,41.2524],[13.0446,41.2275],[11.6582,42.2794],[11.1066,42.3913],[11.1585,42.564],[10.7313,42.8044],[10.7635,42.9183],[10.4995,42.9405],[10.5282,43.2468],[10.1807,43.9553],[8.7624,44.4321],[8.0677,43.8967],[7.1516,43.6548],[6.5972,43.284],[6.6798,43.2016],[6.1801,43.0359],[5.034,43.3355],[5.2263,43.4803],[5.0291,43.5586],[4.8558,43.3418],[4.6946,43.5791],[4.8203,43.3464],[3.9909,43.5508],[3.2443,43.2194],[3.039,42.9428],[3.0518,42.5549],[3.3177,42.323],[3.1188,42.2183],[3.1949,41.8883],[2.1305,41.3037],[1.0174,41.0518],[0.7142,40.8152],[0.8581,40.6863],[0.5635,40.59],[-0.3234,39.5162],[-0.158,39.0021],[0.2345,38.7423],[-0.5098,38.3384],[-0.8561,37.7425],[-0.7053,37.6195],[-1.3237,37.562],[-1.6709,37.3633],[-2.1267,36.7364],[-2.3617,36.8368],[-2.7183,36.682],[-4.4032,36.7239],[-4.6593,36.5076],[-5.1866,36.4112],[-5.342,36.1105],[-5.6118,36.0065],[-6.0368,36.1895],[-6.3947,36.6369],[-6.1948,36.9321],[-6.388,36.8082],[-6.8929,37.1666],[-6.8527,37.2952],[-7.8196,36.9987],[-8.5801,37.124],[-8.9979,37.0215],[-8.7522,37.7308],[-8.8948,37.9525],[-8.7951,38.3592],[-8.9426,38.4814],[-8.6068,38.4187],[-8.7733,38.5653],[-9.2306,38.4187],[-9.2527,38.6655],[-8.9426,38.7756],[-9.0115,38.9134],[-8.7651,39.0977],[-9.1125,38.7142],[-9.4975,38.8098],[-9.4093,39.3752],[-9.0904,39.5793],[-8.785,40.1187],[-8.9084,40.2007],[-8.753,40.6408],[-8.5727,40.7556],[-8.6553,40.8449],[-8.7508,40.6531],[-8.6483,41.1528],[-8.8305,41.6716],[-8.6962,41.722],[-8.8803,41.7369],[-8.7508,41.969],[-8.8813,41.8933],[-8.8986,42.1018],[-8.6217,42.3408],[-8.8675,42.2564],[-8.6553,42.4414],[-8.9426,42.4693],[-8.7309,42.6884],[-9.0264,42.5431],[-8.8877,42.8311],[-9.1003,42.7575],[-9.1345,42.9175],[-9.2731,42.8933],[-9.1077,43.1411],[-9.2176,43.1553],[-8.83,43.3412],[-8.2102,43.3132],[-8.3052,43.4511],[-8.1686,43.492],[-8.3127,43.5671],[-7.6855,43.7934],[-7.0446,43.4792],[-5.8522,43.663],[-4.4817,43.3836],[-3.5794,43.5183],[-3.0082,43.3209],[-2.7686,43.4525],[-1.9187,43.321],[-1.4769,43.5801],[-1.2572,44.5561],[-1.0447,44.6694],[-1.1722,44.7783],[-1.2604,44.6274],[-1.0853,45.569],[-0.5347,44.895],[-0.5962,45.0246],[-0.4938,44.998],[-0.7955,45.4771],[-1.2473,45.7099],[-0.9872,45.7174],[-1.1517,45.8681],[-1.1107,46.3027],[-1.7954,46.4945],[-2.1188,46.82],[-1.9907,47.0354],[-2.2411,47.1425],[-2.1606,47.2712],[-1.727,47.2108],[-2.542,47.3001],[-2.3639,47.5062],[-2.9093,47.5584],[-2.7065,47.6427],[-2.9747,47.6638],[-3.1317,47.4782],[-3.118,47.7321],[-3.3583,47.6973],[-3.2826,47.7873],[-3.4464,47.7046],[-4.1322,47.9239],[-4.3718,47.8072],[-4.4346,47.9757],[-4.7281,48.0406],[-4.2854,48.1154],[-4.5575,48.1772],[-4.5467,48.3468],[-4.1875,48.3075],[-4.4537,48.3354],[-4.2899,48.4316],[-4.7684,48.3454],[-4.7399,48.5507],[-3.1037,48.8767],[-3.1255,48.76],[-3.0082,48.8214],[-2.6824,48.509],[-2.3161,48.6986],[-1.9803,48.5136],[-1.9456,48.6986],[-1.3566,48.6433],[-1.5536,48.7471],[-1.5484,49.2255],[-1.8165,49.3837],[-1.9352,49.7241],[-1.2631,49.6955],[-1.1229,49.3454],[-0.2195,49.2801],[0.4573,49.4674],[0.0766,49.535],[0.2359,49.7293],[1.6725,50.1925],[1.5415,50.2779],[1.5627,50.699],[1.7298,50.9439],[3.5257,51.4156],[4.3164,51.2768],[4.2347,51.419],[3.447,51.546],[3.8511,51.6108],[4.2832,51.4477],[3.9881,51.5903],[4.1769,51.6859],[3.8623,51.8161],[4.0776,51.8436],[4.0156,51.9877],[4.5081,52.3364],[4.7339,52.9589],[5.0781,52.954],[5.5916,53.3028],[6.7302,53.4606],[7.1946,53.245],[7.3665,53.3028],[7.0383,53.3486],[7.1009,53.5979],[7.9514,53.7219],[8.2053,53.4107],[8.2707,53.6129],[8.5521,53.5436],[8.5044,53.3581],[8.4861,53.7004],[8.6519,53.8925],[9.2747,53.8651],[9.832,53.5436],[8.916,53.9374],[8.8333,54.0364],[9.0183,54.0979],[8.8128,54.1805],[8.9631,54.3176],[8.6027,54.3121],[9.0116,54.5063],[8.6887,54.7353],[8.6819,55.1332],[8.4588,55.1035],[8.6895,55.1416],[8.6177,55.4379],[8.0952,55.5491],[8.1278,55.9876],[8.1936,55.8118],[8.3933,55.9092],[8.1034,56.0969],[8.2139,56.7118],[8.6655,56.4759],[8.6819,56.6265],[9.0632,56.8126],[9.176,56.7086],[9.0606,56.5657],[9.1554,56.6613],[9.3262,56.5303],[9.3057,56.6955],[9.1691,56.6887],[9.2002,56.9389],[9.9158,57.0586],[8.6795,56.9525],[8.4082,56.6887],[8.5596,56.593],[8.2459,56.704],[8.5863,57.1064],[9.4121,57.1654],[9.967,57.5914],[10.6489,57.737],[10.4304,57.5705],[10.5391,57.2367],[10.3472,57.0102],[9.9269,57.0586],[10.3137,56.9829],[10.3406,56.7174],[9.8059,56.6402],[10.3342,56.7038],[10.1834,56.4695],[10.3303,56.6032],[10.9641,56.4422],[10.7386,56.1545],[10.6286,56.2375],[10.5186,56.1027],[10.3547,56.2021],[10.4426,56.2987],[10.2585,56.1903],[10.1821,55.8337],[9.8674,55.852],[10.0457,55.814],[10.0052,55.7011],[9.5545,55.7088],[9.8538,55.6267],[9.4981,55.4894],[9.6602,55.478],[9.7103,55.2487],[9.4343,55.0375],[9.7632,54.9005],[9.4363,54.8105],[9.9705,54.7626],[10.0269,54.56],[9.8401,54.4753],[10.1434,54.4918],[10.1418,54.3244],[10.3184,54.4433],[10.7313,54.3102],[11.1355,54.3859],[11.0666,54.1839],[10.7526,54.0439],[11.4463,53.9062],[11.6897,54.1552],[12.115,54.0979],[12.5134,54.4822],[12.9212,54.4335],[12.3688,54.2692],[13.0342,54.4337],[13.4651,54.0985],[13.8081,54.1047],[13.8171,53.8529],[14.5906,53.5984],[14.6306,53.8515],[13.8401,53.8503],[14.0513,54.0051],[13.7741,54.0228],[13.7529,54.1531],[14.4067,53.9218],[16.1792,54.263],[16.5013,54.5324],[17.3374,54.749],[18.1524,54.8383],[18.814,54.6432],[18.4151,54.7531],[18.7173,54.382],[19.3772,54.3776],[19.8319,54.5981],[19.9767,54.9646],[20.407,54.9516],[20.8223,55.181],[21.0852,55.7228],[21.1062,55.4212],[20.5309,54.9647],[21.2302,54.9389],[21.2912,55.2971],[21.0606,55.7893],[20.9922,56.5489],[21.0527,56.8289],[21.3825,57.0089],[21.4214,57.2887],[21.6992,57.5553],[22.6003,57.758],[22.6561,57.5858],[23.1302,57.3708],[23.2609,57.0989],[23.632,56.9709],[24.4006,57.2581],[24.286,57.8326],[24.551,58.3337],[23.741,58.3431],[23.4977,58.6966],[23.8744,58.7717],[23.4295,58.7648],[23.422,58.9287],[23.6277,58.9792],[23.4084,59.0256],[23.4709,59.2121],[24.7726,59.4501],[24.8035,59.5705],[25.4094,59.491],[25.5437,59.5351],[25.4849,59.6698],[27.8733,59.4076],[28.0553,59.5279],[28.0869,59.7994],[28.3753,59.6663],[28.4761,59.8518],[28.8325,59.7865],[29.1614,60.0026],[30.2163,59.9072],[29.849,60.1669],[29.052,60.1843],[28.617,60.382],[28.439,60.5599],[28.7028,60.4612],[28.6904,60.7385],[28.1374,60.5332],[26.4827,60.468],[26.7532,60.5742],[26.6592,60.6518],[26.3421,60.3756],[25.9172,60.4854],[26.1082,60.3359],[25.8421,60.4022],[25.9302,60.2452],[25.6686,60.3647],[24.554,60.156],[24.4456,59.9923],[23.4295,59.9566],[23.5462,60.0739],[23.2513,59.8411],[22.9051,59.8112],[23.3264,60.0093],[23.1107,59.9233],[23.2576,60.0397],[22.8747,60.1496],[23.0806,60.355],[22.5251,60.2043],[22.6243,60.3991],[21.7853,60.478],[21.8405,60.6287],[21.6121,60.4888],[21.4085,60.5804],[21.2987,61.0601],[21.4823,61.0601],[21.4489,61.4028],[21.5724,61.4164],[21.4221,61.4853],[21.7163,61.5269],[21.2366,61.985],[21.3743,62.2668],[21.0652,62.5958],[21.4441,63.0409],[21.6885,63.0271],[21.4966,63.209],[21.8945,63.2605],[21.9839,63.1432],[22.3301,63.2838],[22.1956,63.4312],[22.4016,63.4182],[22.2814,63.5262],[22.4074,63.4569],[22.589,63.7033],[22.7734,63.6275],[23.4158,63.9246],[23.3965,64.0561],[23.6045,64.0277],[24.5384,64.8053],[25.3548,64.8296],[25.1909,64.9668],[25.4435,64.9668],[25.2114,65.1238],[25.3518,65.4841],[24.6758,65.6354],[24.5505,65.7635],[24.7106,65.9121],[24.4048,65.7692],[23.196,65.827],[23.103,65.7047],[22.653,65.9084],[22.6637,65.7575],[22.4055,65.8639],[22.2092,65.7612],[22.388,65.6725],[22.1892,65.6241],[22.429,65.549],[21.7642,65.7277],[22.203,65.549],[21.4489,65.3572],[21.6228,65.2408],[21.2644,65.3367],[21.5859,65.0692],[21.0374,64.8327],[21.6065,64.4522],[20.9666,64.1494],[20.6747,63.7893],[19.6873,63.4313],[19.4463,63.5609],[19.5166,63.4147],[19.2932,63.4665],[19.0527,63.1789],[18.7511,63.2595],[18.9133,63.2121],[18.2417,62.9998],[18.5767,62.9584],[18.1951,62.7774],[17.6936,62.9936],[18.0642,62.5958],[17.7074,62.4374],[17.3308,62.4877],[17.6527,62.232],[17.3446,61.9367],[17.4963,61.6351],[17.138,61.7255],[17.2479,61.6088],[17.0563,61.5822],[17.2761,61.314],[17.0972,61.3209],[17.3357,60.7669],[17.1867,60.6924],[17.6706,60.5041],[17.9749,60.5878],[18.2349,60.3271],[18.6048,60.2383],[18.3169,60.321],[18.5781,60.0739],[18.7966,60.005],[18.8169,60.1176],[19.0716,59.8963],[18.7339,59.7688],[19.0852,59.7722],[18.3073,59.3968],[18.009,59.4085],[18.6465,59.3303],[18.2913,59.3227],[18.4242,59.1439],[18.0137,59.0449],[17.8928,58.861],[17.6589,59.1689],[17.5907,58.861],[17.3578,58.7512],[16.1792,58.6345],[16.9402,58.4911],[16.4126,58.4775],[16.7992,58.3236],[16.7772,58.1305],[16.6174,58.2031],[16.7688,57.8878],[16.4603,57.9021],[16.7068,57.7506],[16.4194,57.8947],[16.7149,57.7028],[16.5205,57.6271],[16.689,57.4717],[16.4691,57.2754],[16.5833,57.0449],[16.4398,57.0517],[16.4717,56.7774],[15.8517,56.0864],[15.5864,56.2089],[14.7249,56.1676],[14.7678,56.0307],[14.2347,55.8627],[14.3675,55.5454],[14.1812,55.3908],[12.8328,55.3826],[13.0549,55.694],[12.4514,56.3044],[12.8145,56.2362],[12.6216,56.4193],[12.9344,56.5471],[12.3565,56.9238],[12.0593,57.4588],[11.9033,57.3944],[11.9237,57.7028],[11.7054,57.6984],[11.8828,58.3328],[11.5059,58.2431],[11.6699,58.4222],[11.5532,58.4632],[11.3962,58.2646],[11.4241,58.4427],[11.2209,58.3463],[11.2863,58.5799],[11.115,59.0082],[11.4378,58.9982],[11.1764,59.1968],[10.7381,59.2167],[10.5602,59.7262],[10.6555,59.8567],[10.7178,59.7381],[10.6887,59.9118],[10.4754,59.85],[10.5427,59.5355],[10.2244,59.7238],[10.5142,59.3029],[10.3069,59.0597],[9.8462,58.9556],[9.5391,59.1206],[9.724,58.984],[9.2988,58.8815],[9.4504,58.8332],[9.071,58.7412],[9.2163,58.7028],[8.2019,58.123],[8.0041,58.223],[7.9158,58.0819],[7.0066,57.9931],[7.1475,58.1001],[6.5305,58.1206],[6.846,58.2714],[5.6463,58.5487],[5.478,58.7547],[5.6262,58.9256],[5.5505,59.0386],[5.7156,58.8673],[5.8535,58.965],[6.2289,58.84],[6.0576,58.902],[6.6262,59.0528],[6.0339,58.9052],[5.8755,59.0662],[6.4617,59.3198],[6.0415,59.3837],[6.5442,59.56],[6.2363,59.5258],[6.2865,59.6492],[5.9242,59.3558],[6.1532,59.4774],[5.8074,59.5394],[5.6462,59.4085],[5.8596,59.3508],[5.612,59.293],[5.5866,59.4165],[5.5054,59.2777],[5.2017,59.5463],[5.4891,59.7381],[5.4168,59.5047],[5.5641,59.6767],[5.7544,59.6098],[6.2918,59.8403],[5.6462,59.8542],[6.291,60.1216],[6.075,60.1984],[6.3518,60.3681],[6.6404,60.4165],[6.5238,60.0808],[6.6541,60.3824],[7.106,60.5058],[6.1775,60.471],[6.1399,60.2543],[5.7393,59.9945],[5.7907,60.2111],[5.5437,60.1627],[5.7366,60.392],[5.4098,60.1313],[5.141,60.3514],[5.3058,60.5283],[5.6536,60.4308],[5.7498,60.7182],[5.2228,60.5742],[4.9268,60.8001],[5.4338,60.6287],[5.2359,60.7762],[5.5369,60.8758],[5.131,60.8121],[5.0161,61.0465],[6.0985,61.1222],[6.356,61.0109],[6.6006,61.1752],[6.9558,61.0881],[6.8738,60.9372],[7.106,60.8616],[7.0003,61.0929],[7.695,61.2321],[7.312,61.2873],[7.572,61.4853],[7.2637,61.3959],[7.3052,61.1632],[6.5579,61.2246],[6.7019,61.4028],[6.4343,61.1147],[5.1939,61.1053],[4.9546,61.2526],[5.6331,61.3618],[4.9479,61.4164],[5.8045,61.458],[5.1782,61.5098],[5.427,61.5889],[4.9683,61.6361],[4.9881,61.7469],[5.3948,61.9111],[5.9409,61.845],[5.8993,61.7386],[6.8186,61.8764],[5.1558,61.8961],[5.4002,62.02],[5.0781,62.1842],[5.4617,62.0067],[5.5916,62.0682],[5.4543,62.1911],[5.7498,62.0886],[5.6672,62.1706],[5.9055,62.1909],[5.8454,62.0197],[5.9546,62.14],[6.3667,62.0613],[5.926,62.2255],[6.3108,62.3721],[6.5305,62.1091],[6.4002,62.3872],[6.7088,62.4517],[6.9893,62.273],[6.9558,62.1023],[7.1878,62.1023],[6.9793,62.1129],[7.0281,62.266],[7.415,62.2394],[6.7907,62.4784],[6.2429,62.4511],[6.6746,62.4927],[6.2494,62.5747],[7.0923,62.6509],[7.1271,62.5337],[7.5425,62.5036],[7.7782,62.5747],[7.4182,62.633],[8.1475,62.692],[6.949,62.7329],[7.2158,62.8148],[6.8801,62.9111],[7.2376,63.0147],[8.0755,62.9509],[8.5453,62.6572],[7.8772,63.0104],[8.0867,63.1097],[8.3293,62.8807],[8.703,62.8223],[8.4157,62.9588],[8.6688,62.9793],[8.1655,63.1153],[8.9431,63.2121],[8.4764,63.294],[8.7644,63.3493],[8.6724,63.4212],[9.0183,63.4665],[9.0934,63.294],[9.4346,63.3804],[9.1691,63.4212],[9.4807,63.487],[9.1486,63.4858],[9.6991,63.6445],[9.9606,63.4277],[9.8333,63.3288],[10.259,63.2673],[10.0409,63.4064],[10.9081,63.4562],[10.7588,63.5175],[10.9226,63.6025],[10.6564,63.5548],[11.4577,63.79],[11.0964,63.8896],[11.4979,64.0208],[11.3,64.1072],[10.5737,63.8091],[11.056,63.8613],[10.91,63.731],[9.9802,63.4934],[9.7991,63.6918],[10.1014,63.7676],[9.5441,63.6656],[9.7781,63.7676],[9.5459,63.7744],[10.197,63.9383],[9.9363,63.9594],[10.0137,64.1188],[10.6489,64.3566],[10.4831,64.4237],[10.835,64.3691],[10.6564,64.4522],[10.9712,64.6026],[11.3416,64.4317],[11.2474,64.3256],[11.7798,64.5969],[11.3962,64.7067],[12.2249,64.9394],[11.261,64.7344],[11.6971,64.9122],[11.2673,64.8698],[11.9785,65.0688],[12.194,64.9949],[12.931,65.3124],[12.5028,65.1449],[12.3552,65.2269],[12.7121,65.2541],[12.2453,65.2336],[12.6916,65.3298],[12.4787,65.4465],[12.7803,65.4596],[12.3552,65.6042],[12.4954,65.7333],[12.7871,65.6384],[12.5578,65.7537],[12.7175,65.7891],[12.6823,65.9267],[13.176,65.8558],[12.9243,65.994],[13.0404,66.0834],[12.6704,66.0629],[13.5272,66.2401],[13.5359,66.1105],[13.8216,66.147],[13.6095,66.1858],[14.1439,66.3338],[13.0404,66.1796],[13.5344,66.3093],[13.0373,66.32],[13.1638,66.467],[12.972,66.5222],[13.3621,66.4555],[13.2595,66.5222],[13.7262,66.6048],[13.239,66.5484],[13.4035,66.6252],[13.1912,66.6666],[13.5474,66.6383],[13.2254,66.714],[13.993,66.7897],[13.5436,66.9219],[14.5682,67.0181],[14.2674,67.0839],[14.7503,67.1239],[14.6038,67.2043],[15.5015,67.0703],[15.3767,67.2006],[15.7404,67.1733],[15.0625,67.2477],[15.1651,67.3105],[14.3283,67.2416],[15.049,67.447],[14.7268,67.4887],[15.0588,67.5773],[15.1589,67.5358],[14.8293,67.475],[15.429,67.483],[15.6585,67.2757],[15.5287,67.4675],[15.898,67.5569],[15.2393,67.5292],[15.4661,67.5773],[15.1786,67.6184],[15.3011,67.7202],[15.8366,67.694],[15.4328,67.8607],[14.8361,67.6425],[14.7268,67.6594],[15.1172,67.7419],[14.773,67.816],[15.8601,67.8996],[16.0632,68.0162],[15.2817,68.0367],[15.8445,68.0963],[15.9797,68.2501],[16.042,68.0299],[16.4847,67.7978],[16.207,68.0026],[16.4666,67.8996],[16.3892,68.0593],[16.689,68.071],[16.2891,68.0913],[16.5901,68.1671],[16.1034,68.2831],[16.803,68.1323],[16.2201,68.3514],[17.1273,68.3729],[17.334,68.1671],[17.4199,68.2359],[17.2479,68.406],[17.8718,68.393],[17.4676,68.4476],[17.5466,68.5301],[16.4646,68.51],[16.9607,68.7045],[17.6794,68.6605],[17.2344,68.756],[17.783,68.7486],[17.4676,68.8312],[17.8259,68.8937],[17.4261,68.8995],[17.6589,69.1169],[18.1524,69.154],[18.0031,69.2857],[18.2634,69.4881],[18.5025,69.2353],[18.5648,69.3647],[19.013,69.2871],[18.4546,69.4543],[18.8527,69.5523],[19.3794,69.3218],[19.1775,69.2535],[19.5093,69.2291],[19.0013,69.4643],[19.2627,69.5233],[18.9443,69.6153],[19.249,69.7771],[19.7842,69.8044],[19.5303,69.4003],[19.7432,69.6126],[20.1126,69.5854],[19.8245,69.7119],[20.1677,69.9422],[20.4172,69.8904],[20.3765,69.5892],[19.948,69.2631],[20.4824,69.5779],[20.853,69.4959],[20.4924,69.6273],[20.4824,69.7634],[21.0925,69.9484],[20.8939,69.8529],[21.1792,69.8195],[21.2899,70.0211],[22.0982,69.7498],[21.9136,69.9453],[22.1136,70.0303],[21.7983,70.0372],[22.0994,70.1203],[21.2092,70.2085],[21.5339,70.3168],[21.874,70.147],[21.8057,70.2572],[21.9868,70.3234],[22.3058,70.2873],[22.2747,70.1355],[22.5593,70.1266],[22.3259,70.1675],[22.4006,70.2583],[22.9671,70.2075],[22.2849,70.044],[23.0186,70.147],[23.0944,69.9553],[23.3298,69.9484],[23.5393,70.0241],[23.1755,70.0924],[23.6144,70.3047],[23.5132,70.3655],[24.3503,70.4562],[24.1027,70.5414],[24.3524,70.691],[24.7235,70.621],[24.2451,70.7845],[24.6354,70.7798],[24.7249,70.8732],[24.6087,70.9705],[25.0335,70.9713],[24.916,70.8732],[25.1536,70.9195],[25.2456,70.7913],[25.365,70.9761],[25.536,70.9229],[25.4417,70.8415],[25.9187,70.8729],[25.0736,70.5033],[25.2871,70.4561],[24.9798,70.2294],[25.0371,70.0644],[26.6136,70.9491],[26.6912,70.736],[26.3416,70.6479],[26.657,70.6405],[26.5539,70.3531],[27.1021,70.4698],[26.9729,70.5654],[27.2666,70.5853],[27.0809,70.7026],[27.3109,70.8182],[27.6296,70.805],[27.1226,70.9217],[27.349,70.9421],[27.2217,71.0189],[28.2097,71.084],[28.5488,70.9726],[28.2659,70.795],[27.76,70.7913],[28.1305,70.736],[27.6502,70.6064],[28.3013,70.7026],[27.8494,70.4829],[28.3353,70.5176],[28.0138,70.0714],[28.7947,70.8732],[29.4048,70.7845],[29.3064,70.6529],[30.1047,70.7108],[30.3473,70.5961],[30.0007,70.5381],[31.0633,70.3668],[30.1589,70.0714],[28.5967,70.1613],[29.6859,69.9695],[29.3638,69.8597],[29.7412,69.9075],[29.4873,69.6611],[30.1863,69.6877],[30.1652,69.8795],[30.2892,69.8865],[30.3602,69.6675],[30.4507,69.8103],[30.841,69.8059],[31.409,69.7158],[31.3257,69.6149],[31.8106,69.6877],[31.7537,69.8541],[32.0989,69.7919],[31.9133,69.9362],[32.0545,69.9638],[33.1333,69.7287],[32.8718,69.5825],[32.1117,69.7529],[32.0161,69.5642],[32.502,69.517],[32.1936,69.4345],[33.085,69.4761],[32.8235,69.3012],[33.5237,69.4283],[33.2351,69.27],[33.5442,69.2086],[33.0234,68.9547],[33.724,69.3368],[35.8735,69.1949],[37.6805,68.7134],[38.3887,68.3432],[39.8595,68.0466],[39.7932,68.1647],[40.4668,67.7612],[41.0399,67.6778],[41.1089,67.2538],[41.3904,67.1249],[41.1781,66.8096],[40.085,66.2888],[38.5544,66.055],[35.5578,66.387],[34.8036,66.6135],[34.4802,66.5376],[34.356,66.6298],[34.5217,66.6572],[34.0923,66.6724],[34.1414,66.7738],[33.9473,66.6849],[33.1006,66.8581],[32.8049,67.0103],[32.9299,67.1],[31.8509,67.1528],[32.262,67.125],[32.5498,67.0001],[32.4202,66.8859],[33.3245,66.6457],[32.9014,66.5748],[33.5368,66.5359],[32.9409,66.5285],[33.7354,66.426],[33.3108,66.3168],[34.1028,66.2469],[34.8524,65.9003],[34.9686,65.7277],[34.6887,65.8097],[34.6819,65.4534],[34.297,65.3851],[34.7737,65.1002],[34.7024,64.9804],[34.9421,64.8576],[34.757,64.7744],[35.009,64.7432],[34.7433,64.5559],[35.3488,64.2961],[35.8108,64.342],[36.2922,64.0097],[37.5344,63.8009],[38.0737,64.0174],[37.902,64.2399],[38.0202,64.3085],[37.749,64.4417],[37.1215,64.3947],[36.44,64.9171],[36.8074,64.9591],[36.82,65.1471],[37.0077,65.173],[38.385,64.8446],[38.0666,64.7812],[38.0481,64.6459],[38.448,64.8179],[39.5665,64.5453],[39.9236,64.603],[39.7864,64.5969],[39.8504,64.676],[40.5171,64.5414],[40.4109,64.7368],[40.5173,64.7741],[39.7409,65.3565],[39.7493,65.5521],[40.7101,65.9723],[41.6436,66.1728],[42.2009,66.5322],[42.6615,66.4433],[42.5486,66.3851],[43.3021,66.426],[43.6926,66.2372],[43.3528,66.0415],[43.5149,65.9742],[43.3823,66.0719],[43.8364,66.1858],[44.1797,65.8643],[44.0964,66.2619],[44.5632,66.6662],[44.364,66.7823],[44.5217,66.9194],[44.3777,67.1044],[43.7667,67.2777],[44.1445,67.6794],[44.0874,67.8851],[44.2684,67.9268],[44.138,67.9951],[44.4118,68.0634],[44.1808,68.0361],[44.2276,68.2968],[43.3172,68.6666],[45.5821,68.5142],[46.5349,68.1326],[46.6983,67.8165],[45.3504,67.7304],[44.9121,67.372],[45.5939,67.1582],[46.0252,66.8334],[46.5979,66.858],[46.4067,66.7462],[47.5814,66.8699],[47.9479,67.4443],[47.8457,67.6009],[49.1067,67.6395],[48.5859,67.9343],[49.1333,67.8626],[50.7788,68.3793],[52.1771,68.5824],[52.0518,68.4924],[52.361,68.4749],[52.1356,68.3793],[52.402,68.3377],[52.7313,68.4742],[52.4914,68.5915],[52.6345,68.6585],[52.3285,68.6334],[53.8786,68.9741],[54.5613,68.9997],[53.5949,68.9069],[54.0262,68.8454],[53.7205,68.6569],[53.9443,68.406],[53.2107,68.2694],[54.5044,68.3122],[54.8319,68.1733],[54.9367,68.3984],[55.3929,68.5643],[57.3298,68.5648],[58.1712,68.8893],[58.4241,68.7427],[58.2705,68.8937],[58.8788,69.0031],[59.2239,68.9997],[58.8919,68.9342],[59.423,68.757],[59.0564,68.6195],[59.0871,68.4169],[59.6748,68.3362],[59.9639,68.466],[59.8112,68.6879],[60.9688,68.9069],[60.9027,69.1223],[60.5913,69.1328],[60.1388,69.5779],[60.9266,69.8675],[64.1276,69.5501],[65.0044,69.3041],[64.7859,69.1471],[65.0682,69.2681],[67.0901,68.8557],[68.1349,68.4234],[68.3206,68.1974],[68.6509,68.3179],[68.561,68.3725],[69.1091,68.879],[68.9514,68.9032],[69.2189,68.9621],[68.458,68.9846],[68.0262,69.3194],[68.1066,69.5487],[67.0173,69.7031],[66.8552,69.6369],[66.9577,69.5369],[66.7957,69.5862],[66.8848,70.0129],[67.3276,70.106],[67.0942,70.2209],[67.3345,70.7578],[66.6887,70.7698],[66.6082,70.8807],[66.8895,71.0787],[66.6205,71.0578],[66.9121,71.2947],[68.3488,71.6752],[68.9758,72.696],[69.3538,72.9526],[69.7739,72.9733],[69.5513,72.9033],[71.5632,72.916],[72.8369,72.7099],[72.7214,72.703],[72.8743,72.2811],[72.3508,71.8642],[72.345,71.7082],[71.8034,71.4803],[72.6365,71.1317],[72.8369,70.8596],[72.6833,70.6166],[72.7713,70.4252],[72.4356,70.2859],[72.6216,70.1617],[72.492,70.0412],[72.6917,69.8369],[72.5017,69.6467],[72.6384,69.4414],[72.488,69.414],[72.6477,69.2922],[72.4779,69.1769],[72.5774,68.9404],[73.6394,68.4438],[73.0908,68.2143],[73.2044,67.9572],[73.1143,67.6904],[72.5813,67.6202],[72.4026,67.3281],[72.0483,67.3029],[72.2259,67.1595],[71.9133,67.1323],[71.9946,67.056],[71.7476,66.9161],[71.3019,66.9536],[71.5149,66.8785],[71.5769,66.6588],[70.6886,66.5154],[70.2952,66.6383],[70.7234,66.7618],[68.965,66.8096],[69.2056,66.5694],[69.9028,66.4155],[72.0757,66.2358],[72.3473,66.3064],[72.4124,66.5085],[72.2888,66.5011],[72.4738,66.611],[73.8692,67.0014],[73.8996,67.2962],[74.7303,67.6863],[74.7254,68.1524],[74.3316,68.3856],[74.6279,68.7746],[76.5824,68.9752],[76.6626,68.7626],[77.3257,68.5233],[77.1619,68.2936],[77.3566,68.2329],[77.1926,67.9852],[77.3052,67.9101],[77.0798,67.7904],[77.693,67.5453],[79.0525,67.5705],[77.4942,67.7513],[77.537,68.1286],[78.1726,68.2744],[77.7869,68.5146],[77.647,68.9111],[76.042,69.2391],[74.7728,69.0812],[73.7588,69.1694],[73.8996,69.4208],[73.516,69.7464],[73.7077,70.1613],[74.3162,70.5203],[74.3179,70.6678],[73.5562,71.2551],[73.0225,71.4288],[73.4985,71.6649],[73.5259,71.8222],[74.9949,72.1378],[75.0588,72.595],[74.7511,72.82],[75.3189,72.8192],[75.5308,72.7412],[75.3382,72.6832],[75.7082,72.5659],[75.5565,72.4975],[75.7424,72.2655],[75.2537,71.9422],[75.2275,71.7774],[75.5329,71.5423],[75.263,71.3655],[76.8889,71.1904],[76.9142,71.0725],[77.5581,71.1737],[78.4114,70.8955],[79.1145,71.0042],[78.4424,70.9143],[78.5597,71.0452],[78.2376,71.1097],[78.279,71.2589],[76.2723,71.5729],[75.9968,71.9079],[76.8782,72.05],[77.5846,71.8311],[78.1095,71.8804],[78.2258,71.9826],[77.9856,72.1095],[77.3772,72.1102],[78.4976,72.4082],[79.3914,72.3856],[80.8346,72.0833],[80.6323,72.0461],[81.7367,71.6999],[83.2517,71.7257],[83.0479,71.4151],[82.2726,71.2788],[82.3528,71.0963],[82.2083,70.9868],[82.4172,70.777],[82.082,70.5654],[82.3489,70.2023],[82.1572,70.5716],[82.4646,70.6132],[82.5786,70.9111],[82.9016,71.001],[83.1372,70.764],[83.0105,70.4266],[82.6438,70.1812],[83.1111,70.0695],[82.9517,70.3251],[83.7747,70.4766],[83.3818,71.0327],[83.1161,71.1135],[83.6189,71.6312],[83.3605,71.8406],[82.6781,71.8795],[82.1851,72.0935],[82.3074,72.1828],[82.1981,72.2816],[80.7041,72.5454],[80.8345,72.6205],[80.6321,72.7338],[80.8143,72.9743],[80.2311,73.176],[80.5635,73.2215],[80.2549,73.3297],[80.6774,73.5049],[80.513,73.567],[87.0801,73.8715],[85.7868,73.4808],[85.8332,73.3318],[86.7825,73.0009],[85.844,73.4398],[87.1648,73.6114],[87.6641,73.8909],[87.2964,73.8414],[86.9402,74.0331],[87.3623,74.0478],[85.9055,74.3547],[86.2971,74.3131],[86.0495,74.4162],[86.4753,74.4582],[86.9539,74.3889],[86.7158,74.3018],[87.2624,74.3547],[86.5355,74.5124],[86.7825,74.5607],[85.7404,74.6359],[86.0906,74.8208],[86.9575,74.6088],[86.7621,74.7041],[87.3858,74.9443],[87.1729,74.9853],[87.7899,75.0263],[86.8986,75.0877],[87.0246,75.1642],[87.9526,75.1],[89.2458,75.5067],[89.7036,75.4435],[89.6128,75.4924],[90.0579,75.5197],[89.9541,75.5776],[94.1631,75.9443],[92.8268,75.9654],[93.2308,76.0541],[93.1209,76.0957],[93.9987,76.0541],[93.6858,76.1323],[96.1965,76.0876],[95.5752,75.889],[95.7395,75.8564],[96.6646,75.9654],[96.4614,75.8719],[97.251,76.0434],[97.3968,76.0473],[97.1853,75.9306],[97.8239,75.9881],[97.5483,76.0541],[98.8164,76.267],[98.7127,76.205],[99.7549,76.049],[99.424,75.7934],[99.5706,75.7797],[99.9024,75.9272],[99.8657,76.1077],[98.8179,76.4942],[100.8511,76.5401],[102.2495,76.3831],[100.8783,76.555],[101.2346,76.7673],[100.8577,76.8732],[102.0757,77.3912],[104.2903,77.7375],[105.8737,77.5686],[106.292,77.37],[104.1419,77.0889],[105.9285,77.1441],[105.4354,77.0001],[106.8298,77.0547],[107.4998,76.9245],[106.417,76.5092],[107.8455,76.5348],[107.9461,76.7373],[111.0903,76.7623],[112.1991,76.4719],[111.8291,76.3415],[112.2568,76.4544],[112.7478,76.3353],[112.5007,76.2391],[112.8577,76.1435],[112.5697,76.0473],[113.3027,76.1156],[112.9321,76.2596],[113.2593,76.2664],[113.5491,76.0207],[113.4808,75.8555],[113.8901,75.854],[113.5559,75.5402],[113.4261,75.5402],[113.6174,75.6562],[112.3369,75.8481],[112.8706,75.7115],[112.7478,75.6985],[112.8136,75.5573],[113.2674,75.6511],[113.7205,75.4099],[111.7723,74.6685],[109.5612,74.3137],[109.9795,74.2963],[108.0666,73.6353],[107.1468,73.6177],[106.7854,73.3405],[106.0628,73.273],[105.8338,73.0023],[105.073,72.7651],[106.0364,72.9525],[107.1033,72.8564],[106.2546,72.9672],[106.1756,73.0944],[108.3167,73.2216],[108.1975,73.279],[109.4349,73.4267],[109.1936,73.5517],[109.7139,73.4526],[110.9248,73.7042],[109.7375,73.6617],[109.5311,73.7753],[110.0215,74.0145],[110.959,73.9086],[111.5365,74.0512],[111.1985,73.9779],[111.4356,73.8126],[112.3718,73.7053],[112.9453,73.7905],[112.8469,73.9945],[113.4279,73.634],[113.1314,73.4497],[113.4983,73.3359],[113.4871,72.9637],[113.1177,72.8607],[113.1773,72.733],[114.0903,72.6007],[113.1582,72.8227],[113.5422,72.9774],[113.5623,73.2534],[114.0358,73.3473],[113.4666,73.5049],[115.4131,73.7104],[118.4502,73.5888],[118.9976,73.4914],[118.4671,73.4781],[118.3942,73.238],[119.7225,72.9589],[121.7914,72.9769],[122.7322,72.8266],[122.3083,72.9414],[123.2345,72.9347],[123.4679,73.0796],[123.4009,73.1743],[123.6707,73.2033],[123.2181,73.4088],[123.4173,73.4435],[123.2461,73.5459],[123.3696,73.6627],[123.9738,73.627],[123.8767,73.7725],[124.3831,73.8064],[125.6519,73.5255],[125.5625,73.4088],[126.2881,73.5573],[126.3911,73.464],[126.1585,73.3815],[126.4197,73.4095],[126.5652,73.2335],[126.563,73.3815],[127.0505,73.549],[127.9876,73.4709],[128.0769,73.4057],[127.9602,73.3473],[128.9692,73.1774],[128.7774,73.0708],[129.4435,73.0289],[128.1292,72.7861],[129.3581,72.703],[129.1984,72.6552],[127.9054,72.6671],[129.2583,72.4639],[129.5641,72.2307],[129.242,72.1345],[129.489,72.1276],[128.9341,72.073],[127.6658,72.4301],[128.9266,71.7388],[129.1839,71.8093],[129.0412,72.0188],[129.5437,71.723],[128.8205,71.6581],[129.2487,71.5499],[129.7627,71.1476],[129.6262,71.0861],[130.6199,70.8664],[130.7689,70.9775],[131.042,70.7388],[131.5462,70.8871],[131.8509,71.2082],[132.1883,71.2159],[131.9419,71.2674],[132.7178,71.9462],[133.3414,71.8863],[133.0313,71.9551],[132.7151,71.8107],[133.1516,71.5792],[134.739,71.368],[134.6686,71.2643],[134.8102,71.4818],[135.6216,71.6231],[136.7746,71.5234],[137.7049,71.2847],[137.5261,71.2203],[137.813,71.1196],[138.0744,71.134],[137.7393,71.2295],[138.363,71.3189],[137.8286,71.3872],[138.0986,71.5814],[138.756,71.643],[139.1922,71.4151],[140.0332,71.4721],[139.7345,71.6722],[139.8093,71.8608],[139.3362,71.9495],[140.1971,72.2138],[139.2567,72.179],[139.3499,72.1345],[139.094,72.2482],[139.5418,72.4976],[141.1108,72.587],[140.5832,72.8675],[140.7258,72.8986],[146.854,72.3542],[144.9432,72.4382],[144.5208,72.225],[144.1055,72.2779],[144.4155,72.175],[146.9292,72.3126],[145.9725,71.8563],[145.993,72.0297],[146.3469,72.1276],[145.968,72.0705],[145.6133,72.2443],[145.8057,71.929],[144.971,71.9803],[145.216,71.8433],[144.8932,71.6752],[146.0363,71.7864],[147.1956,72.3299],[149.6113,72.1484],[150.0742,71.8942],[148.834,71.8123],[149.0394,71.7578],[148.8272,71.6752],[150.1021,71.5947],[149.868,71.4622],[150.6707,71.4902],[150.0467,71.2097],[150.657,71.3903],[150.5949,71.2779],[151.0331,71.394],[151.5912,71.3102],[152.1367,71.0173],[151.6815,70.9759],[152.5408,70.7913],[155.9364,71.0994],[157.9891,71.0475],[159.2378,70.8293],[159.8431,70.5815],[160.0942,70.3099],[159.9382,70.1285],[159.6886,70.134],[159.9146,70.0986],[159.6921,69.9109],[159.7691,69.762],[161.0064,69.5773],[160.9629,69.1055],[161.4154,68.982],[161.1069,68.6052],[160.8211,68.5274],[161.1341,68.5614],[161.5741,68.9211],[161.4154,69.3314],[161.7026,69.4959],[162.3272,69.702],[164.027,69.7738],[164.8343,69.5674],[166.8938,69.4959],[167.802,69.7752],[168.2541,69.5443],[168.2883,69.2427],[169.3713,69.0766],[169.6255,68.7772],[170.6252,68.7486],[170.4492,68.8635],[170.728,68.822],[170.6804,68.9404],[171.1594,69.0441],[170.6061,69.5898],[170.1607,69.6134],[170.5918,69.7647],[170.4816,70.142],[172.7254,69.9809],[173.198,69.7834],[173.4793,69.8358],[173.1641,69.8867],[173.2786,69.9418],[175.9972,69.7694],[176.1577,69.8215],[175.7816,69.8853],[176.1276,69.8938],[176.7345,69.6748],[178.7726,69.4152],[179.0677,69.3253],[178.654,69.3174],[179.2615,69.2722],[180,68.981],[180,65.0662],[178.5615,64.5915],[178.7559,64.6822],[177.625,64.7202],[176.9369,65.0828],[176.3063,65.0555],[176.9585,65.0466],[177.3001,64.8227],[176.4358,64.8109],[176.0457,64.9628],[175.7146,64.7936],[174.4417,64.6924],[176.0824,64.9189],[176.4237,64.7096],[176.1143,64.5419],[177.4919,64.7675],[177.3615,64.5484],[177.4536,64.4206],[178.1838,64.2058],[178.0746,64.2542],[178.2826,64.354],[178.2,64.4402],[178.5886,64.0351],[178.3826,63.973],[178.6432,64.001],[178.7593,63.623],[178.2688,63.5654],[178.7113,63.57],[178.5955,63.4113],[178.699,63.3857],[178.8384,63.4349],[178.777,63.5952],[179.0055,63.3214],[178.8093,63.3505],[179.3865,63.1612],[179.242,63.0065],[179.5407,62.8489],[179.563,62.6247],[179.1488,62.496],[179.0736,62.2872],[177.3068,62.5821],[177.4578,62.8148],[177.189,62.7097],[176.9922,62.8695],[176.9279,62.6729],[177.2659,62.5883],[176.6619,62.5346],[175.3064,62.0749],[175.3952,62.1227],[175.2581,62.1688],[175.1745,62.0219],[174.5999,61.985],[174.7269,61.8863],[174.073,61.8416],[173.8049,61.6498],[173.5446,61.7491],[173.4811,61.5552],[173.1284,61.397],[172.7156,61.4307],[172.9551,61.314],[172.3382,61.211],[172.4344,61.1427],[172.263,61.1147],[172.4896,61.0812],[172.3726,61.0129],[172.0093,61.1011],[172.2009,60.9758],[172.0471,60.8607],[171.9578,60.9531],[171.5369,60.807],[171.6326,60.7448],[171.3963,60.7829],[171.1795,60.5589],[170.5159,60.4506],[170.6621,60.332],[170.2651,59.9204],[169.2144,60.6287],[167.0249,60.4277],[166.2451,59.8306],[166.1028,59.9094],[166.3733,60.4995],[164.9993,60.1353],[165.2121,59.9914],[164.8386,59.7874],[164.4885,60.111],[164.1179,59.9414],[164.1904,59.8542],[164.0417,59.9075],[164.2048,59.9975],[163.6287,60.0466],[163.7938,59.9914],[163.3618,59.8275],[163.3901,59.6315],[163.1802,59.5583],[163.3125,59.2875],[163.0669,59.2341],[163.2619,59.0808],[162.8827,59.1328],[163.0685,58.9681],[162.4053,58.6544],[161.9932,58.0874],[162.082,57.8825],[162.4555,57.7844],[162.3545,57.6885],[162.69,57.9697],[163.3295,57.7089],[162.8002,57.3464],[162.7835,56.763],[163.239,56.733],[163.3661,56.1807],[163.0512,56.0054],[162.5568,56.2285],[163.1161,56.5005],[163.0201,56.5376],[162.414,56.3839],[162.5925,56.2685],[162.0568,56.0691],[161.7641,55.5548],[161.813,55.1792],[162.1276,54.7604],[161.7238,54.5094],[160.7412,54.5352],[160.053,54.1757],[159.8182,53.6597],[159.9605,53.4968],[159.791,53.5163],[160.0586,53.0974],[159.825,53.2829],[158.7087,52.8918],[158.5916,53.0622],[158.4378,53.0253],[158.6471,52.8994],[158.4998,52.779],[158.5647,52.6474],[158.4212,52.6591],[158.5579,52.3131],[158.2869,51.9675],[156.67,50.8639],[156.7615,51.078],[156.5236,51.3115],[156.2822,52.5294],[156.4466,52.5114],[156.1112,52.9354],[155.5512,55.2842],[155.9465,56.6219],[156.5521,57.109],[156.6838,57.0483],[157.0013,57.4255],[156.749,57.7296],[156.9815,57.8571],[157.4699,57.8039],[157.6397,58.025],[158.3382,57.953],[158.2288,58.0386],[159.237,58.4678],[159.8035,59.0964],[160.4973,59.5525],[161.8972,60.203],[161.9386,60.4168],[163.751,60.8831],[163.4873,61.0017],[164.0288,61.3466],[163.7515,61.4433],[164.0448,61.6834],[164.1272,62.2624],[164.5383,62.4511],[165.2969,62.3226],[165.1238,62.4506],[165.6509,62.4592],[164.4469,62.6894],[163.3989,62.5759],[163.1677,62.4321],[163.3689,62.3277],[163.0915,62.2266],[163.1931,62.0666],[162.9767,61.7996],[163.3265,61.6579],[163.0173,61.5166],[162.8388,61.7076],[162.6227,61.6591],[162.7748,61.5939],[162.4172,61.6758],[160.7916,60.7177],[160.431,60.7492],[160.1859,60.5784],[160.1701,60.8249],[160.4442,61.0362],[159.7975,60.9311],[160.0001,61.1061],[159.7756,61.2422],[160.2851,61.5541],[160.3457,61.9447],[159.5772,61.6528],[159.5656,61.8166],[159.1178,61.9167],[157.0276,61.6506],[156.6704,61.516],[156.655,61.1968],[155.9431,60.9226],[155.9136,60.7036],[154.9524,60.3674],[154.4876,59.9463],[154.5637,60.0937],[154.4078,60.0629],[154.4735,59.8793],[154.2208,59.8696],[154.3683,59.5747],[154.2201,59.664],[154.1384,59.457],[154.9629,59.4961],[155.2097,59.3439],[155.1941,59.1758],[154.438,59.2155],[154.0487,59.0528],[153.7686,59.2466],[153.3692,59.2413],[153.3373,59.0899],[153.0067,59.0606],[152.8999,58.9036],[152.3633,59.0597],[152.0203,58.875],[151.3537,58.8326],[151.0881,59.102],[152.3222,59.2074],[151.7343,59.3073],[151.3961,59.6042],[150.7799,59.4323],[150.5037,59.4887],[150.7743,59.5619],[149.3753,59.7722],[149.0407,59.6429],[149.2121,59.4691],[148.7434,59.4716],[148.9899,59.3754],[148.9345,59.2333],[148.2194,59.4089],[147.546,59.2375],[146.5039,59.4631],[146.3191,59.4017],[146.323,59.18],[146.0503,59.1389],[145.825,59.2413],[145.957,59.4167],[143.1648,59.381],[142.2624,59.1246],[141.5837,58.6177],[140.9043,58.3828],[140.4957,57.8448],[138.933,57.135],[138.5817,56.7845],[138.4544,56.8393],[138.1296,56.5856],[138.2235,56.4242],[135.2196,54.8941],[135.2442,54.7012],[135.7502,54.571],[136.8235,54.6475],[136.8145,54.1593],[136.6592,53.935],[136.7643,53.7753],[137.1857,53.8511],[137.2909,54.0357],[137.0614,54.1457],[137.7358,54.321],[137.4839,54.0847],[137.3079,54.1184],[137.8628,53.9676],[137.2176,53.6006],[137.3351,53.5294],[138.1501,53.6728],[138.5786,53.9993],[138.5799,53.8283],[138.2156,53.4918],[138.4392,53.5137],[138.7718,54.0156],[138.6436,54.2972],[139.3023,54.1906],[139.7676,54.3039],[140.2406,54.057],[140.2573,53.8686],[140.5812,53.6393],[141.4075,53.3038],[141.433,53.1489],[141.1888,52.9875],[140.7067,53.111],[141.2606,52.8522],[141.3163,52.6591],[141.1282,52.4229],[141.5558,52.1623],[141.355,52.1059],[141.4255,51.9255],[140.6863,51.3128],[140.7067,51.0317],[140.4421,50.5301],[140.523,50.1511],[140.6909,50.0803],[140.4152,49.8746],[140.5608,49.5754],[140.2192,49.0139],[140.398,48.9927],[140.177,48.4618],[139.2617,47.7879],[138.9695,47.3175],[138.5628,47.0299],[138.034,46.156],[136.1653,44.4965],[135.8379,44.3627],[135.1399,43.5084],[133.9268,42.8827],[133.1577,42.6884],[132.9898,42.827],[132.8159,42.7564],[132.7634,42.9081],[132.3115,42.8454],[132.3458,43.2979],[131.9299,43.0696],[132.052,43.3148],[131.8157,43.3367],[131.2195,42.5547],[130.6935,42.6855],[130.8729,42.5277],[130.7036,42.2952],[130.4075,42.3246],[129.7748,41.7594],[129.6488,41.5494],[129.8062,41.376],[129.7166,40.8346],[129.2335,40.7057],[128.3278,40.0282],[128.0068,40.0452],[127.5208,39.747],[127.5621,39.3162],[127.3784,39.3789],[127.3934,39.2017],[128.3477,38.6967],[129.4341,37.0611],[129.3809,36.0415],[129.5873,36.0169],[129.3604,35.3536],[129.0004,35.0459],[128.6021,35.2139],[128.6521,35.0613],[128.3714,35.0136],[128.4881,35.0512],[128.4353,34.8432],[128.0557,34.9316],[128.0693,35.0825],[127.7192,34.9901],[127.5753,34.9136],[127.7756,34.8491],[127.6407,34.618],[127.5213,34.8898],[127.3653,34.824],[127.5036,34.5913],[127.3494,34.5858],[127.3436,34.445],[127.1245,34.5407],[127.3579,34.6982],[127.2481,34.7665],[126.898,34.4177],[126.7778,34.5865],[126.5213,34.2942],[126.5396,34.563],[126.2953,34.5891],[126.2903,34.7502],[126.4646,34.5847],[126.3786,34.7112],[126.6236,34.63],[126.364,34.7492],[126.6653,34.8081],[126.3735,34.7907],[126.4364,34.9814],[126.3152,34.9379],[126.2542,35.1234],[126.4251,35.0198],[126.3089,35.2333],[126.4927,35.5253],[126.6925,35.5344],[126.4676,35.6396],[126.8375,35.8933],[126.5214,35.9705],[126.8707,36.062],[126.4934,36.1308],[126.6174,36.4735],[126.4977,36.4484],[126.4796,36.7471],[126.2953,36.5827],[126.1282,36.7613],[126.3089,36.9669],[126.3567,36.7888],[126.353,37.0],[126.5826,36.898],[126.5007,37.055],[126.7962,36.9558],[126.8508,36.754],[127.042,36.9936],[126.9127,36.9296],[126.8905,37.0959],[126.7512,37.0701],[126.8707,37.1755],[126.6685,37.1618],[126.8707,37.2679],[126.596,37.4397],[126.531,37.7547],[126.7552,37.6379],[126.6925,37.8371],[126.3787,37.8896],[126.1104,37.7409],[125.5969,38.0322],[125.7398,37.9252],[125.3475,37.6756],[125.5101,37.8943],[124.9795,37.9252],[125.2649,38.0779],[124.6672,38.1257],[124.993,38.227],[124.8797,38.3452],[125.1234,38.6663],[125.6578,38.631],[125.1372,38.8035],[125.4109,39.2138],[125.4449,39.5844],[125.117,39.5659],[124.7461,39.7829],[124.6375,39.5905],[124.5641,39.8143],[124.3215,39.9127],[124.4996,40.0225],[124.37,40.0983],[124.1182,39.8332],[123.2447,39.814],[123.2232,39.6798],[122.29,39.351],[121.8599,38.9446],[121.7247,39.0302],[121.5874,38.9401],[121.6963,38.8629],[121.1531,38.7276],[121.1179,38.9434],[121.6741,39.088],[121.5899,39.2641],[121.943,39.3994],[121.5259,39.3647],[121.2234,39.5286],[121.5333,39.6223],[121.4707,39.8102],[121.8738,39.9914],[122.3019,40.5023],[121.8511,40.8323],[121.8679,40.9958],[121.7396,40.8491],[121.2003,40.9307],[120.472,40.2143],[119.5356,39.8908],[119.2086,39.5696],[119.2794,39.384],[118.926,39.1306],[118.3261,39.0309],[118.028,39.2198],[117.7154,39.1114],[117.5435,38.6213],[117.7161,38.3785],[118.0652,38.1431],[118.95,38.0973],[119.2596,37.7158],[118.97,37.5935],[118.9612,37.2956],[119.1455,37.1789],[119.7706,37.1518],[120.3225,37.6324],[120.2157,37.6841],[120.738,37.834],[121.5703,37.4287],[121.988,37.4256],[122.1218,37.5627],[122.1832,37.4182],[122.6882,37.4098],[122.4024,37.0215],[122.54,37.0277],[122.5074,36.898],[122.3198,36.8229],[122.1661,37.0141],[122.0331,36.898],[121.9263,36.9936],[121.6253,36.7404],[121.4595,36.8287],[121.0235,36.5839],[120.7506,36.6168],[120.95,36.4592],[120.7141,36.4287],[120.6278,36.1165],[120.3535,36.0408],[120.3064,36.2742],[120.0972,36.2264],[120.2988,35.9731],[119.648,35.5839],[119.1929,35.0004],[119.1922,34.7182],[119.4422,34.746],[120.2571,34.3118],[120.8958,33.0136],[120.8303,32.6977],[121.3894,32.3849],[121.4434,32.1143],[121.8219,31.9525],[121.9304,31.7267],[121.2864,31.8906],[120.9778,31.8144],[120.6344,32.077],[120.1314,31.9432],[119.6129,32.3546],[119.606,32.1969],[120.0064,31.9503],[120.7504,31.9783],[120.7315,31.8139],[121.7252,31.2816],[121.9774,30.9149],[121.0202,30.5711],[120.8107,30.2966],[120.4791,30.4035],[120.1471,30.1989],[120.6216,30.3726],[120.7344,30.2322],[120.6318,30.1224],[120.7922,30.0661],[120.6463,30.1269],[120.7514,30.2256],[121.3774,30.3251],[121.7219,29.9605],[122.1291,29.9038],[121.4278,29.4679],[121.7784,29.4694],[121.9158,29.6409],[121.9915,29.2573],[121.7853,29.1681],[121.7866,29.3745],[121.7243,29.182],[121.5743,29.3051],[121.4085,29.1611],[121.6898,29.0171],[121.4978,28.9497],[121.6699,28.8253],[121.6056,28.7247],[121.1423,28.8459],[121.5101,28.6571],[121.6079,28.2705],[121.4089,28.3049],[121.3301,28.1475],[121.169,28.3848],[120.9652,27.9871],[120.5596,28.1128],[120.8684,27.8826],[120.6353,27.7633],[120.682,27.4816],[120.5178,27.2016],[120.1958,27.2978],[120.4217,27.147],[120.032,26.8999],[120.1344,26.6461],[119.8472,26.5236],[120.0797,26.7969],[119.8569,26.6535],[119.8463,26.8522],[119.6858,26.812],[119.7249,26.6978],[119.5755,26.788],[119.5542,26.6152],[119.8189,26.4532],[119.5731,26.4378],[119.95,26.3649],[119.6543,26.2724],[119.4585,25.9825],[119.0935,26.1458],[119.3298,25.9443],[119.6954,26.0026],[119.5899,25.6872],[119.4491,25.6872],[119.6546,25.3581],[119.3052,25.6046],[119.1025,25.4203],[119.3442,25.2424],[119.0991,25.1112],[119.0273,25.2782],[118.8756,25.2438],[119.0177,24.9603],[118.572,24.8852],[118.763,24.7627],[118.6205,24.5455],[118.4312,24.6997],[118.219,24.5414],[118.1605,24.6934],[118.0217,24.4457],[117.7913,24.4675],[118.1265,24.262],[117.7481,23.9075],[117.6671,24.0627],[117.5917,23.7371],[117.4166,23.9468],[117.4901,23.8326],[117.2774,23.7822],[117.2571,23.6156],[116.9165,23.6627],[116.7732,23.3494],[116.5232,23.4185],[116.8048,23.2361],[116.5089,23.2341],[116.4947,22.9394],[116.2136,22.9828],[115.81,22.7461],[115.7303,22.9342],[115.406,22.925],[115.6121,22.8636],[115.5752,22.6683],[115.2334,22.7882],[115.3038,22.903],[114.9853,22.6893],[114.8625,22.7632],[114.896,22.5475],[114.6955,22.7926],[114.5221,22.706],[114.6177,22.5141],[114.5158,22.4526],[114.4087,22.6116],[114.21,22.5345],[114.3351,22.5064],[114.2093,22.3987],[114.3997,22.4361],[114.2967,22.2583],[113.9144,22.3761],[114.0824,22.5294],[113.8903,22.4527],[113.6536,22.7587],[113.5364,23.0631],[113.8301,23.1175],[113.4175,23.097],[113.484,22.9243],[113.213,22.9045],[113.5992,22.5752],[113.4837,22.1551],[113.1653,22.5756],[113.402,22.1796],[113.1575,22.0247],[113.0851,22.2076],[112.9116,21.8563],[112.826,21.9661],[112.5509,21.7729],[112.3975,22.0685],[112.2862,21.7088],[111.8904,21.9251],[112.0003,21.7743],[111.8679,21.6767],[111.6781,21.7812],[111.7879,21.616],[111.6305,21.5299],[111.0276,21.5409],[110.4312,21.1915],[110.3585,21.4357],[110.3994,21.1766],[110.1956,21.0713],[110.1567,20.8489],[110.369,20.8489],[110.3008,20.6571],[110.5342,20.4783],[110.2803,20.253],[109.9172,20.2393],[109.8628,20.4063],[110.0098,20.4342],[109.8221,20.5165],[109.8604,20.7155],[109.6612,20.9276],[109.9444,21.4931],[109.6497,21.5205],[109.5677,21.76],[109.5308,21.4916],[109.1387,21.4016],[109.1358,21.603],[108.928,21.6151],[108.8014,21.8183],[108.8614,21.6439],[108.7454,21.603],[108.4778,21.945],[108.471,21.562],[108.3413,21.7258],[108.211,21.5006],[108.2383,21.6439],[107.9707,21.4316],[107.7522,21.5136],[107.5906,21.2939],[107.4153,21.3287],[107.3743,21.0276],[107.197,20.9376],[107.0256,21.0338],[106.8679,20.8827],[106.6421,21.0202],[106.8059,20.6776],[106.5186,20.541],[106.5696,20.232],[105.9556,19.9255],[105.6133,18.9855],[106.0934,18.2587],[106.4348,18.1235],[106.4981,17.7106],[106.2852,17.7721],[107.8123,16.3132],[108.2044,16.2167],[108.1975,16.0037],[108.3314,16.1553],[108.2791,15.9957],[108.6289,15.4557],[108.9517,15.2502],[108.8625,15.1525],[109.3074,13.8764],[109.2322,13.3931],[109.4724,12.6564],[109.3589,12.7973],[109.2049,12.6464],[109.346,12.3963],[109.1497,12.4404],[109.2942,11.8712],[109.1768,12.1295],[109.2429,11.7357],[109.136,11.5702],[109.0203,11.6328],[109.0181,11.3559],[107.272,10.3785],[106.9915,10.4809],[106.9841,10.6994],[106.9636,10.4666],[106.7476,10.6737],[106.5819,10.4528],[106.7411,10.468],[106.7908,10.2849],[106.4224,10.317],[106.7976,10.1572],[106.6489,9.9744],[106.292,10.2617],[106.6687,9.8428],[106.1133,10.2343],[106.575,9.7391],[106.5437,9.585],[106.385,9.5483],[105.819,10.008],[106.1934,9.3693],[105.5387,9.1293],[105.1015,8.6343],[104.8328,8.5692],[104.7202,8.6138],[104.9631,8.7194],[104.7746,8.8179],[104.8566,9.738],[105.1133,9.8571],[105.0427,10.0551],[104.772,10.2266],[104.613,10.1445],[104.5249,10.4194],[103.8664,10.6994],[103.6239,10.5009],[103.502,10.6171],[103.7224,10.8948],[103.5619,11.1522],[103.4021,10.8843],[103.1267,10.8813],[103.0645,11.4473],[103.1743,11.4262],[102.9546,11.5571],[103.085,11.7279],[102.8931,11.8303],[102.9546,11.5702],[102.6057,12.2213],[102.5824,12.0493],[102.2904,12.194],[102.304,12.4274],[102.2648,12.3062],[101.7661,12.7059],[100.8579,12.6527],[100.9958,13.4962],[100.5978,13.6122],[99.9627,13.3099],[100.1043,13.0573],[99.9605,12.6679],[100.02,12.1927],[99.6419,11.5233],[99.285,10.3645],[99.1516,10.3574],[99.2341,9.2783],[99.8535,9.2947],[99.9671,8.6057],[100.2205,8.4487],[100.5746,7.2092],[100.2106,7.7809],[100.1792,7.5312],[100.4244,7.1712],[100.5854,7.2244],[100.9976,6.8567],[101.2917,6.9546],[101.5574,6.8418],[103.2224,5.2211],[103.4942,4.3366],[103.3387,3.7582],[103.4822,3.5118],[103.4412,2.9221],[103.949,2.3399],[104.2552,1.6378],[104.2192,1.3462],[103.966,1.6479],[104.0098,1.4486],[103.6976,1.4506],[103.5164,1.2705],[103.3674,1.5384],[101.2864,2.8497],[101.2976,3.2746],[100.7095,3.883],[100.8714,4.0189],[100.5654,4.3192],[100.6662,4.6699],[100.3645,5.0843],[100.3491,6.0127],[100.1035,6.5332],[99.6858,6.8773],[99.7481,7.126],[99.5579,7.1975],[99.6035,7.3762],[99.3782,7.3209],[99.2927,7.6207],[99.0332,7.7228],[99.0696,7.9249],[98.7703,8.0237],[98.6554,8.3796],[98.4282,8.317],[98.425,8.1484],[98.2814,8.2259],[98.3223,9.2094],[98.7463,10.329],[98.5431,9.9875],[98.4593,10.7154],[98.7124,10.9244],[98.7356,11.642],[98.8916,11.6937],[98.8089,11.8513],[98.6742,11.6852],[98.7066,11.8786],[98.549,11.8786],[98.7214,11.9978],[98.7033,12.2378],[98.5391,12.2418],[98.7066,12.3479],[98.5785,13.1868],[98.1921,14.0647],[98.1443,13.5371],[98.1101,14.1678],[97.8855,14.6841],[98.0276,14.6475],[97.7948,14.8803],[97.7271,15.8432],[97.5689,16.0624],[97.7402,16.5593],[97.3703,16.4835],[97.1833,16.9215],[97.261,17.1073],[97.1306,17.0794],[96.8831,17.4574],[96.9109,17.0248],[96.6795,16.5749],[96.4363,16.4778],[96.266,16.5968],[96.2871,16.8131],[96.1712,16.7716],[96.3213,16.4153],[95.7249,16.2228],[95.4158,15.723],[95.2879,15.7401],[95.3616,16.1484],[95.2127,15.7866],[95.1358,16.1484],[95.0339,15.8057],[94.8469,15.7906],[94.9924,16.2508],[94.7212,15.8567],[94.6013,15.9212],[94.7937,16.162],[94.5666,15.9355],[94.7323,16.5246],[94.2395,15.9763],[94.2683,16.5275],[94.615,17.5456],[94.1489,18.731],[94.2793,18.7385],[94.0381,18.8591],[94.0669,19.389],[93.9104,19.191],[93.9304,18.8586],[93.4832,19.3507],[93.7969,19.2352],[93.981,19.3723],[93.7312,19.6326],[93.8068,19.7458],[93.6014,19.7186],[93.74,19.9251],[93.1284,20.0947],[93.2383,19.821],[93.1315,20.0066],[93.1345,19.8341],[92.9702,20.1295],[93.1209,20.212],[92.9905,20.1549],[93.0733,20.5546],[92.8984,20.1357],[92.7721,20.2015],[92.9429,20.3212],[92.8269,20.4951],[92.635,20.698],[92.7312,20.2592],[92.2651,21.0611],[92.3255,20.7387],[92.0454,21.171],[92.0293,21.7049],[91.813,22.1803],[91.9081,22.4247],[91.7871,22.2379],[91.4905,22.9045],[91.1819,22.7265],[91.2027,22.5432],[91.0183,22.6831],[90.9417,22.5859],[90.6294,23.0644],[90.6271,23.6035],[90.4763,23.583],[90.5519,23.385],[90.2503,23.4669],[90.6066,23.2472],[90.3726,22.7614],[90.6193,22.3559],[90.4386,22.076],[90.3943,22.2882],[90.2176,21.8135],[90.0244,21.8625],[90.2361,22.1989],[90.0524,21.989],[90.0784,22.164],[89.9175,22.0499],[90.0101,22.4902],[89.7972,22.076],[89.8804,21.8842],[89.647,21.9251],[89.5869,21.7008],[89.6265,22.336],[89.5329,21.9847],[89.4758,22.2951],[89.4064,21.7174],[89.3522,21.9723],[89.2105,21.6541],[89.0437,22.1374],[89.0609,21.9385],[88.905,21.9694],[89.0827,21.6173],[88.8587,21.7668],[88.7279,21.5599],[88.6602,22.205],[88.5723,21.5579],[88.4956,21.9518],[88.4563,21.624],[88.3312,21.7191],[88.3097,21.6102],[88.2616,21.7987],[88.2544,21.5547],[88.198,22.1678],[87.9066,22.4247],[88.1643,22.0898],[87.834,21.7293],[86.9177,21.3274],[86.8788,20.7806],[87.0432,20.698],[86.4263,19.9992],[86.1525,20.1431],[86.3724,19.965],[85.4805,19.6663],[85.5703,19.8756],[85.2681,19.78],[85.124,19.4783],[85.2476,19.6565],[85.5765,19.6906],[84.7388,19.1476],[84.1131,18.2983],[83.4519,17.9229],[83.2389,17.593],[82.3877,17.1269],[82.2527,16.9292],[82.3665,16.9086],[82.3074,16.5798],[81.763,16.3226],[81.2596,16.3327],[81.0125,15.7778],[80.8965,16.0311],[80.8071,15.7164],[80.6702,15.9077],[80.2796,15.7007],[80.053,15.0926],[80.197,14.565],[80.0466,14.2066],[80.3137,13.4409],[80.1419,13.7289],[80.053,13.6191],[80.327,13.4304],[80.3328,13.1981],[79.7859,11.7692],[79.8193,11.3815],[79.6763,11.2965],[79.833,11.342],[79.8567,10.2933],[79.2861,10.2528],[78.9133,9.4743],[79.4536,9.159],[78.9889,9.2783],[78.4121,9.0998],[78.1828,8.8771],[78.0559,8.3637],[77.5109,8.076],[76.9959,8.3681],[76.544,8.9125],[76.6685,9.0074],[76.5281,8.947],[76.363,9.3252],[76.2515,9.9631],[76.3574,9.5207],[76.5033,9.535],[76.1824,10.1057],[76.2402,10.239],[75.7355,11.3715],[75.3934,11.9748],[75.1937,12.0223],[74.8276,12.8247],[74.9409,12.8786],[74.8176,12.8618],[74.7356,13.6538],[74.4277,14.4763],[74.0964,14.7934],[74.2352,14.8765],[73.9131,15.0789],[73.7829,15.4079],[73.9678,15.3738],[73.7368,15.5717],[73.8381,15.6611],[73.7183,15.6271],[73.447,16.0689],[73.2007,17.5865],[72.9269,18.2239],[73.0715,18.273],[72.8914,18.4294],[73.015,18.47],[72.8517,18.7197],[72.9269,18.8266],[72.9951,18.731],[72.9748,19.1631],[72.7704,18.9482],[72.7854,19.3139],[73.0497,19.2177],[72.7634,19.3802],[72.8792,19.5324],[72.7225,19.5363],[72.6492,19.852],[72.9468,20.7595],[72.8096,21.13],[72.615,21.1059],[72.7345,21.1989],[72.5646,21.3858],[73.132,21.7578],[72.5503,21.6667],[72.7345,21.994],[72.5017,21.976],[72.5755,22.1945],[72.9175,22.2714],[72.1488,22.2779],[72.3076,22.079],[71.9961,21.7995],[72.2988,21.6263],[72.055,21.1684],[70.9824,20.7101],[70.5415,20.8078],[68.944,22.3183],[69.0736,22.4819],[69.2121,22.2739],[70.1785,22.562],[70.5029,23.1044],[70.3924,22.9409],[70.1306,22.994],[69.7158,22.7469],[68.8662,23.02],[68.4061,23.5087],[68.8216,23.8784],[68.3176,23.5861],[68.1434,23.6127],[68.2804,23.686],[68.1575,23.9051],[68.1491,23.6945],[68.0135,23.9393],[68.0135,23.7685],[67.8552,23.9119],[67.7157,23.7917],[67.6504,23.9331],[67.4785,23.8915],[67.5331,24.0703],[67.3413,24.0864],[67.3625,24.3439],[67.1521,24.6157],[67.2555,24.748],[66.6541,24.8392],[66.7372,25.1811],[66.437,25.5977],[66.0944,25.4748],[66.3364,25.5534],[66.4984,25.3985],[64.7444,25.324],[64.655,25.1657],[64.0454,25.4503],[64.0597,25.3446],[63.5725,25.365],[63.5005,25.1937],[62.4772,25.2591],[62.3811,25.0876],[62.1452,25.2184],[61.7549,25.0135],[61.7796,25.1911],[61.5545,25.2541],[61.4117,25.0594],[60.6335,25.275],[60.5497,25.4469],[60.3953,25.3779],[60.4672,25.2903],[57.7717,25.6356],[57.3115,25.7841],[56.9733,27.003],[56.8088,27.1396],[56.1237,27.1606],[54.791,26.4958],[54.3081,26.715],[53.7161,26.7086],[52.6013,27.3529],[52.6701,27.4486],[52.4596,27.6326],[51.3999,27.9317],[51.0588,28.7359],[50.8049,28.9336],[50.9299,29.0546],[50.6438,29.1435],[50.6553,29.4491],[50.0588,30.2046],[49.5322,30.0229],[48.9212,30.3808],[49.2629,30.4326],[49.0344,30.5193],[48.8623,30.3456],[48.8972,30.0294],[48.5205,29.9289],[47.9348,30.1071],[48.1768,29.5419],[47.9655,29.5763],[47.7047,29.3636],[48.1003,29.35],[48.4688,28.3871],[48.8827,27.8267],[48.8318,27.6125],[49.2398,27.5451],[49.3128,27.4486],[49.1198,27.4411],[49.3748,27.1491],[49.5721,27.1942],[50.1585,26.6649],[49.9885,26.7244],[50.2166,26.3239],[50.1414,26.036],[50.0324,26.2011],[49.99,26.0018],[50.4715,25.4372],[50.7713,24.727],[50.751,25.4947],[50.9776,25.6461],[50.9842,25.9813],[51.2512,26.1601],[51.5703,25.8984],[51.4719,25.5214],[51.611,25.0224],[51.3406,24.5699],[51.2126,24.6337],[51.4983,24.5836],[51.2822,24.303],[51.5693,24.2562],[51.5938,24.3849],[51.9287,23.9647],[52.3411,24.0075],[52.6003,24.2095],[53.5896,24.0471],[54.1226,24.1447],[54.4273,24.2921],[54.5744,24.447],[54.4173,24.5351],[54.5818,24.5084],[54.6433,24.7487],[55.3289,25.2015],[55.551,25.5786],[55.9523,25.7721],[56.1818,26.246],[56.4041,26.2147],[56.3638,26.386],[56.501,26.3587],[56.4798,26.1458],[56.3288,26.1728],[56.473,26.0986],[56.2666,25.6726],[56.6112,24.4963],[57.1843,23.9343],[58.7621,23.5421],[59.5158,22.5615],[59.8032,22.5347],[59.8249,22.2814],[59.3442,21.4447],[58.6803,20.8284],[58.5186,20.4168],[58.2029,20.4047],[58.2057,20.6133],[57.8561,20.2606],[57.6892,19.7282],[57.8401,19.0153],[56.8078,18.7456],[56.3563,17.94],[55.4452,17.841],[55.2282,17.5388],[55.2603,17.2343],[55.0269,17.0111],[54.085,17.0111],[52.5326,16.4473],[52.16,16.0021],[52.2284,15.6161],[49.3724,14.6498],[48.6958,14.0436],[48.0169,14.0573],[46.7007,13.4303],[45.6658,13.342],[45.1182,12.9617],[45.0586,12.762],[44.6106,12.8196],[43.9463,12.598],[43.468,12.6839],[43.2489,13.2127],[43.2809,13.7221],[42.9373,14.9485],[42.6101,15.2436],[42.7124,15.3663],[42.8091,15.2678],[42.6919,15.7021],[42.8348,15.9154],[42.7949,16.4528],[42.3567,17.1824],[42.363,17.0248],[42.3079,17.4443],[41.4933,18.2239],[40.7449,19.777],[40.0838,20.2792],[39.7601,20.3508],[39.1743,21.1089],[39.1091,21.7478],[38.9313,22.0061],[39.1428,22.4032],[38.4526,23.784],[37.9479,24.207],[37.4294,24.3673],[37.1486,24.851],[37.2422,25.1753],[35.2163,28.0544],[34.5744,28.0941],[34.9968,29.5339],[34.7366,29.3113],[34.4069,28.308],[34.4349,27.9756],[34.2498,27.7286],[33.2287,28.5694],[33.1779,28.9896],[32.715,29.456],[32.5715,30.0114],[32.3377,29.5925],[32.5915,29.3495],[32.6255,28.9727],[33.5544,27.8965],[33.4963,27.6466],[33.9961,26.8966],[33.9414,26.6535],[35.1446,24.5002],[35.7925,23.9023],[35.4839,23.9178],[35.6751,22.9666],[36.8954,22.0661],[36.8879,21.6501],[37.313,21.0577],[37.105,21.2075],[37.4343,18.8617],[37.9255,18.585],[38.1517,18.2493],[38.3062,18.3065],[38.2173,18.2177],[38.5845,18.0771],[39.7156,15.0941],[39.8547,15.1735],[39.8753,15.5041],[40.0799,15.3407],[40.1594,14.9822],[40.5127,15.0175],[40.7664,14.6953],[41.1675,14.6369],[41.6765,13.9403],[42.2884,13.5746],[42.3794,13.2226],[42.5339,13.2326],[42.7813,12.8519],[43.0295,12.8789],[43.3294,12.4888],[43.3988,12.0295],[42.5387,11.503],[43.1519,11.6118],[43.4894,11.3809],[43.8296,10.803],[44.5861,10.3836],[44.962,10.4158],[45.7693,10.8781],[46.4478,10.6931],[47.4059,11.1846],[48.1304,11.1367],[48.522,11.3193],[48.9768,11.2514],[50.0725,11.5087],[50.772,11.9858],[51.2927,11.8331],[51.0813,11.3415],[51.1607,10.5985],[51.0101,10.434],[51.2204,10.442],[51.1761,10.5628],[51.3975,10.3958],[50.9274,10.3278],[50.8303,9.4196],[49.8242,7.9339],[49.0361,6.1442],[47.9485,4.4571],[46.0476,2.4551],[44.5501,1.5591],[43.4676,0.6206],[41.9719,-0.9998],[41.9528,-0.8945],[41.8854,-1.2096],[41.3035,-1.9562],[41.0129,-2.0424],[41.0061,-1.9018],[40.9453,-2.0732],[40.861,-1.9635],[40.9695,-2.279],[40.2321,-2.669],[40.1229,-3.2673],[39.7809,-3.5666],[39.867,-3.6949],[39.7083,-4.0375],[39.5606,-4.0398],[39.6697,-4.088],[39.5401,-4.4304],[39.1906,-4.6775],[38.7791,-6.0549],[38.9151,-6.4367],[39.5537,-7.0007],[39.2923,-7.4863],[39.2526,-7.8233],[39.3278,-7.7263],[39.4575,-7.9797],[39.3031,-8.5055],[39.5537,-8.9223],[39.3887,-8.8989],[39.4985,-9.1242],[39.6438,-9.1891],[39.5674,-9.4475],[39.8073,-9.8522],[39.6908,-10.0434],[40.427,-10.3001],[40.655,-10.6869],[40.4854,-10.7621],[40.6203,-10.8409],[40.3488,-11.3171],[40.4651,-11.4504]],[[54.7468,40.9957],[54.074,41.488],[53.9069,42.0629],[53.6818,42.1439],[52.937,41.9554],[52.7692,41.6756],[52.9165,41.6742],[52.8755,41.0504],[52.4377,41.7488],[52.402,42.0925],[52.6763,42.5385],[52.5638,42.7423],[52.7105,42.5854],[52.7363,42.7014],[51.9124,42.8424],[51.6511,43.1914],[51.2757,43.1545],[51.3147,43.4625],[50.8472,44.1893],[50.2302,44.3909],[50.3112,44.6623],[51.5603,44.5114],[50.9624,44.8637],[50.9593,44.9788],[51.273,45.0246],[51.4157,45.39],[53.2612,45.3428],[52.7319,45.5541],[53.1567,46.2723],[52.9984,46.4846],[53.2046,46.6558],[53.0519,46.8984],[52.4559,47.0012],[52.1126,46.8127],[51.2126,47.1209],[49.8174,46.5404],[49.3053,46.5876],[49.3669,46.389],[49.1682,46.4094],[49.2985,46.2518],[49.1502,46.3358],[49.1145,46.1513],[48.627,46.0873],[48.7914,45.8409],[48.5549,45.9675],[47.8182,45.6081],[47.5601,45.7716],[47.6537,45.5591],[47.3848,45.7502],[47.5721,45.567],[47.3701,45.1856],[47.0783,44.7851],[47.0032,44.9216],[46.722,44.6553],[46.7113,44.4318],[47.2459,44.212],[47.4893,43.8156],[47.4043,43.5114],[47.5444,43.8652],[47.7015,43.8745],[47.4528,43.0808],[47.7273,42.6628],[49.0276,41.4312],[49.5389,40.654],[50.052,40.5843],[50.3605,40.3652],[50.3879,40.2211],[49.8934,40.369],[49.5036,40.1649],[49.2849,39.5222],[49.4071,39.2895],[49.2473,39.3107],[49.1188,38.9753],[49.0589,39.1728],[48.9348,39.1244],[48.8748,38.2427],[48.9937,37.7768],[49.2056,37.5817],[50.1956,37.3894],[50.3223,37.1533],[51.0047,36.7676],[51.909,36.5827],[54.0065,36.9526],[53.6091,36.8769],[54.0143,36.8211],[53.8071,38.032],[53.9828,38.916],[53.7015,39.0785],[53.7246,39.2417],[53.6838,39.0834],[53.5676,39.1933],[53.562,39.3533],[53.1499,39.3441],[53.1615,39.1796],[53.0852,39.4005],[53.2759,39.6649],[53.217,39.5251],[53.7362,39.5179],[53.4168,39.65],[53.5745,39.9679],[52.9136,40.0217],[53.0401,39.742],[52.7385,40.0536],[52.702,40.3124],[52.9165,41.0851],[53.1189,40.7698],[53.4831,40.737],[53.6247,40.887],[53.721,40.6257],[54.4036,40.6737],[54.25,40.8906],[54.5907,40.8267],[54.7468,40.9957]]],[[[109.906,-7.8377],[108.8732,-7.6106],[108.4537,-7.8185],[107.8645,-7.7451],[107.4114,-7.4959],[106.3978,-7.3785],[106.5108,-6.9638],[105.2168,-6.7721],[105.3638,-6.665],[105.4901,-6.809],[105.6439,-6.4823],[105.7822,-6.5121],[106.0527,-5.881],[106.7932,-6.1041],[107.0051,-6.0724],[107.0444,-5.9143],[107.6782,-6.238],[108.3603,-6.2464],[108.6055,-6.7617],[108.9448,-6.8494],[110.1775,-6.8562],[110.381,-6.9757],[110.6711,-6.4999],[111.0108,-6.421],[111.1444,-6.6918],[111.4934,-6.6235],[112.084,-6.906],[112.5828,-6.8705],[112.6038,-7.1926],[112.8233,-7.2626],[112.7615,-7.5312],[113.1327,-7.7278],[114.0456,-7.612],[114.3889,-7.7581],[114.3767,-8.5195],[114.6248,-8.7407],[113.2407,-8.2809],[112.6727,-8.447],[111.0173,-8.2547],[109.906,-7.8377]]],[[[-51.186,-0.6139],[-51.2756,-1.0252],[-51.9303,-1.4708],[-51.534,-0.6347],[-51.3083,-0.5187],[-51.186,-0.6139]]],[[[139.1922,-6.9729],[138.6834,-6.7145],[138.8291,-6.706],[138.4661,-6.4021],[138.2625,-5.9147],[138.404,-5.8357],[138.1576,-5.7737],[138.363,-5.6788],[138.0711,-5.7286],[138.0614,-5.4037],[137.2788,-4.9366],[136.8221,-4.9283],[135.9504,-4.5063],[135.1856,-4.4489],[134.6482,-4.1187],[134.6885,-3.9474],[134.9678,-3.9368],[134.5252,-4.0265],[134.3335,-3.8688],[134.3153,-4.0203],[134.1275,-3.7453],[133.9876,-3.8552],[133.8381,-3.5904],[133.8293,-3.7219],[133.7031,-3.6726],[133.6831,-3.2325],[133.9295,-3.1147],[133.8605,-2.9229],[133.6277,-3.4163],[133.514,-3.3784],[133.4534,-3.8654],[133.251,-4.0668],[132.9077,-4.0881],[132.731,-3.6823],[132.9318,-3.5541],[132.8117,-3.2817],[132.6712,-3.3285],[132.3257,-2.9465],[131.9761,-2.9298],[131.958,-2.7882],[132.3118,-2.6764],[132.7283,-2.8132],[133.2396,-2.4168],[133.3807,-2.6764],[133.4456,-2.4947],[133.4504,-2.6423],[133.634,-2.5393],[133.6824,-2.7175],[133.7131,-2.512],[133.8169,-2.649],[133.7472,-2.4379],[134.0051,-2.3884],[133.8674,-2.3412],[133.95,-2.2035],[133.792,-2.2602],[133.9404,-2.1076],[132.3057,-2.2656],[131.9419,-1.8951],[131.9822,-1.5388],[130.9509,-1.4337],[131.2542,-1.0803],[131.243,-0.8194],[131.8765,-0.6896],[132.4372,-0.3471],[132.9751,-0.4448],[133.3916,-0.7232],[133.9949,-0.7333],[134.1721,-0.8639],[134.0361,-0.9578],[134.282,-1.3502],[134.0871,-1.6828],[134.1648,-2.3205],[134.4639,-2.8621],[134.4844,-2.5393],[134.6384,-2.5112],[134.7013,-2.9587],[134.8513,-2.8998],[134.8185,-3.1363],[135.1115,-3.3617],[135.5217,-3.3355],[136.2664,-2.5603],[136.3809,-2.2341],[137.1785,-2.1061],[137.1235,-1.7975],[137.8831,-1.4705],[139.7808,-2.3547],[140.6076,-2.4394],[140.7238,-2.634],[141.1934,-2.615],[142.0628,-3.0602],[143.523,-3.436],[144.0215,-3.803],[144.5134,-3.8176],[145.8014,-4.8425],[145.7596,-5.477],[147.4491,-5.9616],[147.8267,-6.3354],[147.854,-6.691],[146.9773,-6.7404],[146.9496,-6.9313],[147.1885,-7.4626],[147.7268,-7.9321],[148.1463,-8.0457],[148.2295,-8.5546],[148.4453,-8.6747],[148.5856,-9.0641],[149.3093,-9.017],[149.2266,-9.4867],[150.0488,-9.6845],[149.731,-9.8093],[149.8545,-10.0149],[150.8713,-10.2367],[150.3999,-10.3002],[150.3615,-10.3997],[150.6929,-10.5567],[150.2113,-10.7013],[149.8545,-10.5505],[150.0816,-10.4611],[149.7484,-10.3383],[148.7478,-10.2346],[148.6893,-10.1049],[147.7168,-10.0981],[147.3101,-9.5388],[146.8949,-9.2682],[146.9754,-9.0335],[146.6018,-9.006],[146.6065,-8.802],[146.0999,-8.0833],[144.8796,-7.7817],[144.8523,-7.5694],[144.604,-7.6569],[144.5223,-7.4962],[144.5139,-7.672],[144.4072,-7.5141],[144.5078,-7.798],[144.311,-7.6103],[144.2149,-7.796],[143.6463,-7.4384],[143.9568,-7.9723],[143.364,-7.8964],[143.6125,-8.2392],[142.4945,-8.3333],[142.36,-8.1671],[142.1462,-8.2174],[143.1316,-8.486],[143.3953,-8.7687],[143.3613,-9.0074],[142.6125,-9.3346],[142.2107,-9.1589],[141.1526,-9.2322],[139.9881,-8.1925],[140.1517,-7.8847],[139.9736,-8.0969],[139.3952,-8.2009],[139.2171,-7.9513],[138.9144,-8.2921],[138.8428,-8.1174],[139.093,-7.56],[138.6675,-7.1978],[139.24,-7.1511],[138.8425,-7.1456],[138.5615,-6.9186],[138.9315,-6.8425],[139.1922,-6.9729]]],[[[-48.4625,-0.5761],[-48.6428,-1.0836],[-48.9211,-1.1415],[-48.833,-1.4158],[-48.9901,-1.2924],[-48.8392,-1.45],[-49.0658,-1.5319],[-49.1977,-1.3884],[-49.2228,-1.6212],[-49.5313,-1.4977],[-49.5587,-1.7242],[-49.6883,-1.7693],[-49.7442,-1.5803],[-49.7764,-1.8072],[-50.0282,-1.6555],[-50.155,-1.779],[-50.2582,-1.4841],[-50.4052,-1.831],[-50.8032,-1.435],[-50.7926,-1.0862],[-50.5597,-1.1832],[-50.4766,-1.0392],[-50.7926,-1.0187],[-50.7373,-0.5519],[-50.5485,-0.6778],[-50.6964,-0.36],[-50.3682,-0.1056],[-48.4272,-0.2599],[-48.4625,-0.5761]]],[[[119.8465,-0.8746],[119.8,-0.1238],[119.6345,0.0105],[119.8327,-0.0844],[119.7852,0.2395],[120.0457,0.7344],[120.2785,0.9942],[120.5681,0.7821],[120.8335,1.3257],[121.4514,1.2976],[121.5467,1.0725],[122.4541,1.0207],[122.8489,0.818],[123.1867,0.9736],[123.9292,0.8315],[124.5938,1.1959],[124.5483,1.3598],[124.8357,1.4691],[124.9839,1.7316],[125.1753,1.6782],[125.2492,1.4847],[124.3218,0.3989],[123.626,0.2666],[123.2388,0.3245],[123.0742,0.5163],[121.8005,0.4265],[121.6019,0.5517],[121.1079,0.4071],[120.5027,0.5289],[120.1582,0.2278],[119.9956,-0.2092],[120.0731,-0.6139],[120.2556,-0.8993],[120.5003,-0.9753],[120.676,-1.3947],[121.1055,-1.4059],[121.6201,-0.8004],[121.7142,-0.9355],[122.1053,-0.9262],[122.2077,-0.7647],[122.929,-0.7589],[122.7346,-0.6484],[123.0759,-0.5564],[123.4544,-0.7582],[123.3112,-1.0514],[123.0962,-0.8351],[122.8387,-0.8992],[122.3688,-1.4928],[121.8613,-1.6697],[121.6921,-1.9081],[121.2961,-1.8167],[122.4729,-3.1511],[122.2054,-3.5938],[122.6564,-3.8893],[122.5513,-3.9708],[122.6882,-4.1384],[122.845,-4.0577],[122.9002,-4.3888],[122.6702,-4.3145],[122.7581,-4.4848],[122.1078,-4.52],[122.0774,-4.8421],[121.5542,-4.7437],[121.6277,-4.0871],[120.8745,-3.499],[121.0667,-3.1938],[121.0804,-2.759],[120.5845,-2.6821],[120.2035,-2.9577],[120.4258,-3.2561],[120.45,-4.6466],[120.2643,-5.15],[120.4636,-5.6202],[120.3233,-5.5095],[119.7236,-5.7038],[119.4333,-5.5878],[119.3528,-5.3556],[119.6268,-4.3145],[119.4976,-3.4953],[118.9268,-3.5661],[118.7642,-3.0909],[118.8855,-2.8696],[118.7573,-2.7758],[119.1358,-2.4543],[119.2161,-2.0099],[119.347,-1.9594],[119.3136,-1.2458],[119.5252,-0.8604],[119.7337,-0.6339],[119.8465,-0.8746]]],[[[100.9473,1.8254],[100.8,2.2089],[101.0503,2.2915],[101.427,1.7093],[102.1182,1.3865],[102.4251,0.8043],[102.9538,0.6758],[103.0747,0.4423],[102.5819,0.1811],[102.4304,0.2463],[102.5457,0.1691],[103.3622,0.5363],[103.7434,0.2773],[103.8018,-0.0073],[103.2705,-0.2576],[103.4893,-0.2115],[103.3456,-0.3669],[103.5984,-0.4368],[103.3729,-0.4494],[103.3456,-0.6959],[103.8289,-1.0734],[104.3772,-1.0317],[104.4971,-1.936],[104.8828,-2.1257],[104.6062,-2.4021],[104.7096,-2.3709],[104.7131,-2.5578],[104.5311,-2.7726],[104.8833,-2.2849],[105.6238,-2.4018],[105.8096,-2.899],[106.0285,-2.9828],[106.073,-3.2555],[105.8196,-3.6725],[105.9525,-3.8338],[105.8128,-4.2387],[105.9097,-4.9431],[105.7297,-5.8967],[105.2796,-5.4443],[105.1633,-5.7861],[104.5514,-5.5085],[104.7161,-5.9211],[104.5613,-5.9283],[103.8911,-5.1042],[102.3125,-3.9915],[102.2222,-3.6428],[101.6113,-3.2245],[100.9231,-2.3334],[100.8576,-1.8919],[99.7472,-0.0298],[99.138,0.2631],[98.7096,1.5641],[98.7739,1.7486],[97.7444,2.2811],[97.6027,2.8662],[96.8836,3.6824],[96.4795,3.7787],[95.5654,4.6375],[95.199,5.2929],[95.2127,5.5731],[95.6116,5.6267],[96.4066,5.2172],[97.5262,5.2423],[97.9092,4.8896],[97.9968,4.5465],[98.2756,4.4254],[98.179,4.1082],[98.263,4.1773],[99.7507,3.1805],[99.9795,2.9485],[100.008,2.6026],[100.0549,2.7273],[100.1258,2.5301],[100.2106,2.7062],[100.4343,2.2733],[100.9473,1.8254]]],[[[119.2781,5.3446],[119.1559,5.1062],[118.6815,4.9443],[118.3572,5.0388],[118.1365,4.8823],[118.5996,4.5192],[118.5569,4.3635],[117.9827,4.2311],[117.656,4.4242],[117.6271,4.1765],[117.3731,4.1697],[117.6893,3.9215],[117.5234,3.9363],[117.7772,3.7991],[117.7611,3.6437],[117.4688,3.7923],[117.5098,3.6074],[117.0305,3.5944],[117.4465,3.4348],[117.27,3.2343],[117.6172,3.0859],[117.6851,2.9631],[117.5438,2.9221],[117.7363,2.9016],[117.6196,2.8255],[118.0822,2.3375],[117.75,2.0314],[119.0117,0.9763],[118.7982,0.8049],[118.384,0.8049],[117.8939,1.1135],[118.033,0.8002],[117.7432,0.7405],[117.47,0.1088],[117.4414,-0.5252],[117.6301,-0.4187],[117.4829,-0.6996],[117.6271,-0.7709],[117.2815,-0.8092],[116.9577,-1.2399],[116.8198,-1.2614],[116.7432,-1.0248],[116.7624,-1.3653],[116.2224,-1.7896],[116.4248,-1.7664],[116.4666,-1.9075],[116.2832,-2.1694],[116.6033,-2.2242],[116.5179,-2.5539],[116.3042,-2.5256],[116.2876,-2.9871],[116.1377,-2.8234],[116.2649,-3.1369],[115.9679,-3.6088],[114.6643,-4.1842],[114.5503,-3.3481],[114.4768,-3.5007],[114.2635,-3.3976],[114.3648,-3.2115],[114.1865,-3.3823],[114.1177,-3.1904],[114.042,-3.3556],[113.6325,-3.4568],[113.6115,-3.1742],[113.3027,-3.1625],[113.3511,-3.2724],[113.0352,-2.9229],[113.0215,-3.1625],[112.638,-3.4168],[112.2029,-3.3295],[111.9053,-3.572],[111.7541,-2.7385],[111.5698,-3.0157],[110.7542,-3.0261],[110.9561,-2.879],[110.6624,-3.0807],[110.5495,-2.8676],[110.2632,-3.0029],[110.157,-2.6213],[110.2805,-2.5182],[110.0925,-1.9496],[109.9038,-1.8261],[110.0614,-1.3464],[109.7635,-0.8709],[109.6773,-0.9838],[109.2732,-0.8536],[109.2625,-0.6674],[109.5065,-0.7164],[109.1394,-0.5286],[109.0462,-0.2459],[109.2248,-0.2372],[109.1565,0.0201],[109.3005,0.0105],[108.9209,0.3403],[108.9243,1.164],[109.2664,1.3946],[108.9858,1.2158],[109.341,1.9355],[109.6453,2.0832],[109.9277,1.6923],[110.2908,1.674],[110.3294,1.8026],[110.7267,1.5474],[110.6779,1.4486],[110.7933,1.5724],[111.3836,1.3537],[111.0056,1.5845],[111.2674,1.6273],[111.096,1.7745],[111.3779,2.1618],[111.1847,2.1451],[111.221,2.4161],[111.4934,2.3461],[111.447,2.6946],[113.0078,3.1617],[113.9468,4.2738],[113.9758,4.5947],[114.3267,4.6069],[115.0578,5.0541],[115.0481,4.8018],[115.3703,4.9109],[115.6052,5.2121],[115.3926,5.4133],[115.6048,5.6358],[115.6048,5.5197],[115.8486,5.56],[116.7659,7.0251],[116.7839,6.5916],[117.1502,7.0031],[117.2959,6.6363],[117.7271,6.4512],[117.669,5.9726],[117.4688,5.8686],[118.0169,6.061],[118.1252,5.8639],[117.9212,5.809],[117.9603,5.6872],[118.3652,5.8138],[118.594,5.6821],[118.5654,5.5259],[118.6511,5.6364],[118.9326,5.3941],[119.2781,5.3446]]],[[[126.5692,7.3011],[126.3396,6.7865],[126.1721,6.9039],[126.2002,6.2832],[125.8532,7.336],[125.6683,7.257],[125.3776,6.6742],[125.5899,6.4992],[125.6992,6.0405],[125.3713,5.5729],[125.1812,5.7983],[125.2507,6.0931],[124.9636,5.8586],[124.2017,6.2217],[123.9652,6.8323],[124.2468,7.4041],[123.7039,7.8094],[123.4447,7.8013],[123.431,7.3687],[123.1406,7.5131],[123.1179,7.7414],[123.0066,7.4724],[122.822,7.4594],[122.8147,7.7434],[122.6187,7.7741],[122.1545,6.9281],[121.8989,7.0572],[122.2517,7.9801],[122.9453,8.1619],[123.042,8.4901],[123.3182,8.5335],[123.3971,8.7232],[123.8447,8.4522],[123.883,8.1645],[123.6764,7.9634],[124.2323,8.2129],[124.4058,8.6079],[124.7532,8.5002],[124.8094,9.0095],[125.106,8.8298],[125.2088,9.0865],[125.5166,9.0159],[125.4595,9.8229],[125.9728,9.4803],[126.058,9.246],[126.2199,9.3056],[126.3455,8.8533],[126.1105,8.6071],[126.4053,8.4926],[126.3831,7.8857],[126.5829,7.7194],[126.5692,7.3011]]],[[[122.2972,18.4039],[122.1358,17.7373],[122.5291,17.0905],[122.2039,16.2365],[121.5674,15.9157],[121.6292,15.6611],[121.3911,15.2663],[121.7249,14.7308],[121.6082,14.6302],[121.7316,14.1882],[121.9363,13.9952],[122.2319,13.9064],[122.3137,14.0163],[122.1629,14.1678],[122.2637,14.2474],[122.3001,14.092],[122.4163,14.3248],[122.6799,14.3505],[123.0422,14.098],[123.1082,13.7221],[123.3018,13.7895],[123.3355,13.9822],[123.2181,13.9927],[123.3318,14.0995],[123.4173,13.9064],[123.9378,13.784],[123.5266,13.606],[123.8556,13.2287],[123.7458,13.0642],[124.1846,13.0573],[124.0549,12.5373],[123.7936,12.8314],[124.0252,12.9553],[123.7254,12.8451],[123.3101,13.0124],[123.1688,13.4492],[122.5369,13.9611],[122.4131,13.9481],[122.6727,13.3793],[122.5881,13.174],[122.3695,13.5498],[121.7249,13.9691],[121.2788,13.595],[121.0389,13.6328],[121.0038,13.7809],[120.8875,13.6935],[120.8767,13.9123],[120.6497,13.7842],[120.5735,14.1745],[120.9704,14.5019],[120.9431,14.6535],[120.5857,14.9028],[120.5884,14.467],[120.4021,14.4558],[120.2922,14.8257],[120.0799,14.8039],[119.8882,15.429],[119.8019,16.3579],[120.1388,16.0461],[120.4021,16.1655],[120.2761,16.6119],[120.4363,17.008],[120.3338,17.5564],[120.5702,18.5018],[121.1068,18.6427],[121.6497,18.314],[121.9868,18.2904],[122.1528,18.5188],[122.2972,18.4039]]],[[[32.9785,31.0817],[32.9831,31.0899],[32.9893,31.0734],[32.9785,31.0817]]],[[[131.6598,32.4768],[131.3382,31.3726],[131.0718,31.4496],[131.1321,31.2795],[130.6577,31.0032],[130.7953,31.3444],[130.5909,31.586],[130.7586,31.5638],[130.7764,31.7103],[130.5291,31.5133],[130.5864,31.1554],[130.119,31.4086],[130.3345,31.5624],[130.1799,32.0935],[130.5125,32.3382],[130.6683,32.6487],[130.448,32.6214],[130.6113,32.7855],[130.2414,33.1882],[130.1053,32.8759],[130.3394,32.8566],[130.3608,32.688],[130.166,32.593],[130.0938,32.7949],[129.7404,32.5684],[129.8591,32.7245],[129.6384,32.9265],[129.6816,33.0941],[129.7944,32.8749],[130.0031,32.8454],[129.5521,33.2258],[129.5804,33.371],[129.8516,33.28],[129.8532,33.5525],[130.0169,33.4458],[130.208,33.6651],[130.3909,33.6049],[130.2893,33.6815],[130.4889,33.8554],[131.0071,33.9661],[131.103,33.6243],[131.6674,33.6672],[131.7373,33.4846],[131.5104,33.2734],[131.9026,33.266],[131.8096,33.1276],[132.0812,32.9432],[131.6598,32.4768]]],[[[133.4222,34.445],[132.6563,34.1993],[132.346,34.3488],[132.0559,33.7772],[132.0995,33.8723],[131.7415,34.0562],[130.8794,33.9379],[130.9588,34.4274],[131.4143,34.424],[132.6387,35.2946],[132.6354,35.441],[133.0913,35.6015],[133.4002,35.4543],[135.2268,35.7723],[135.319,35.447],[135.4632,35.6033],[135.8343,35.5344],[136.0197,35.7653],[136.0691,35.6619],[135.9632,35.9999],[136.6897,36.7308],[136.7838,37.3739],[137.3509,37.5061],[136.8609,37.0768],[137.0471,37.0988],[137.0055,36.8359],[137.2987,36.757],[138.5506,37.3779],[138.8577,37.8278],[139.4251,38.1513],[139.9953,39.3273],[140.0276,39.8245],[139.6977,39.9886],[139.8669,39.9843],[140.0112,40.2355],[139.8604,40.6088],[140.2708,40.8124],[140.4078,41.0257],[140.2481,41.1234],[140.3423,41.2657],[140.6327,41.1943],[140.7031,40.8533],[140.8887,41.0108],[141.1263,40.8729],[141.2059,41.2647],[140.7658,41.145],[140.9071,41.5385],[141.2761,41.3532],[141.4606,41.4302],[141.4374,40.6701],[141.8304,40.2512],[142.0703,39.5502],[141.953,39.4608],[142.0584,39.4663],[141.9133,39.0977],[141.6384,38.9854],[141.4631,38.6614],[141.5254,38.2678],[141.3045,38.4079],[140.9668,38.1705],[141.0078,37.1339],[140.5641,36.2831],[140.8794,35.7205],[140.4835,35.566],[140.3776,35.1764],[139.9264,34.9074],[139.757,34.9563],[139.87,34.9993],[139.781,35.3181],[140.102,35.5671],[139.7653,35.6535],[139.6851,35.1404],[139.5442,35.3079],[139.1835,35.2633],[139.1409,34.8706],[138.8353,34.5959],[138.8033,35.1219],[138.5541,35.0961],[138.2333,34.5946],[137.0161,34.5788],[137.3408,34.7265],[137.0182,34.7833],[136.9789,34.9242],[136.9715,34.6964],[136.856,34.7398],[136.8301,35.0788],[136.5195,34.6809],[136.916,34.434],[136.8957,34.2669],[136.3367,34.184],[135.76,33.4333],[135.0589,33.88],[135.19,34.1496],[135.061,34.2673],[135.3726,34.4845],[135.4129,34.6921],[135.0458,34.625],[134.4912,34.7871],[133.9367,34.5872],[134.0462,34.5815],[133.9363,34.4512],[133.4222,34.445]]],[[[145.7674,43.3873],[145.0143,42.9895],[144.323,43.0026],[143.8864,42.8442],[143.349,42.3192],[143.2415,41.928],[141.8171,42.5996],[140.9773,42.2996],[140.7337,42.5642],[140.5007,42.5792],[140.2918,42.2596],[141.2,41.7995],[140.6604,41.8271],[140.209,41.4011],[139.9798,41.5817],[140.145,41.9827],[139.7676,42.311],[139.877,42.6634],[140.2815,42.7573],[140.5212,42.9963],[140.3601,43.3252],[141.1691,43.1409],[141.4233,43.3179],[141.3374,43.7128],[141.6406,43.9379],[141.7961,44.6418],[141.5838,45.2512],[141.648,45.4372],[141.9194,45.5159],[143.7283,44.1135],[144.2429,44.1192],[144.7405,43.9146],[145.3415,44.3455],[145.0715,43.7746],[145.3936,43.3054],[145.2583,43.3271],[145.5171,43.229],[145.7674,43.3873]]],[[[-52.6288,47.5267],[-53.0669,46.6656],[-53.3553,46.739],[-53.5547,46.6184],[-53.5602,47.2045],[-54.1885,46.8284],[-53.9962,47.3172],[-53.8079,47.4237],[-54.0815,47.8755],[-54.2665,47.9035],[-54.4037,47.4509],[-54.616,47.369],[-54.4173,47.6092],[-54.6644,47.3758],[-54.8379,47.4193],[-55.2509,46.9188],[-55.7394,46.8544],[-55.98,46.9704],[-54.6986,47.6706],[-55.0885,47.6017],[-54.9381,47.7873],[-55.1312,47.5836],[-55.4273,47.7195],[-55.4071,47.5015],[-55.5985,47.3993],[-55.6384,47.5453],[-55.9176,47.4372],[-55.7469,47.5881],[-56.1619,47.4919],[-55.6295,47.6775],[-55.9144,47.6592],[-55.7804,47.9581],[-56.0593,47.6995],[-56.151,47.842],[-56.1808,47.6307],[-56.3086,47.7526],[-56.3358,47.616],[-56.7915,47.5301],[-58.3547,47.6491],[-58.2613,47.7526],[-59.1464,47.561],[-59.4058,47.8966],[-58.2722,48.5209],[-59.2624,48.4726],[-58.769,48.7805],[-58.9589,48.6162],[-58.7137,48.5682],[-58.3984,49.1367],[-57.8845,48.9722],[-58.1354,49.1269],[-57.8504,49.1845],[-58.08,49.1468],[-57.9261,49.2466],[-58.1934,49.2431],[-58.2287,49.371],[-58.0012,49.5619],[-57.7003,49.4628],[-57.9481,49.6795],[-57.3553,50.6066],[-57.1548,50.6257],[-57.397,50.7086],[-56.9255,50.9182],[-57.0894,51.0211],[-56.9007,51.0182],[-56.7202,51.3193],[-55.8928,51.6278],[-55.8729,51.4956],[-55.4042,51.563],[-55.5961,51.3091],[-56.0895,51.3706],[-55.7331,51.0831],[-56.0806,50.7206],[-56.1614,50.8782],[-56.1001,50.6686],[-56.5004,50.3911],[-56.9051,49.7537],[-56.7816,49.7294],[-56.8567,49.5482],[-56.1168,50.1584],[-56.1919,49.925],[-55.9591,50.0411],[-55.4651,49.9626],[-56.0019,49.7525],[-56.1654,49.5747],[-55.8356,49.6916],[-56.1307,49.4291],[-55.5209,49.4936],[-55.5693,49.3627],[-55.3701,49.5067],[-55.4452,49.3559],[-55.3148,49.3149],[-55.3148,49.5346],[-55.1361,49.5408],[-55.3831,49.0473],[-55.0821,49.3627],[-55.034,49.2302],[-54.8337,49.4096],[-54.817,49.2756],[-54.4693,49.5461],[-54.4835,49.2676],[-54.0447,49.4818],[-53.4925,49.2875],[-53.5899,49.0521],[-54.1976,48.7742],[-53.8445,48.8391],[-54.0201,48.7463],[-53.9314,48.6296],[-53.8352,48.7504],[-53.6041,48.6767],[-54.1641,48.3907],[-53.8554,48.4752],[-53.856,48.3684],[-53.6568,48.5466],[-53.6154,48.4099],[-53.0768,48.7036],[-52.9848,48.5545],[-53.6395,48.1693],[-53.9253,48.237],[-53.9052,48.0851],[-53.6632,48.0611],[-53.9084,48.0211],[-53.6086,48.0543],[-53.7916,47.7746],[-53.9289,47.8524],[-53.5539,47.5393],[-53.2765,48.0164],[-52.9233,48.171],[-52.8367,48.1055],[-53.2598,47.5585],[-53.1294,47.4168],[-52.7725,47.801],[-52.6288,47.5267]]],[[[-128.8038,52.7007],[-129.1212,52.8445],[-128.8773,53.072],[-129.0155,53.1457],[-128.8646,53.0359],[-129.1837,52.9495],[-129.0781,53.3028],[-128.5387,53.0197],[-128.5946,52.6144],[-128.7554,52.6039],[-128.6645,52.9709],[-128.8038,52.7007]]],[[[-130.2528,53.8925],[-129.831,53.7354],[-129.3287,53.2634],[-129.585,53.2237],[-130.2528,53.8925]]],[[[142.5291,54.2972],[142.7232,54.4256],[143.0129,54.1191],[142.8518,53.872],[143.3605,52.8714],[143.2969,52.4537],[143.1937,52.337],[143.2614,52.5976],[143.1187,52.3378],[143.1255,51.967],[143.3179,51.7064],[143.2241,51.5222],[143.3651,51.645],[143.4478,51.5084],[143.3794,51.3501],[143.5217,51.2851],[143.7903,50.3092],[144.385,49.0727],[144.7566,48.6433],[144.0579,49.2534],[143.2586,49.3934],[143.6668,49.3149],[143.0088,49.123],[142.5453,47.7667],[143.0164,47.2536],[143.1729,46.7078],[143.3897,46.7081],[143.1971,46.8408],[143.4782,46.8284],[143.6257,46.3747],[143.4305,46.0252],[143.3687,46.5555],[142.6184,46.7186],[142.0853,45.9008],[141.8142,46.5384],[142.0567,47.0537],[141.9658,47.6125],[142.1911,47.9667],[141.8574,48.7742],[142.125,49.4623],[142.0414,50.551],[142.2692,51.1124],[142.0789,51.4714],[141.6868,51.7473],[141.823,51.7442],[141.639,51.8845],[141.6419,52.3182],[141.9284,53.0207],[141.7688,53.3716],[142.2411,53.5294],[142.2639,53.3801],[142.4553,53.3803],[142.6873,53.5294],[142.4977,53.6583],[142.8045,53.707],[142.7391,53.8457],[142.6042,53.6976],[142.7083,53.9482],[142.2826,54.3039],[142.5291,54.2972]]],[[[-6.1055,53.4952],[-6.062,53.3674],[-6.2182,53.3472],[-5.9935,52.9574],[-6.3661,52.3444],[-6.4965,52.3643],[-6.3699,52.18],[-6.764,52.2613],[-6.9321,52.1247],[-6.9974,52.2892],[-7.0172,52.1384],[-7.6,52.101],[-8.0206,51.8239],[-8.4294,51.8845],[-8.2974,51.766],[-8.5317,51.6108],[-9.3492,51.474],[-9.8202,51.4457],[-9.5459,51.6108],[-9.8475,51.5494],[-9.4586,51.684],[-9.5602,51.7616],[-10.1628,51.5903],[-9.5807,51.8777],[-10.1356,51.7412],[-10.3889,51.8462],[-9.7582,52.152],[-10.4497,52.1889],[-9.7377,52.2482],[-9.9499,52.4121],[-9.6483,52.5704],[-8.7512,52.673],[-8.9426,52.7752],[-9.2858,52.5908],[-9.9363,52.5567],[-9.4986,52.7525],[-9.2722,53.1467],[-8.8948,53.2209],[-10.1765,53.4127],[-10.0121,53.4815],[-10.1803,53.5555],[-9.6968,53.5982],[-9.9084,53.7621],[-9.5602,53.8651],[-9.9438,53.8794],[-9.7875,53.9161],[-9.8339,54.1121],[-10.0109,54.2183],[-10.1174,54.0959],[-10.1151,54.2351],[-9.7855,54.3381],[-9.2684,54.3039],[-9.1412,54.1457],[-9.0513,54.2895],[-8.5112,54.2077],[-8.6639,54.3593],[-8.1208,54.6466],[-8.4566,54.5646],[-8.7978,54.692],[-8.3257,54.8315],[-8.4566,55.0029],[-8.2785,55.1605],[-7.8564,55.139],[-7.7987,55.2561],[-7.7025,55.0991],[-7.7882,55.2186],[-7.644,55.2728],[-7.5258,55.1162],[-7.6615,54.958],[-7.4562,55.0561],[-7.5243,55.2903],[-7.2567,55.284],[-7.3844,55.3864],[-6.9396,55.2391],[-7.2567,55.0507],[-6.4981,55.2471],[-6.0472,55.1785],[-5.6898,54.7931],[-5.9074,54.6056],[-5.5747,54.6801],[-5.4308,54.4852],[-5.5158,54.3381],[-5.702,54.5777],[-5.5795,54.2757],[-6.0405,54.0364],[-6.2637,54.1047],[-6.1435,53.9784],[-6.3599,54.016],[-6.1055,53.4952]]],[[[-130.9619,55.5851],[-131.192,55.1857],[-131.3114,55.2356],[-131.2099,55.4063],[-131.4632,55.2934],[-131.2707,55.4473],[-131.3508,55.6456],[-131.3254,55.4468],[-131.4621,55.3319],[-131.5065,55.4994],[-131.5265,55.2994],[-131.8202,55.4638],[-131.5174,55.7291],[-131.7092,55.7397],[-131.4827,55.783],[-131.6877,55.832],[-131.2803,55.9652],[-130.9619,55.5851]]],[[[-3.3235,56.3659],[-2.885,56.458],[-2.5768,56.2778],[-3.3427,56.0272],[-3.8375,56.1064],[-2.138,55.9146],[-1.6308,55.5851],[-1.2037,54.6257],[-0.563,54.4774],[-0.0755,54.1121],[-0.2195,54.0228],[0.1312,53.5734],[-0.2604,53.7354],[-0.7265,53.7006],[-0.2794,53.7071],[0.2195,53.4195],[0.3566,53.1457],[0.0103,52.8865],[0.3845,52.7684],[0.5203,52.9553],[0.9661,52.9744],[1.697,52.731],[1.7712,52.4859],[1.5823,52.0815],[1.3323,51.9401],[1.1579,52.0285],[1.2744,51.9609],[1.0691,51.9534],[1.2764,51.8448],[0.9798,51.8436],[0.6986,51.72],[0.93,51.7436],[0.9245,51.5883],[0.3845,51.4531],[1.4238,51.3921],[1.3845,51.1517],[0.271,50.7474],[-0.7899,50.73],[-1.4664,50.9182],[-1.3173,50.8002],[-2.039,50.7399],[-1.9652,50.6022],[-2.3983,50.6456],[-2.4534,50.5277],[-2.8648,50.7338],[-3.4644,50.6785],[-3.6606,50.221],[-4.2006,50.4594],[-4.1938,50.3223],[-5.053,50.1958],[-5.1912,49.9591],[-5.4748,50.1304],[-5.7051,50.0523],[-5.0156,50.538],[-4.8448,50.5141],[-4.9205,50.5892],[-4.5773,50.7747],[-4.5264,51.015],[-4.208,51.0764],[-4.2285,51.1925],[-3.0218,51.1925],[-2.9747,51.3842],[-2.3808,51.7619],[-3.2894,51.3842],[-3.8549,51.6238],[-4.2899,51.5556],[-4.0705,51.676],[-4.3651,51.789],[-4.941,51.5965],[-5.1197,51.6784],[-4.8243,51.7957],[-5.2495,51.7337],[-5.1134,51.8288],[-5.2889,51.9169],[-4.3158,52.2163],[-3.9473,52.5493],[-4.1255,52.6039],[-3.9883,52.7343],[-4.149,52.8121],[-4.0776,52.9267],[-4.7628,52.7895],[-4.178,53.2176],[-3.3303,53.3518],[-3.0878,53.2347],[-3.1864,53.3928],[-3.0583,53.4348],[-2.8815,53.2884],[-2.6998,53.3518],[-2.925,53.35],[-3.1019,53.5581],[-2.899,53.7354],[-3.0566,53.9062],[-2.858,53.9676],[-2.796,54.2487],[-3.1454,54.0638],[-3.2074,54.263],[-3.3068,54.1919],[-3.6342,54.5129],[-3.3879,54.8834],[-3.0218,54.9755],[-3.5705,54.9954],[-4.0117,54.7682],[-4.4029,54.9073],[-4.3824,54.6801],[-4.8591,54.8663],[-4.8591,54.633],[-5.1571,54.8791],[-4.6178,55.4956],[-4.9205,55.7086],[-4.8865,55.9197],[-4.4817,55.9283],[-4.8516,55.988],[-4.7555,56.2065],[-4.9205,56.1679],[-4.9831,55.871],[-5.1236,56.0099],[-5.0865,55.9013],[-5.2967,55.8527],[-5.3383,55.9966],[-4.9205,56.2778],[-5.4444,56.0276],[-5.3178,55.783],[-5.5251,55.3586],[-5.7829,55.3135],[-5.6809,55.6745],[-5.455,55.8458],[-5.6604,55.7973],[-5.571,56.0375],[-5.7075,55.9426],[-5.5316,56.0863],[-5.5726,56.3281],[-5.0646,56.5651],[-5.4686,56.4757],[-5.2421,56.5651],[-5.4139,56.5447],[-5.3178,56.6613],[-4.9956,56.716],[-5.2383,56.7166],[-5.1197,56.8184],[-5.6741,56.4969],[-6.0082,56.6423],[-5.5437,56.6955],[-6.2325,56.7065],[-5.7567,56.7849],[-5.8512,56.8289],[-5.6604,56.873],[-5.9211,56.8941],[-5.8317,56.9971],[-5.5233,56.9971],[-5.7156,57.1201],[-5.4004,57.1064],[-5.6809,57.1579],[-5.4407,57.3193],[-5.7293,57.2982],[-5.4481,57.4217],[-5.8078,57.3549],[-5.8392,57.5793],[-5.5127,57.5415],[-5.8059,57.6426],[-5.6741,57.7097],[-5.8074,57.8439],[-5.2216,57.8469],[-5.3662,57.9431],[-5.0708,57.8332],[-5.447,58.0844],[-5.2421,58.1479],[-5.3921,58.2614],[-4.9336,58.223],[-5.1732,58.3539],[-5.0162,58.3881],[-5.1056,58.5056],[-4.9882,58.6283],[-4.66,58.5559],[-4.761,58.448],[-4.4265,58.5464],[-4.4954,58.4495],[-3.0191,58.6403],[-3.1298,58.3693],[-4.0844,57.9642],[-4.0093,57.8679],[-4.3924,57.9083],[-3.7794,57.8557],[-4.4285,57.5775],[-1.9977,57.7028],[-1.7593,57.4736],[-2.5146,56.5915],[-3.3235,56.3659]]],[[[-14.5636,66.3845],[-15.1794,66.1113],[-14.6169,65.9977],[-14.8441,65.7352],[-14.3295,65.7824],[-14.2743,65.6725],[-14.5624,65.5012],[-14.2476,65.665],[-13.6096,65.5142],[-13.8355,65.364],[-13.7298,65.3271],[-14.0067,65.282],[-13.568,65.261],[-14.0341,65.2001],[-13.5202,65.1722],[-13.5853,65.0077],[-14.2334,65.0351],[-13.6983,64.9252],[-14.0546,64.9326],[-13.8392,64.7986],[-14.2706,64.6993],[-14.5139,64.8023],[-14.2743,64.6514],[-14.4935,64.6583],[-14.5844,64.5903],[-14.3462,64.6056],[-14.9294,64.2648],[-15.4735,64.3976],[-15.3978,64.2741],[-16.7962,63.8017],[-16.9669,63.7875],[-16.969,63.9203],[-17.0062,63.7978],[-17.7148,63.7812],[-17.9674,63.6765],[-17.7967,63.6714],[-17.965,63.5225],[-18.732,63.3967],[-20.1857,63.5444],[-20.5507,63.7123],[-20.3111,63.7329],[-20.4111,63.8362],[-20.5775,63.7142],[-20.7704,63.7744],[-20.6059,63.7676],[-20.6856,63.8634],[-21.1888,63.8911],[-21.0448,63.9457],[-22.6912,63.8122],[-22.7021,64.0859],[-22.0407,64.0511],[-21.915,64.1239],[-22.0453,64.158],[-21.7027,64.1916],[-21.9286,64.2338],[-21.7545,64.3452],[-21.442,64.3641],[-22.1,64.315],[-21.8597,64.3908],[-22.0453,64.4051],[-21.9751,64.5037],[-21.5109,64.6514],[-22.1648,64.4597],[-22.4425,64.6657],[-22.1887,64.7402],[-22.4021,64.6763],[-22.4084,64.8227],[-23.8336,64.7259],[-24.06,64.8911],[-21.8262,65.0351],[-21.7341,65.1938],[-22.5577,65.1689],[-21.6953,65.4534],[-22.2538,65.4337],[-22.3872,65.4917],[-22.1068,65.5967],[-22.4786,65.508],[-22.5459,65.634],[-23.8975,65.4046],[-24.5399,65.508],[-24.3034,65.6384],[-23.8068,65.5353],[-24.0868,65.6514],[-23.8068,65.6104],[-24.0928,65.8048],[-23.5618,65.6137],[-23.2855,65.6793],[-23.5392,65.7227],[-23.1898,65.7824],[-23.8666,65.8756],[-23.2098,65.8432],[-23.8131,66.0114],[-23.3749,65.9878],[-23.6697,66.1175],[-23.3953,66.0976],[-23.6008,66.1448],[-23.4614,66.2042],[-22.8193,65.9121],[-22.6827,66.0559],[-22.6482,65.8337],[-22.5387,65.9742],[-22.4699,65.837],[-22.3607,65.9121],[-22.4842,66.0294],[-22.3812,66.0976],[-22.9776,66.2342],[-22.3675,66.2752],[-23.1897,66.3553],[-22.9503,66.467],[-22.431,66.4647],[-22.2167,66.2684],[-21.7499,66.1858],[-21.668,66.0219],[-21.3306,66.009],[-21.6065,65.9605],[-21.3017,65.936],[-21.4768,65.7687],[-21.3321,65.7408],[-21.7778,65.7687],[-21.3209,65.6019],[-21.4768,65.4465],[-21.2121,65.4382],[-21.0899,65.1662],[-21.0989,65.4455],[-20.9151,65.3435],[-20.9181,65.6014],[-20.6754,65.6939],[-20.4757,65.4949],[-20.2701,65.665],[-20.4077,66.0908],[-20.092,66.1312],[-19.4562,65.7289],[-19.4379,66.0666],[-18.827,66.2034],[-18.0636,65.6452],[-18.297,66.1796],[-17.9127,66.1523],[-17.5497,65.9121],[-17.6112,65.994],[-17.4132,65.9605],[-17.1456,66.2212],[-16.4263,66.1448],[-16.5433,66.507],[-16.0229,66.5366],[-15.3804,66.15],[-14.9254,66.3853],[-14.5636,66.3845]]],[[[-180,68.9824],[-178.8448,68.7524],[-178.4849,68.5915],[-178.7246,68.6757],[-178.6999,68.5432],[-178.0214,68.416],[-178.0737,68.2593],[-177.7047,68.3445],[-178.3751,68.5574],[-177.4923,68.2917],[-177.7656,68.2626],[-177.6347,68.1953],[-177.3381,68.2446],[-176.5394,67.8951],[-176.2088,67.9018],[-176.5333,68.003],[-175.9207,67.851],[-176.3409,67.6959],[-176.2058,67.6452],[-175.6818,67.5896],[-176.012,67.7273],[-175.824,67.813],[-175.2655,67.6586],[-175.1268,67.4999],[-175.3669,67.3578],[-174.9689,67.4247],[-175.0798,67.4811],[-174.7564,67.3032],[-174.9076,67.0374],[-174.6878,66.7324],[-174.9713,66.6654],[-174.4357,66.5315],[-174.4635,66.2797],[-174.0159,66.4722],[-173.9993,66.2193],[-173.6911,66.4391],[-174.2639,66.5659],[-173.9306,66.6676],[-174.0262,66.9611],[-174.612,67.0614],[-173.6465,67.1156],[-173.0713,67.0442],[-173.2722,67.052],[-173.1434,66.9996],[-173.295,66.9813],[-173.3025,66.8221],[-173.0866,66.8467],[-173.2265,66.9109],[-173.074,66.9931],[-172.3625,66.9332],[-172.9863,67.0392],[-171.7185,66.9508],[-170.3852,66.3165],[-170.6257,66.2348],[-170.2743,66.2904],[-170.1062,66.193],[-170.3384,66.1858],[-169.6414,66.0683],[-170.6063,65.8613],[-170.4888,65.6708],[-170.5882,65.6046],[-171.4633,65.8326],[-170.9818,65.5921],[-171.0387,65.467],[-172.0342,65.4744],[-171.7436,65.4997],[-172.8596,65.6999],[-172.3897,65.5818],[-172.3886,65.4322],[-172.0934,65.4836],[-172.1885,65.2425],[-172.702,65.2476],[-172.2015,65.2169],[-172.0801,65.0759],[-173.1641,64.7646],[-172.8057,64.8034],[-173.0429,64.6597],[-172.8446,64.6489],[-172.9672,64.5611],[-172.2202,64.4073],[-172.8833,64.4947],[-173.0131,64.4616],[-172.7883,64.4379],[-172.8222,64.3204],[-173.1063,64.241],[-173.3683,64.2855],[-173.2637,64.446],[-173.4145,64.6166],[-173.3852,64.395],[-173.6354,64.3322],[-174.6523,64.7253],[-174.6532,64.8979],[-175.4115,64.7713],[-175.8647,64.9992],[-175.735,65.1468],[-176.0441,65.4521],[-176.9766,65.6081],[-177.4159,65.4407],[-178.4611,65.4727],[-178.4242,65.7129],[-178.9784,66.0493],[-178.6843,66.0126],[-178.4957,66.1401],[-178.4771,66.3828],[-178.7851,66.1672],[-179.1177,66.2427],[-179.1643,66.4144],[-179.1715,66.2895],[-179.424,66.3441],[-179.252,66.1452],[-179.693,66.1839],[-179.7667,65.8198],[-179.2605,65.5322],[-179.6631,65.1413],[-180,65.0662],[-180,68.9824]]],[[[-100.8722,69.8078],[-100.9643,69.6645],[-101.2948,69.6705],[-101.4574,69.9062],[-101.6735,69.6467],[-102.225,69.9205],[-102.3359,69.767],[-102.6726,69.7694],[-102.5096,69.5642],[-102.7838,69.5369],[-103.4896,69.6945],[-103.0167,69.4822],[-103.1981,69.1203],[-102.8429,69.3847],[-102.2826,69.5036],[-101.9391,69.4206],[-102.2215,69.2291],[-101.756,69.1601],[-101.8468,68.9883],[-102.9659,68.7987],[-105.123,68.8964],[-105.2778,68.9547],[-104.9184,69.0751],[-106.4121,69.1881],[-106.3175,69.4013],[-106.5839,69.5036],[-107.3348,69.0256],[-108.5395,68.947],[-109.0286,68.7268],[-113.244,68.4544],[-113.0391,68.4949],[-113.6681,68.8154],[-113.5497,69.0441],[-113.6931,69.1949],[-113.5411,69.1907],[-115.9748,69.3002],[-116.6327,69.4618],[-116.5961,69.564],[-117.236,69.756],[-117.442,69.9894],[-114.5094,70.3153],[-112.5863,70.2],[-111.4866,70.332],[-113.9884,70.7162],[-117.5854,70.6064],[-118.4215,70.9905],[-115.0568,71.525],[-118.162,71.379],[-118.3083,71.4699],[-117.6721,71.5587],[-117.9693,71.6217],[-117.6953,71.6684],[-118.8886,71.583],[-119.1376,71.7744],[-118.6782,72.1423],[-118.1278,72.2272],[-118.5934,72.4287],[-118.1898,72.6354],[-117.3693,72.9178],[-114.5843,73.3846],[-113.9584,73.1401],[-113.9811,72.8091],[-114.5461,72.5678],[-113.5088,72.703],[-113.6596,72.6131],[-113.4398,72.6852],[-113.604,72.7775],[-113.3909,72.9116],[-113.015,73.016],[-111.2196,72.7241],[-111.2893,72.566],[-111.8875,72.3677],[-111.6588,72.3595],[-111.7533,72.2071],[-111.2952,72.4707],[-111.3767,72.3542],[-111.0279,72.2853],[-111.0863,72.4083],[-110.7041,72.5788],[-109.7803,72.4362],[-110.2943,72.6757],[-109.7734,72.7167],[-110.2545,72.739],[-110.7357,73.0014],[-109.6226,72.916],[-109.7523,72.8812],[-108.946,72.6738],[-109.0472,72.5733],[-108.6334,72.5656],[-108.5402,72.1487],[-108.1915,71.963],[-108.246,71.723],[-107.741,71.6181],[-107.8344,71.7099],[-107.2516,71.9017],[-107.7792,72.1413],[-107.786,72.4634],[-107.9852,72.5181],[-107.8754,72.5733],[-108.2983,73.1338],[-107.8679,73.1896],[-108.0876,73.3542],[-107.0732,73.178],[-106.8734,73.3156],[-105.3672,72.7924],[-105.5106,72.7788],[-104.9663,72.1935],[-105.0246,72.073],[-104.3653,71.5772],[-104.2813,71.3502],[-104.487,71.3476],[-104.5912,71.0732],[-103.5718,70.6055],[-102.9278,70.4991],[-103.0869,70.6775],[-102.1922,70.3334],[-101.595,70.2773],[-101.5294,70.1129],[-101.0223,70.1862],[-100.8722,69.8078]]],[[[51.4095,71.8061],[51.61,72.0917],[52.3684,72.0753],[52.4165,72.2893],[52.8682,72.3467],[52.68,72.4787],[53.1021,72.6007],[52.7549,72.6384],[53.2181,72.6484],[52.3753,72.7304],[53.382,72.8886],[53.1419,72.9625],[53.382,73.0115],[53.1219,73.1009],[53.3225,73.2209],[54.9348,73.4254],[56.4352,73.2301],[56.582,73.1296],[55.8084,73.0661],[56.4662,73.0525],[56.3772,73.0067],[55.6165,72.9637],[56.2518,72.9724],[56.2199,72.8266],[55.4807,72.8058],[55.9461,72.6689],[55.6165,72.6968],[55.7235,72.6383],[55.6182,72.5422],[55.2671,72.587],[55.5361,72.4725],[55.1156,72.4504],[55.4657,72.4362],[55.377,72.3027],[55.575,72.1997],[55.2254,71.929],[55.5064,71.898],[56.1057,71.259],[57.6387,70.7299],[57.4326,70.7436],[57.5393,70.7048],[57.4525,70.6064],[56.7405,70.7026],[57.2957,70.5647],[56.1992,70.7094],[56.6546,70.59],[56.514,70.5449],[55.4048,70.7504],[55.4725,70.6541],[55.1626,70.5531],[54.5134,70.8254],[54.7674,70.6479],[53.5397,70.805],[53.3001,70.8664],[53.7048,70.8459],[53.5017,71.0944],[54.244,71.1229],[53.4509,71.2643],[53.9512,71.4622],[53.4133,71.3118],[53.2517,71.456],[53.4441,71.5455],[52.8823,71.394],[52.5472,71.6348],[52.4163,71.4765],[52.2688,71.588],[52.1419,71.5455],[52.2791,71.4765],[51.8403,71.456],[51.5324,71.5659],[51.4095,71.8061]]],[[[-72.949,66.7346],[-72.8035,67.043],[-72.1933,67.2757],[-72.663,67.6848],[-72.6082,67.7863],[-72.944,67.9323],[-72.9946,68.2359],[-73.4949,68.2769],[-73.2791,68.3997],[-73.6191,68.2496],[-73.8444,68.3496],[-73.9474,68.4135],[-73.7386,68.5192],[-73.7556,68.6872],[-74.1876,68.7294],[-73.8852,68.5549],[-74.22,68.5158],[-74.7208,68.7355],[-74.5745,68.8419],[-74.9827,68.8113],[-74.6848,68.8798],[-75.0441,68.9069],[-74.6401,69.0236],[-74.8091,69.0833],[-75.116,68.893],[-75.4864,69.022],[-76.625,68.6824],[-76.6381,69.0159],[-75.9899,69.0109],[-75.621,69.088],[-75.5956,69.2291],[-76.6296,69.546],[-76.1819,69.6679],[-77.2029,69.6467],[-76.7948,69.7225],[-76.9012,69.7771],[-76.7767,69.8361],[-77.3128,69.842],[-76.9764,69.9422],[-77.6144,69.743],[-77.7039,70.2012],[-78.4083,70.2159],[-78.5393,70.3122],[-78.3884,70.3388],[-79.1009,70.5033],[-78.7174,70.5517],[-78.8399,70.6357],[-79.5913,70.4113],[-78.9254,70.3021],[-78.6651,70.0138],[-78.7999,69.8795],[-79.6809,69.8486],[-79.9061,69.9831],[-81.7624,70.1229],[-80.7703,69.7823],[-80.9512,69.715],[-83.0479,70.3122],[-81.7115,69.9348],[-82.1384,69.786],[-83.0516,70.0105],[-84.6948,70.0066],[-84.8117,70.1187],[-85.8748,70.072],[-85.2346,69.9962],[-85.7829,69.9952],[-86.5499,70.2365],[-86.5908,70.3668],[-86.3709,70.5266],[-86.6392,70.3251],[-86.9746,70.4727],[-87.2487,70.3941],[-86.9744,70.2904],[-87.8525,70.238],[-88.9072,70.5449],[-89.4491,70.908],[-89.1884,70.9626],[-89.5577,71.093],[-87.0023,70.9968],[-87.8641,71.2748],[-89.8531,71.3393],[-90.0449,71.5967],[-89.7979,71.7646],[-90.1186,71.9289],[-89.5782,72.1624],[-89.9009,72.1898],[-89.913,72.426],[-89.4683,72.6689],[-89.5782,72.7924],[-89.2766,72.7582],[-89.4136,72.8309],[-89.3607,72.9802],[-88.8867,73.217],[-89.0512,73.2517],[-88.6192,73.2858],[-88.8594,73.3337],[-88.6875,73.423],[-87.1341,73.8027],[-85.1057,73.812],[-84.8367,73.7452],[-86.0303,73.3024],[-86.7375,72.7309],[-86.242,72.4225],[-86.4325,72.2768],[-86.4082,72.0058],[-84.8376,71.2866],[-86.8236,70.9905],[-84.9726,71.1962],[-84.8777,71.0725],[-85.1452,71.0861],[-84.7992,70.9279],[-84.7971,71.1849],[-84.6648,71.2233],[-84.7613,71.4077],[-84.5283,71.4731],[-84.6224,71.6658],[-85.2579,71.6684],[-86.0506,72.0146],[-85.4978,72.0799],[-85.4764,72.2663],[-84.1645,72.0246],[-84.9392,72.2921],[-84.4321,72.3815],[-85.5145,72.4634],[-85.6182,72.5454],[-85.4736,72.5795],[-85.7064,72.6385],[-85.6821,72.8936],[-83.9529,72.7582],[-85.5356,73.0258],[-85.4636,73.1119],[-83.6376,72.9848],[-85.193,73.2313],[-84.7972,73.3909],[-84.3426,73.2313],[-84.658,73.3951],[-84.1822,73.4777],[-83.6052,73.3015],[-83.6652,73.4561],[-84.0075,73.5049],[-82.8311,73.7367],[-81.5284,73.7162],[-81.2291,73.5397],[-81.1876,73.2646],[-80.6197,73.1601],[-80.6403,72.9279],[-80.2455,72.7378],[-81.3826,72.2443],[-80.5062,72.4976],[-80.9718,72.2034],[-80.5669,72.0823],[-81.0263,72.0935],[-80.8004,72.0178],[-80.9853,71.8881],[-80.3967,72.0501],[-80.4829,72.1807],[-80.2452,72.2999],[-79.6764,72.1276],[-80.1698,72.3263],[-79.8188,72.5064],[-79.5938,72.3405],[-79.768,72.2224],[-79.4504,72.1959],[-79.546,72.2921],[-79.3316,72.4023],[-78.9572,72.2831],[-79.2307,71.9763],[-78.5045,71.8745],[-78.9144,72.0141],[-78.8304,72.1727],[-77.7476,71.7517],[-78.8751,72.2307],[-78.6043,72.3578],[-78.4276,72.1794],[-78.4088,72.329],[-77.6914,72.2166],[-77.661,72.1003],[-76.9974,72.1345],[-78.5548,72.4448],[-78.4274,72.5937],[-77.601,72.7558],[-76.7835,72.7295],[-76.103,72.4797],[-75.9399,72.5922],[-75.1984,72.4976],[-74.9417,72.2574],[-76.0288,72.0887],[-76.4146,71.8608],[-75.6577,72.1243],[-75.2223,72.0693],[-76.0999,71.6963],[-75.8664,71.708],[-75.0632,72.1282],[-74.2423,72.0799],[-74.118,71.9672],[-74.215,71.8371],[-75.3518,71.7001],[-74.9398,71.6617],[-75.4141,71.525],[-74.6494,71.6789],[-75.1534,71.4697],[-74.8437,71.5233],[-74.9281,71.456],[-74.7047,71.3949],[-75.0459,71.1872],[-74.631,71.3902],[-74.7425,71.5141],[-74.5227,71.6626],[-74.1083,71.7379],[-74.2495,71.6088],[-74.146,71.5386],[-74.2168,71.6209],[-73.996,71.7542],[-73.621,71.7725],[-73.9962,71.4618],[-74.3179,71.4151],[-74.03,71.4424],[-74.2423,71.2028],[-73.8662,71.5353],[-73.5638,71.5585],[-73.6389,71.3605],[-73.3789,71.3872],[-73.8996,71.0595],[-73.4409,71.3468],[-73.0499,71.2705],[-73.2764,71.2233],[-73.3789,70.9831],[-72.5494,71.6651],[-71.5443,71.5051],[-71.1171,71.2705],[-71.4705,71.0657],[-72.0451,71.0848],[-72.7761,70.818],[-72.1654,70.8397],[-72.5707,70.6132],[-70.6214,71.0693],[-70.5212,70.9143],[-70.8055,70.7244],[-71.9674,70.4214],[-71.7298,70.4255],[-71.8237,70.2937],[-71.5149,70.579],[-71.1689,70.5351],[-71.5422,70.0241],[-70.9853,70.6337],[-69.915,70.8799],[-69.7745,70.8562],[-70.4487,70.6352],[-70.4945,70.4829],[-69.4735,70.7913],[-68.3623,70.5843],[-68.2805,70.5176],[-68.4586,70.373],[-68.5913,70.467],[-68.72,70.3223],[-69.8083,70.1667],[-70.1799,70.0205],[-69.8322,69.9831],[-70.4728,69.8454],[-69.7585,69.9729],[-69.6832,70.1396],[-68.6436,70.147],[-69.4082,69.8293],[-69.7882,69.8323],[-69.982,69.6178],[-69.7469,69.8044],[-68.6492,69.9429],[-68.1911,70.1266],[-68.3487,70.1887],[-68.157,70.3183],[-67.8085,70.2637],[-67.2253,69.9484],[-67.1155,69.7287],[-68.0131,69.7761],[-68.3492,69.6331],[-70.0216,69.5369],[-68.5875,69.591],[-66.788,69.34],[-66.6494,69.2222],[-66.7423,69.1369],[-69.0135,69.3594],[-69.2606,69.2768],[-68.0825,69.2197],[-68.9641,69.2235],[-68.507,69.2011],[-69.0699,69.1137],[-68.9248,69.1055],[-69.0183,68.9684],[-68.3734,69.1796],[-67.7045,69.0236],[-68.5512,68.9841],[-67.999,68.8559],[-68.4928,68.8995],[-67.7734,68.784],[-69.3978,68.8585],[-68.0477,68.6872],[-68.9043,68.6052],[-67.9334,68.56],[-67.9584,68.3998],[-67.6641,68.5647],[-67.4923,68.5301],[-67.6063,68.3841],[-67.5486,68.4923],[-66.6636,68.4408],[-67.8762,68.2834],[-67.0325,68.3266],[-67.6021,68.1671],[-66.7882,68.2494],[-66.9714,68.0367],[-66.6932,68.1455],[-66.7387,67.989],[-66.5814,68.1484],[-66.3135,68.1291],[-66.478,68.0776],[-66.1832,68.0162],[-66.4136,67.8691],[-66.7456,67.8791],[-66.3887,67.7815],[-65.9282,68.1648],[-66.0118,67.6366],[-65.8096,67.9749],[-65.4519,67.9986],[-65.6145,67.7895],[-65.3612,67.5979],[-65.5495,67.793],[-65.4194,67.9138],[-64.7497,68.0007],[-65.0666,67.9343],[-64.9431,67.9138],[-65.1948,67.6437],[-64.5035,67.8065],[-64.3676,67.7589],[-64.6414,67.6667],[-64.3124,67.7351],[-64.042,67.5365],[-64.4434,67.4811],[-63.9971,67.4538],[-63.9084,67.3068],[-64.7997,67.3515],[-64.2305,67.2962],[-64.7727,67.1983],[-63.963,67.2757],[-64.7004,67.0089],[-63.4491,67.228],[-63.7712,66.9604],[-63.1636,67.3376],[-62.9769,67.2219],[-63.2808,67.1108],[-63.2368,66.9741],[-63.8197,66.8171],[-63.4425,66.9108],[-63.4285,66.7078],[-63.3491,66.8907],[-62.8653,66.9691],[-62.9016,66.6383],[-62.7471,66.9431],[-62.3113,66.7277],[-62.425,66.9282],[-62.09,67.0598],[-62.1059,66.9194],[-61.7536,66.9512],[-62.0083,66.8801],[-61.6056,66.8716],[-61.7297,66.8307],[-61.2675,66.6316],[-62.1884,66.6321],[-61.8215,66.6286],[-61.582,66.4779],[-61.9898,66.4123],[-61.4622,66.3714],[-61.5646,66.3441],[-62.6267,66.4403],[-62.3188,66.3031],[-62.6643,66.2196],[-62.8942,66.3372],[-61.9542,66.0198],[-63.0655,66.1243],[-62.2915,65.8227],[-62.8708,65.9081],[-62.5718,65.7626],[-62.8464,65.7687],[-62.598,65.6749],[-62.6572,65.5888],[-62.9321,65.7606],[-62.9597,65.59],[-63.1962,65.6337],[-63.5101,65.9365],[-63.3467,65.6725],[-63.7214,65.6793],[-63.3666,65.6335],[-63.6204,65.549],[-63.2914,65.4323],[-63.6551,65.467],[-63.3876,65.3981],[-63.5242,65.3851],[-63.3133,65.2098],[-63.5179,65.1927],[-63.3398,65.1449],[-63.535,64.8985],[-63.8258,64.9866],[-63.6551,65.0419],[-63.871,65.0445],[-63.8091,65.1859],[-64.2783,65.1039],[-64.079,65.2001],[-64.3743,65.1793],[-64.2374,65.4323],[-64.5571,65.0932],[-64.9089,65.3026],[-64.6824,65.3435],[-64.9151,65.3435],[-64.4086,65.4807],[-65.0102,65.3694],[-65.1696,65.4875],[-64.7103,65.6588],[-65.3409,65.5832],[-64.7922,65.7277],[-65.5054,65.7551],[-65.3358,65.9213],[-64.7376,65.9742],[-64.8543,66.0356],[-64.7172,66.2246],[-64.354,66.3503],[-64.9636,66.0759],[-65.8994,65.9537],[-65.9604,66.0527],[-65.4775,66.3918],[-66.0119,66.1175],[-66.2573,66.2236],[-66.1496,66.2895],[-66.5208,66.2187],[-66.5742,66.3714],[-66.4432,66.4143],[-66.766,66.3851],[-66.6772,66.4601],[-66.8616,66.5427],[-66.725,66.5911],[-67.0603,66.6457],[-66.8827,66.57],[-67.7461,66.57],[-67.2862,66.5262],[-67.1556,66.3685],[-67.4103,66.4328],[-67.146,66.3028],[-67.9925,66.5085],[-67.7529,66.2547],[-67.1633,66.0424],[-67.3142,66.0015],[-67.1871,65.9162],[-67.9228,65.9032],[-67.9726,66.0834],[-68.5135,66.3031],[-68.8497,66.1933],[-68.0273,66.0759],[-68.3479,66.0398],[-68.0823,65.8328],[-68.2054,65.796],[-67.8143,65.8159],[-68.0334,65.4875],[-67.2731,65.6452],[-67.4587,65.5012],[-67.0599,65.4241],[-67.4171,65.351],[-66.9373,65.2412],[-67.1086,65.0623],[-66.725,65.1859],[-66.9168,65.0493],[-66.7592,65.0692],[-66.7052,64.7688],[-66.6822,65.0442],[-66.1496,64.8706],[-66.3415,64.7744],[-66.218,64.6924],[-66.0187,64.8576],[-66.0414,64.7194],[-65.8074,64.6374],[-65.9521,64.8845],[-65.7168,64.8442],[-65.7103,64.6924],[-65.56,64.7129],[-65.7069,64.4901],[-65.0734,64.4491],[-65.227,64.3005],[-65.6562,64.3014],[-65.0529,64.0687],[-65.1931,64.0219],[-64.6661,64.0326],[-64.9914,63.8284],[-64.5223,63.6691],[-64.5076,63.4221],[-64.6352,63.4182],[-64.5368,63.2552],[-65.3024,63.8127],[-64.9875,63.6031],[-65.1491,63.4312],[-64.9021,63.2394],[-65.1491,63.2878],[-64.6278,62.9111],[-65.272,63.0067],[-64.9294,62.6435],[-65.1696,62.5684],[-65.3546,62.6845],[-65.3273,62.9179],[-65.6038,62.8251],[-65.7122,63.0512],[-65.7882,62.8732],[-65.9635,62.9375],[-65.8343,63.0334],[-66.2832,63.1369],[-66.1039,62.9516],[-66.3967,62.9998],[-66.6437,63.3746],[-66.7387,63.294],[-66.5504,62.9963],[-66.807,63.2748],[-66.8343,63.1507],[-67.0199,63.2394],[-66.974,63.3959],[-67.2011,63.2885],[-67.9242,63.7676],[-67.6977,63.3697],[-68.2889,63.6991],[-68.993,63.7607],[-67.9857,63.0755],[-67.6113,63.0971],[-67.7734,62.9588],[-67.5369,63.045],[-67.6766,62.9287],[-67.4238,62.9794],[-66.91,62.6982],[-67.0062,62.6572],[-66.7597,62.6839],[-66.5122,62.4238],[-66.3524,62.4475],[-66.4739,62.3367],[-65.9871,62.2421],[-66.04,62.0753],[-66.2043,62.1166],[-65.9488,61.9088],[-66.0631,61.8749],[-68.5537,62.2497],[-69.5868,62.6577],[-69.3902,62.767],[-70.2403,62.7541],[-71.158,62.9936],[-70.8228,63.1301],[-70.9265,63.1726],[-71.402,63.0556],[-71.7135,63.1779],[-71.7809,63.4145],[-72.1423,63.4483],[-71.6145,63.4269],[-71.2269,63.6025],[-71.5619,63.5815],[-71.5354,63.7123],[-71.9228,63.8196],[-71.9298,63.655],[-72.2006,63.7804],[-72.3176,63.6789],[-72.0903,63.911],[-72.2418,63.9594],[-72.3782,63.7825],[-72.6662,63.8564],[-72.6632,64.0839],[-72.7342,63.9699],[-73.1045,64.2815],[-73.3863,64.2815],[-73.2656,64.3703],[-73.4819,64.4051],[-73.1672,64.59],[-73.3031,64.6657],[-73.4642,64.508],[-73.6464,64.6657],[-73.7519,64.5416],[-73.9217,64.6093],[-73.7829,64.4802],[-74.0777,64.3293],[-74.1262,64.5416],[-73.9548,64.515],[-74.1671,64.5695],[-74.0026,64.5826],[-74.0498,64.7259],[-74.3945,64.5768],[-74.7084,64.7402],[-74.4866,64.8367],[-74.6463,64.9047],[-74.7314,64.7722],[-74.9889,64.8023],[-74.4687,64.5621],[-74.681,64.3778],[-75.82,64.6222],[-75.6332,64.4597],[-75.9218,64.487],[-75.736,64.3725],[-76.7109,64.3054],[-76.689,64.1916],[-77.854,64.3703],[-78.299,64.7067],[-78.0731,64.8159],[-78.1206,64.9742],[-77.3128,65.2001],[-77.5142,65.3261],[-77.2917,65.3814],[-77.3916,65.4731],[-75.7979,65.2323],[-75.4186,65.0305],[-75.6679,64.9456],[-75.5376,64.7812],[-75.297,64.7341],[-75.3458,64.9252],[-75.5717,64.8842],[-75.1987,65.1057],[-75.3631,65.0076],[-75.9491,65.3225],[-75.1932,65.2563],[-75.1051,65.3961],[-74.5512,65.3334],[-74.1184,65.5371],[-73.4744,65.4596],[-73.7178,65.7746],[-74.4722,66.1486],[-72.949,66.7346]]],[[[-115.3236,73.5087],[-119.1639,72.6298],[-119.3402,72.3467],[-120.2548,72.2608],[-120.1581,72.1284],[-120.434,71.9643],[-120.3824,71.6917],[-120.6352,71.4914],[-121.7006,71.4681],[-122.7978,71.0878],[-123.2553,71.1304],[-124.0646,71.7004],[-125.2534,71.9557],[-124.9589,71.9666],[-125.8776,71.964],[-125.4384,72.4157],[-124.9524,72.5696],[-125.1026,72.6347],[-124.9455,72.703],[-125.1134,72.8675],[-124.476,72.9331],[-124.8599,73.0903],[-123.7738,73.7656],[-124.2132,73.8792],[-124.7557,74.3486],[-121.5808,74.5559],[-119.5183,74.2311],[-119.7652,74.0353],[-119.4799,74.2261],[-119.1444,74.2091],[-119.1893,73.9922],[-118.7254,74.2208],[-117.4165,74.2325],[-115.3236,73.5087]]],[[[56.987,74.6905],[55.8327,74.8],[56.6785,74.9487],[55.7263,75.0815],[56.0711,75.2189],[56.5304,75.0784],[57.0462,75.3981],[57.7411,75.3279],[57.5008,75.4992],[58.931,75.8676],[60.3477,76.0057],[60.0427,76.0541],[60.2681,76.1101],[60.8384,76.123],[60.4684,76.0131],[60.7347,76.0054],[61.1458,76.1161],[60.8997,76.1572],[61.0769,76.28],[62.5037,76.1777],[64.0908,76.3128],[65.4849,76.5749],[65.9988,76.5334],[65.7534,76.6828],[67.5881,77.0134],[68.4629,76.9667],[69.0339,76.7121],[68.1777,76.3146],[68.2879,76.2813],[63.552,75.7115],[61.4817,75.2235],[61.2766,75.3279],[60.7248,75.0277],[59.9273,75.0058],[60.6875,74.9238],[60.1941,74.855],[60.3723,74.7935],[60.2764,74.7497],[59.5088,74.7998],[59.8726,74.6768],[59.7552,74.5875],[59.0905,74.7383],[59.2898,74.6426],[59.0837,74.6489],[59.2214,74.6154],[59.1458,74.444],[58.1868,74.5812],[58.6387,74.4236],[58.728,74.2386],[58.2922,74.2216],[58.522,74.1492],[58.1621,74.1504],[58.1233,73.9867],[57.5317,74.1918],[57.2608,74.0803],[57.9119,73.9158],[57.7487,73.726],[56.5557,73.8886],[57.3499,73.8276],[57.6175,73.6689],[57.3501,73.5534],[56.7351,73.6802],[57.2539,73.4572],[56.7493,73.3615],[56.7298,73.2445],[56.1209,73.29],[55.9175,73.4484],[55.924,73.312],[54.9001,73.4484],[54.25,73.3283],[54.0331,73.3747],[54.5415,73.611],[55.3496,73.7172],[54.2808,73.6005],[53.6311,73.7596],[54.8015,73.9704],[54.5886,74.0189],[55.0189,74.173],[55.8644,74.1059],[55.0759,74.2659],[55.7468,74.2963],[55.2329,74.3758],[55.3884,74.4451],[56.2874,74.4917],[55.6569,74.5198],[55.5296,74.6549],[56.987,74.6905]]],[[[-40.5244,82.5732],[-39.756,82.3959],[-40.0095,82.5635],[-39.9121,82.6772],[-40.3172,82.7307],[-46.8927,82.9618],[-45.9816,82.9208],[-46.7009,83.0028],[-45.9707,83.0965],[-45.1051,82.9351],[-43.3635,82.9208],[-45.5184,83.1227],[-42.8502,83.0996],[-44.001,83.202],[-42.6658,83.2812],[-41.7057,83.174],[-41.9315,83.0921],[-39.4376,82.9618],[-38.6151,82.746],[-38.4774,82.8314],[-39.1496,82.9822],[-37.2721,83.0096],[-38.8009,83.058],[-36.881,83.1536],[-38.6834,83.2084],[-38.8617,83.2567],[-38.6971,83.3181],[-38.8685,83.4273],[-37.8131,83.3595],[-38.0597,83.4348],[-37.5854,83.508],[-36.4498,83.3618],[-36.9015,83.4962],[-34.3629,83.6029],[-33.8305,83.462],[-34.0854,83.5651],[-32.4907,83.6341],[-25.6496,83.2976],[-32.1617,83.061],[-33.4398,83.1596],[-32.4805,83.0443],[-35.6204,82.9072],[-35.2982,82.8929],[-35.471,82.7462],[-34.951,82.9049],[-34.0243,82.9196],[-33.8157,82.8696],[-33.8846,82.7945],[-33.6027,82.9454],[-31.6656,82.9317],[-30.0969,83.1262],[-25.2214,83.1679],[-24.7537,82.9983],[-25.9036,82.7836],[-23.9331,82.9164],[-24.0253,82.8724],[-23.8813,82.7979],[-24.0253,82.7631],[-23.3842,82.8522],[-21.3231,82.6184],[-22.4373,82.34],[-23.8867,82.2789],[-31.5821,82.2201],[-29.9051,82.0984],[-32.8133,81.7944],[-32.1479,81.6813],[-31.6802,81.8348],[-27.762,82.0624],[-24.6199,81.9875],[-24.7062,81.7812],[-26.723,81.5315],[-26.3872,81.4277],[-23.4039,81.7188],[-23.1954,82.0223],[-21.3884,82.0834],[-21.057,81.913],[-21.2568,81.5175],[-23.8647,80.5836],[-20.9513,81.2357],[-19.7082,81.6955],[-18.9839,81.6103],[-19.4606,81.3747],[-18.5238,81.5057],[-17.1468,81.4134],[-16.8127,81.5367],[-17.0199,81.5847],[-16.4613,81.6301],[-16.4852,81.7495],[-15.29,81.8388],[-12.5701,81.6962],[-11.3768,81.476],[-13.3546,81.0199],[-14.5527,80.9906],[-14.1322,80.8862],[-15.4204,80.6484],[-17.2399,80.7223],[-18.3223,80.5581],[-19.4717,80.6654],[-20.8454,80.5574],[-20.3527,80.4606],[-19.488,80.6348],[-18.0551,80.4918],[-16.8962,80.5837],[-15.7552,80.4194],[-16.4473,80.2193],[-19.4744,80.2602],[-20.1712,80.1043],[-19.9665,80.0832],[-20.4231,79.8396],[-19.9669,79.6794],[-19.2078,79.7085],[-19.6036,79.1799],[-19.2767,79.3917],[-18.8788,79.2251],[-19.8785,79.032],[-19.7657,78.8976],[-19.8813,78.8369],[-20.9708,78.7789],[-20.842,78.7153],[-21.2078,78.6329],[-20.8482,78.5926],[-21.9673,77.6792],[-21.4468,77.6626],[-21.5624,77.5532],[-20.9374,77.9737],[-19.1268,77.6837],[-18.9792,77.6168],[-19.358,77.5264],[-20.0922,77.7014],[-20.8215,77.6535],[-20.2773,77.5295],[-20.468,77.4744],[-20.9263,77.5224],[-19.2746,77.1893],[-19.0627,77.1867],[-19.0825,77.3184],[-18.5361,77.281],[-18.2588,77.1002],[-18.5112,76.7409],[-20.5134,76.9457],[-21.7301,76.8908],[-20.7773,76.8424],[-21.6236,76.6464],[-22.1962,76.8567],[-22.7442,76.6984],[-22.3229,76.515],[-22.145,76.6458],[-21.8052,76.5886],[-22.0863,76.555],[-21.6999,76.4702],[-22.504,76.4514],[-21.5854,76.4431],[-21.6521,76.2377],[-20.421,76.1361],[-21.0244,76.3173],[-19.6706,76.1361],[-20.2694,75.9923],[-21.9839,75.9927],[-19.935,75.934],[-19.3453,75.7326],[-19.6123,75.6842],[-19.3419,75.4113],[-19.5886,75.1423],[-22.2631,75.6695],[-21.4079,75.4583],[-22.5065,75.5395],[-21.4292,75.4318],[-20.5172,75.1423],[-21.7607,74.9853],[-22.4103,75.1546],[-21.7691,74.9602],[-20.6766,75.0744],[-20.7642,74.8407],[-20.6097,74.7348],[-21.1199,74.6669],[-19.4028,74.6894],[-19.2696,74.6489],[-19.3863,74.5607],[-18.9748,74.4844],[-19.6265,74.2386],[-22.0818,74.603],[-21.7688,74.4153],[-22.471,74.3137],[-22.0691,74.2943],[-22.3395,74.1629],[-22.176,74.1126],[-22.4879,74.081],[-21.9887,73.9987],[-21.8271,73.6517],[-21.7027,73.6967],[-21.915,73.9779],[-21.7847,74.053],[-20.2776,73.8755],[-20.5205,73.7289],[-20.3825,73.5179],[-20.5433,73.449],[-21.5432,73.4904],[-22.3141,73.2504],[-23.4499,73.4361],[-24.0328,73.6967],[-22.175,73.6279],[-22.7995,73.5676],[-24.06,73.8203],[-24.3406,73.7787],[-24.4569,73.5414],[-25.6907,73.9575],[-24.6796,73.5246],[-25.9654,73.2419],[-27.3324,73.4981],[-27.4591,73.4435],[-26.397,73.238],[-27.7259,73.1344],[-27.4036,73.1107],[-27.4831,72.9257],[-27.2601,73.1272],[-26.4445,73.1967],[-25.0526,73.0839],[-25.1356,72.9398],[-26.0826,72.7824],[-27.3876,72.8464],[-26.307,72.7304],[-26.469,72.577],[-25.2562,72.8112],[-24.6013,72.5522],[-25.9097,72.4157],[-25.2889,72.3906],[-25.5073,72.1238],[-25.181,72.3654],[-24.5464,72.4234],[-23.7107,72.217],[-23.8205,72.114],[-22.5034,71.9008],[-23.1232,71.6319],[-22.4158,71.7965],[-22.6549,71.6684],[-22.5955,71.5741],[-21.8945,71.7435],[-22.5074,71.5522],[-22.4767,71.2643],[-22.1324,71.4909],[-21.7646,71.508],[-21.874,71.4486],[-21.668,71.4014],[-21.8562,71.3486],[-21.6065,71.3258],[-21.9634,71.2705],[-21.7385,71.2545],[-21.7128,71.1379],[-21.8467,71.1954],[-21.7157,71.1197],[-22.3334,71.0595],[-21.6968,71.0789],[-21.9901,70.9688],[-21.5724,70.9558],[-21.9286,70.8124],[-21.6392,70.8006],[-21.7921,70.736],[-21.5457,70.7094],[-21.7642,70.7094],[-21.5792,70.6746],[-21.7711,70.5901],[-21.4768,70.5449],[-21.9401,70.3903],[-22.3812,70.4487],[-22.4792,70.8554],[-22.6486,70.723],[-22.6326,70.4455],[-23.3454,70.4406],[-24.0663,70.6897],[-24.1956,71.0123],[-24.638,71.3618],[-25.0961,71.3048],[-26.4015,71.6425],[-26.7851,71.5465],[-28.6328,72.131],[-28.3604,72.0071],[-28.4569,71.9394],[-27.3314,71.7188],[-28.4936,71.5659],[-25.805,71.4907],[-25.4101,71.3537],[-25.5125,71.2159],[-25.78,71.2575],[-25.6019,71.1696],[-26.4256,70.9746],[-27.5062,70.9421],[-27.8064,71.1566],[-27.9251,71.134],[-27.6182,70.9538],[-28.3976,70.9813],[-27.9209,70.8681],[-28.3103,70.5639],[-29.2062,70.3941],[-28.2814,70.5107],[-28.2329,70.372],[-26.7433,70.4841],[-26.3213,70.3798],[-28.5341,70.0482],[-27.3399,69.9711],[-26.8836,70.2569],[-26.3262,70.1983],[-25.3053,70.4132],[-25.2035,70.3983],[-25.3958,70.3593],[-25.3249,70.2783],[-25.0009,70.3656],[-23.8634,70.1337],[-22.0771,70.1303],[-23.2787,69.8597],[-22.9095,69.8134],[-22.9989,69.7656],[-23.9298,69.756],[-23.5797,69.6263],[-23.8142,69.5123],[-24.3549,69.5996],[-24.0942,69.4283],[-24.735,69.4337],[-24.6755,69.2446],[-25.191,69.2837],[-25.2809,69.2376],[-24.9918,69.1669],[-25.3275,69.1328],[-25.286,69.0236],[-25.6565,69.0919],[-25.4498,68.9679],[-26.3256,68.6791],[-27.7811,68.4687],[-27.9803,68.5711],[-28.0105,68.4578],[-28.8519,68.3286],[-29.1721,68.3998],[-29.097,68.3104],[-29.4738,68.2496],[-29.3776,68.2012],[-29.8527,68.4156],[-30.0694,68.321],[-29.9934,68.251],[-30.303,68.2558],[-30.056,68.1118],[-30.8169,68.2558],[-30.4197,68.0709],[-31.5812,68.0765],[-31.7485,68.2143],[-31.5455,68.2463],[-31.9913,68.26],[-32.4872,68.6239],[-32.5012,68.429],[-32.0707,68.1943],[-32.4543,68.208],[-32.0515,68.1555],[-31.9956,68.0504],[-32.1464,68.0504],[-32.0365,67.9268],[-33.2023,67.694],[-33.057,67.6326],[-33.3657,67.5514],[-33.2737,67.4008],[-33.5982,67.372],[-33.3655,67.2477],[-33.6681,67.2232],[-33.5374,67.0777],[-33.9757,66.9946],[-33.8589,66.9536],[-33.9991,66.9545],[-33.9346,66.7686],[-34.0854,66.8096],[-34.2704,66.5768],[-34.4175,66.7499],[-34.5305,66.6383],[-34.4076,66.5427],[-34.7154,66.3441],[-34.9733,66.2895],[-35.1142,66.4215],[-35.2368,66.3236],[-35.0382,66.2622],[-35.2164,66.241],[-35.8326,66.4435],[-35.5515,66.2485],[-35.7023,66.2069],[-35.5863,66.1113],[-35.745,66.1992],[-35.9425,66.1039],[-35.7166,66.0902],[-36.3262,65.9121],[-36.3585,66.0914],[-36.5536,66.0838],[-37.0138,65.8396],[-37.0797,66.0629],[-37.2373,65.9052],[-37.1144,65.8169],[-37.2721,65.8301],[-37.1846,65.7741],[-37.8542,65.8916],[-37.7979,66.0487],[-37.1697,66.3236],[-37.8524,66.4447],[-38.1405,66.3692],[-37.6898,66.2684],[-37.9983,66.241],[-37.8542,66.1994],[-38.1067,66.1145],[-37.9596,66.0759],[-37.9989,65.9384],[-38.4849,66.0151],[-38.1061,65.8107],[-38.2206,65.6464],[-38.7523,65.6933],[-38.6003,65.5779],[-39.0745,65.5552],[-39.3414,65.7482],[-39.2057,65.5825],[-39.6561,65.6862],[-39.807,65.508],[-40.2185,65.508],[-39.7887,65.4122],[-39.951,65.3606],[-39.7591,65.2473],[-40.1229,65.1662],[-39.9373,65.0965],[-40.2814,65.0012],[-41.0983,65.1299],[-40.9831,64.9768],[-41.1464,64.9535],[-40.6045,64.6835],[-40.6351,64.4671],[-40.3583,64.359],[-41.5675,64.2662],[-40.5609,64.1069],[-40.8417,63.9526],[-40.6217,63.9246],[-40.5264,63.6964],[-41.4881,63.8603],[-41.6268,63.7778],[-40.7501,63.5169],[-41.2873,63.5649],[-40.9993,63.4113],[-41.1295,63.3891],[-41.4139,63.5659],[-41.2401,63.4039],[-41.5828,63.4932],[-41.116,63.3083],[-41.7159,63.553],[-41.9009,63.4699],[-41.4327,63.1253],[-42.0209,63.2531],[-41.5343,63.0334],[-42.144,63.2059],[-42.2059,63.1097],[-41.6241,62.9951],[-41.7501,62.8439],[-42.3194,62.817],[-42.3054,62.9455],[-42.5972,62.8715],[-42.4158,62.8288],[-42.5797,62.8259],[-42.4871,62.6982],[-43.1512,62.7596],[-42.1644,62.3903],[-42.974,62.5248],[-42.2611,62.3146],[-42.5485,61.9515],[-42.1172,62.0067],[-42.4158,61.9206],[-42.1923,61.8696],[-42.3431,61.7597],[-42.87,61.7699],[-42.2537,61.7112],[-42.4355,61.561],[-43.0829,61.5952],[-42.4181,61.4028],[-43.2481,61.3413],[-42.6584,61.2594],[-42.5758,61.1973],[-43.1792,61.211],[-42.6305,61.1011],[-43.6112,61.1291],[-42.7062,61.0601],[-42.7267,60.9304],[-43.0275,60.8816],[-43.4818,60.9416],[-42.8011,60.8048],[-43.528,60.841],[-42.7716,60.7349],[-43.2413,60.6562],[-42.7472,60.6902],[-43.1444,60.6083],[-42.8291,60.5804],[-43.1444,60.5468],[-43.0445,60.5079],[-43.3011,60.5575],[-43.2274,60.4709],[-43.6892,60.7237],[-43.6208,60.5599],[-44.1927,60.6431],[-43.8048,60.4428],[-43.3194,60.4472],[-43.5911,60.3065],[-43.1753,60.4001],[-43.3573,60.3756],[-43.0992,60.2437],[-43.33,60.2172],[-43.0881,60.0994],[-44.1659,60.1732],[-43.9947,60.3066],[-44.1008,60.3874],[-44.5902,59.9891],[-44.8445,60.1496],[-44.8445,60.0193],[-45.1728,60.0876],[-44.7551,60.2043],[-44.4664,60.5673],[-45.2076,60.1422],[-44.6254,60.7375],[-45.2142,60.439],[-45.063,60.6629],[-45.4956,60.4923],[-45.1219,60.725],[-45.3509,60.725],[-45.5837,60.4711],[-45.7314,60.5878],[-45.6247,60.6492],[-45.9816,60.5804],[-45.2588,60.9025],[-45.3749,61.0045],[-45.7134,60.77],[-46.2201,60.7611],[-45.2137,61.211],[-45.3646,61.0943],[-45.5128,61.2476],[-45.6185,61.0198],[-46.0703,60.9372],[-45.6188,61.145],[-45.8723,61.2227],[-45.7908,61.3351],[-46.1119,61.2526],[-45.8614,61.184],[-45.9133,61.0943],[-46.2812,61.0851],[-46.1168,61.0233],[-46.2267,60.977],[-46.413,61.0881],[-46.6531,60.9857],[-46.578,60.91],[-46.8865,60.9372],[-46.7103,60.8867],[-46.8623,60.8001],[-47.0436,60.841],[-46.9139,60.9304],[-47.0299,60.9748],[-48.1954,60.8142],[-47.6885,61.0056],[-48.4022,60.9865],[-47.8385,61.0423],[-47.9349,61.0881],[-47.7704,61.1911],[-48.2164,61.1862],[-47.9137,61.3283],[-48.4072,61.134],[-48.299,61.2272],[-48.6406,61.239],[-48.3401,61.3758],[-49.0658,61.4028],[-48.2297,61.5468],[-49.2986,61.561],[-48.5922,61.6361],[-49.0583,61.6225],[-48.874,61.7932],[-49.1483,61.7255],[-48.7842,61.9923],[-49.2201,61.7241],[-49.3532,61.7665],[-49.1756,61.903],[-49.4282,61.8211],[-48.8392,62.0749],[-49.0795,62.0812],[-49.003,62.2047],[-49.1691,62.0213],[-49.6385,61.9892],[-49.463,62.0886],[-49.6958,62.1166],[-49.2917,62.178],[-49.6827,62.1575],[-49.2917,62.2668],[-49.8876,62.2457],[-49.7884,62.2979],[-50.3196,62.5058],[-49.8733,62.8968],[-50.2718,62.7056],[-50.2438,62.8524],[-49.7026,63.0613],[-50.3897,62.7922],[-50.1483,63.0202],[-50.469,62.9512],[-50.6075,63.096],[-50.0594,63.2296],[-50.9123,63.1432],[-50.7782,63.2531],[-51.0006,63.1647],[-51.1011,63.3286],[-50.2786,63.4039],[-51.2233,63.4449],[-50.7441,63.5548],[-51.0931,63.5314],[-51.0563,63.6509],[-50.5045,63.6714],[-51.4225,63.541],[-51.3065,63.6304],[-51.5392,63.6918],[-51.3474,63.726],[-51.5287,63.7641],[-50.9229,63.9383],[-51.4584,63.8176],[-51.3611,63.973],[-51.6565,64.0141],[-50.0452,64.199],[-50.5524,64.1785],[-50.3638,64.3591],[-51.4399,64.0823],[-51.649,64.1301],[-51.3548,64.1444],[-51.7651,64.1854],[-50.1764,64.4482],[-50.9154,64.603],[-50.4803,64.7129],[-49.5859,64.343],[-50.2172,64.7259],[-49.9974,64.8637],[-50.5597,64.7748],[-50.8409,65.1313],[-50.6895,65.2064],[-50.977,65.2197],[-50.6422,64.7592],[-51.1451,64.6166],[-51.0389,64.7812],[-51.2526,64.7602],[-51.6627,64.3088],[-52.1426,64.2222],[-52.1946,64.4722],[-52.0216,64.5967],[-52.1324,64.7128],[-51.245,65.0214],[-51.7037,64.8911],[-51.5528,64.9941],[-51.6927,65.0259],[-51.7577,64.8637],[-52.1053,64.7986],[-51.9439,64.8774],[-52.0573,64.9237],[-52.1835,64.8023],[-52.2177,64.9119],[-52.0122,64.9804],[-52.2729,65.1039],[-52.0048,65.3162],[-52.276,65.2001],[-52.1951,65.324],[-52.3275,65.3435],[-52.5347,65.1923],[-52.4442,65.2752],[-52.567,65.3225],[-51.6881,65.7048],[-50.5524,65.7134],[-51.441,65.7725],[-52.4913,65.3919],[-52.4442,65.5179],[-52.6142,65.4898],[-52.4709,65.6725],[-52.8009,65.5519],[-52.5465,65.6793],[-52.7725,65.6384],[-52.6934,65.8073],[-52.824,65.6725],[-53.2392,65.6862],[-52.8778,65.8088],[-53.2626,65.7517],[-52.694,65.9394],[-51.7399,65.9306],[-51.8613,66.0219],[-51.731,66.0759],[-52.3033,65.9052],[-52.5764,66.008],[-53.181,65.8598],[-53.266,65.9196],[-52.8749,66.0219],[-53.472,65.9809],[-51.2834,66.8449],[-50.364,66.8293],[-51.0116,66.9057],[-49.9974,66.9815],[-50.896,66.9929],[-53.0058,66.2],[-53.6632,66.1386],[-53.1219,66.2895],[-53.626,66.2516],[-53.6953,66.3588],[-53.4987,66.4744],[-53.623,66.509],[-52.4162,66.5427],[-53.4578,66.6383],[-52.5807,66.7072],[-53.2045,66.7481],[-52.649,66.801],[-53.1077,66.7724],[-53.0021,66.8551],[-52.2319,66.845],[-52.4503,66.9815],[-53.647,66.9116],[-53.8284,66.9843],[-53.2175,66.9946],[-53.9649,67.0777],[-53.8407,67.1761],[-52.1907,67.3719],[-51.5528,67.331],[-51.1761,67.1249],[-50.3464,67.1916],[-51.1823,67.1454],[-51.5218,67.3505],[-51.1147,67.4265],[-53.8079,67.2069],[-53.7827,67.4297],[-52.5541,67.7692],[-50.1966,67.4675],[-50.0725,67.5159],[-50.8744,67.6047],[-49.9359,67.7003],[-51.3201,67.7145],[-50.265,67.8449],[-50.7843,67.9113],[-50.8875,67.8585],[-50.6485,67.8511],[-51.1687,67.7624],[-51.3679,67.8859],[-50.9759,67.8869],[-51.0389,67.9815],[-51.5734,67.9343],[-51.3256,67.8244],[-51.7037,67.7003],[-51.8483,67.7351],[-51.63,67.7766],[-52.3422,67.8217],[-51.6066,67.977],[-53.7297,67.5381],[-53.5414,67.7197],[-53.6877,67.8118],[-52.8892,67.9815],[-53.2591,67.989],[-53.1766,68.0461],[-52.0593,67.9753],[-53.4578,68.1528],[-53.308,68.1865],[-50.1483,67.9479],[-51.4368,68.2012],[-50.9559,68.1893],[-51.3816,68.2558],[-50.848,68.5071],[-51.649,68.4135],[-51.2233,68.2968],[-52.4451,68.1815],[-52.9376,68.2626],[-52.5876,68.3514],[-53.3895,68.3315],[-52.389,68.5097],[-52.6164,68.5259],[-50.8621,68.6198],[-50.9911,68.7356],[-50.6547,68.8312],[-51.2921,68.7486],[-50.9639,68.9342],[-51.1898,68.8858],[-51.0799,69.1328],[-50.2217,68.9599],[-50.2234,69.072],[-50.6895,69.1267],[-50.1398,69.1798],[-50.4704,69.2086],[-50.3667,69.3389],[-51.1151,69.2122],[-50.8677,69.2837],[-50.9875,69.3298],[-50.8335,69.3451],[-50.8677,69.4618],[-50.2029,69.5233],[-50.8806,69.5079],[-50.7753,69.6503],[-50.4083,69.6058],[-50.7961,69.7199],[-50.1892,69.7634],[-50.5933,69.9279],[-50.2373,70.0384],[-52.3207,70.0515],[-54.6302,70.6541],[-54.1554,70.8288],[-52.7906,70.7568],[-51.5494,70.4316],[-50.5318,70.3593],[-50.6827,70.4009],[-50.53,70.5366],[-50.9928,70.425],[-51.3474,70.5716],[-50.8859,70.5108],[-50.7373,70.5449],[-50.9697,70.639],[-50.6527,70.6503],[-51.4451,70.7319],[-50.6316,70.7391],[-50.8472,70.8732],[-51.9569,71.0241],[-50.9154,71.0241],[-52.2427,71.1268],[-51.5287,71.2742],[-51.6422,71.3673],[-52.5577,71.1786],[-52.2577,71.3655],[-51.361,71.4937],[-52.9923,71.4213],[-51.6627,71.7298],[-52.1664,71.6131],[-53.266,71.7099],[-52.6832,72.0109],[-53.3643,71.7778],[-53.3997,72.042],[-53.8516,72.3306],[-53.5539,72.3604],[-53.8702,72.3566],[-53.8351,72.1624],[-53.3989,71.8459],[-53.9177,71.7373],[-53.7659,71.6403],[-54.102,71.7099],[-53.8488,71.5455],[-53.9126,71.4505],[-55.5145,71.4492],[-55.6762,71.6301],[-55.5693,71.6411],[-55.9045,71.682],[-54.8533,71.913],[-54.3832,72.2232],[-54.6416,72.0185],[-55.2678,71.9273],[-55.6097,71.9905],[-54.6849,72.3672],[-55.6513,72.4504],[-54.2939,72.484],[-55.0106,72.5217],[-54.5266,72.7788],[-54.9244,72.7856],[-54.6029,72.834],[-54.7811,72.9985],[-55.6954,73.0695],[-55.1416,73.1904],[-55.4595,73.2654],[-55.0897,73.3679],[-56.0677,73.653],[-55.6127,73.7211],[-55.9455,73.8612],[-55.6448,73.8755],[-56.1243,74.0121],[-55.9705,74.0271],[-56.4116,74.0673],[-56.1243,74.2796],[-57.3141,74.1027],[-56.1304,74.3889],[-56.7952,74.4509],[-56.1448,74.4919],[-57.1583,74.7383],[-56.7952,74.814],[-57.0579,74.9219],[-58.1416,75.0518],[-57.9227,75.1634],[-58.4394,75.3143],[-58.2476,75.403],[-58.7001,75.3485],[-58.2067,75.444],[-58.4261,75.5661],[-58.3103,75.6433],[-58.5943,75.6798],[-58.4059,75.7189],[-59.0416,75.7014],[-59.2722,75.8801],[-59.7729,75.8014],[-59.5914,75.9169],[-60.7455,76.001],[-60.9241,76.1657],[-62.2668,76.2899],[-62.7917,76.1981],[-63.3673,76.3769],[-64.0311,76.1361],[-64.4291,76.349],[-64.3812,76.2603],[-64.6898,76.2534],[-64.5941,76.1361],[-65.3426,76.1758],[-65.3545,76.0268],[-65.8889,76.1025],[-65.5525,76.2391],[-65.7401,76.2785],[-66.2073,76.2778],[-66.4137,76.0861],[-66.9272,76.2665],[-67.3078,76.164],[-66.4884,75.9099],[-68.4325,76.0794],[-69.6373,76.3831],[-67.9856,76.6841],[-70.1034,76.8015],[-69.5417,77.0063],[-70.5211,76.7872],[-70.9872,76.897],[-70.6788,76.9386],[-71.3844,77.024],[-70.6993,77.1509],[-70.9033,77.1914],[-69.7335,77.239],[-66.3619,77.1162],[-66.1701,77.1987],[-69.1029,77.2744],[-67.4359,77.3836],[-66.2261,77.2525],[-66.6635,77.4178],[-66.0534,77.4935],[-66.6635,77.7194],[-68.3564,77.4999],[-68.7298,77.6691],[-68.6109,77.5177],[-69.2226,77.4529],[-70.2878,77.5754],[-69.5075,77.7604],[-70.6756,77.6802],[-69.973,77.8361],[-71.3128,77.7698],[-71.4396,77.8],[-71.2132,77.8703],[-73.0572,78.1583],[-72.4608,78.2886],[-72.8506,78.3153],[-72.5902,78.5212],[-68.7808,78.8367],[-69.1717,78.9254],[-67.5058,79.1383],[-65.7859,79.1383],[-65.9094,79.1513],[-64.8314,79.5272],[-65.1286,79.8503],[-64.9498,79.9601],[-65.0436,80.0239],[-63.7786,80.1519],[-64.2228,80.2557],[-64.926,80.0727],[-67.0501,80.0612],[-67.5058,80.2072],[-67.486,80.3232],[-63.655,81.1491],[-62.7799,80.7588],[-63.3733,81.1592],[-60.893,81.1662],[-61.3113,81.3654],[-60.7732,81.4916],[-61.4543,81.745],[-61.2811,81.8151],[-60.0673,81.9474],[-58.8385,81.8623],[-58.6814,81.684],[-56.5412,81.3359],[-59.4679,82.0028],[-55.9589,82.2728],[-55.1125,82.1572],[-55.6029,82.2827],[-54.4407,82.3727],[-53.557,82.1161],[-53.51,81.9102],[-53.8079,81.5882],[-53.472,81.5087],[-53.6502,81.5429],[-52.9302,81.8651],[-52.9643,82.0363],[-49.9215,81.6118],[-49.6138,81.6459],[-51.0663,81.9339],[-49.4357,81.9277],[-50.5813,82.154],[-51.1072,82.5099],[-49.0113,82.4545],[-44.6628,81.7544],[-44.1729,81.8377],[-44.9264,81.9953],[-44.3988,82.1052],[-44.7939,82.192],[-44.5629,82.2934],[-42.3021,82.2151],[-43.8354,82.342],[-43.7272,82.4069],[-45.7693,82.77],[-42.0482,82.7563],[-42.1718,82.7086],[-41.7091,82.482],[-41.5555,82.5335],[-41.6158,82.6367],[-41.8981,82.729],[-40.5244,82.5732]]],[[[-68.3562,18.6566],[-68.6584,18.2109],[-69.2363,18.4505],[-69.8837,18.471],[-70.1718,18.2314],[-70.4836,18.2041],[-70.6575,18.4338],[-71.0683,18.3104],[-71.4172,17.6048],[-72.0718,18.2375],[-72.8859,18.1414],[-73.6463,18.2587],[-73.8733,18.0262],[-74.4892,18.4294],[-74.2559,18.6703],[-72.9042,18.4341],[-72.3538,18.5301],[-72.3304,18.6833],[-72.8135,19.0529],[-72.6991,19.4459],[-73.4578,19.6722],[-73.1671,19.9377],[-71.8214,19.6567],[-71.6614,19.8936],[-71.0009,19.9377],[-70.2808,19.6518],[-69.9473,19.6787],[-69.7677,19.2997],[-69.1643,19.307],[-69.2537,19.1835],[-69.6173,19.2252],[-69.6085,19.0935],[-68.8998,19.0209],[-68.3562,18.6566]]],[[[-71.9189,41.0649],[-73.7109,40.6102],[-73.5818,40.5845],[-74.04,40.6198],[-73.4857,40.9456],[-72.6283,40.9836],[-72.2755,41.1626],[-72.6246,40.9078],[-71.9189,41.0649]]],[[[50.2603,45.0099],[50.3484,45.0849],[50.3246,44.9732],[50.2603,45.0099]]],[[[-96.3213,72.4669],[-96.8768,72.3263],[-96.5342,72.2443],[-96.5,72.0935],[-96.8693,72.0451],[-96.4932,72.028],[-96.7669,71.9223],[-96.5013,71.9315],[-96.5888,71.8207],[-97.6853,71.6184],[-98.2528,71.67],[-98.295,71.9017],[-98.5005,71.723],[-98.0418,71.5312],[-98.73,71.2717],[-99.2351,71.3496],[-99.3852,71.5858],[-100.6365,72.1865],[-101.782,72.3088],[-102.756,72.8123],[-102.4848,73.0412],[-101.9478,73.0935],[-101.3336,72.7248],[-100.4483,72.7381],[-100.3166,72.8061],[-100.4674,73.019],[-100.3104,73.0327],[-100.4166,72.9783],[-100.3048,72.875],[-100.0355,72.9438],[-100.3235,73.1009],[-100.2279,73.1344],[-100.5295,73.0935],[-100.5563,73.2313],[-99.7686,73.2108],[-100.3629,73.3996],[-100.8579,73.2628],[-101.6256,73.4914],[-100.9186,73.603],[-100.4203,73.4193],[-100.6043,73.4988],[-100.5494,73.6005],[-101.1186,73.7241],[-100.8858,73.8321],[-100.0233,73.7378],[-99.8461,73.8883],[-100.303,73.8612],[-99.8027,73.937],[-99.1912,73.6903],[-97.7739,73.9189],[-96.9382,73.6868],[-97.6439,73.5397],[-97.1505,73.3951],[-98.494,73.0179],[-98.4462,72.8725],[-97.9852,73.0441],[-97.256,72.9621],[-97.4186,72.8607],[-97.0256,72.7295],[-97.1939,72.6151],[-96.5376,72.752],[-96.3213,72.4669]]],[[[-97.4249,75.5197],[-97.2809,75.403],[-97.7242,75.5722],[-98.0418,75.4849],[-97.7743,75.4241],[-98.1167,75.298],[-97.5688,75.1498],[-98.1033,75.2255],[-97.9758,75.0145],[-99.4055,74.999],[-99.3058,75.1313],[-99.6454,74.976],[-100.3688,75.0231],[-100.5494,75.205],[-99.987,75.2386],[-100.7821,75.3552],[-99.6655,75.6159],[-99.8232,75.6562],[-98.8942,75.6997],[-102.6334,75.4981],[-102.8817,75.6178],[-102.0093,75.7047],[-102.3741,75.8105],[-102.2623,75.8698],[-100.9132,75.8145],[-101.5506,75.8698],[-101.3035,76.0207],[-101.9029,76.1059],[-101.3855,76.2534],[-102.1676,76.2391],[-102.0351,76.4128],[-101.3216,76.4145],[-99.9471,75.8752],[-99.4403,75.9722],[-99.8641,75.9374],[-100.2211,76.1361],[-99.4185,76.164],[-100.4787,76.2338],[-99.8437,76.2869],[-100.9882,76.5066],[-99.6409,76.6374],[-99.0703,76.4042],[-98.8506,76.4377],[-99.0287,76.6022],[-98.4553,76.6821],[-97.6651,76.4862],[-97.7886,76.3223],[-97.5067,76.1907],[-97.6545,75.9821],[-97.5702,75.8652],[-97.9394,75.7457],[-97.3775,75.6798],[-97.4249,75.5197]]],[[[-105.3951,75.6743],[-105.7508,75.4924],[-105.5931,75.4651],[-106.0089,75.0566],[-107.231,74.9201],[-107.7717,75.1014],[-107.9442,74.9369],[-108.4166,74.9171],[-108.8242,75.0715],[-112.4374,74.4135],[-113.693,74.4445],[-114.4398,74.6837],[-112.7978,74.9851],[-111.5858,75.0064],[-110.918,75.2324],[-112.3461,75.1215],[-112.6789,75.2795],[-112.8571,75.1098],[-113.8866,75.0582],[-113.6453,75.1907],[-113.9395,75.1833],[-113.813,75.3239],[-113.3231,75.4241],[-114.0707,75.4749],[-114.1958,75.2252],[-114.6151,75.2833],[-114.3033,75.1818],[-114.4408,75.0679],[-115.0577,74.9667],[-115.2628,75.1833],[-115.6666,75.1485],[-115.5372,75.0399],[-115.7154,74.9704],[-116.2559,75.0604],[-116.0437,75.1287],[-116.3385,75.1156],[-116.2565,75.2112],[-116.7672,75.1222],[-117.6885,75.2597],[-117.2022,75.4808],[-116.0419,75.4848],[-115.0021,75.6985],[-117.249,75.6091],[-116.8854,75.789],[-114.8274,75.8794],[-116.7363,75.9374],[-116.4613,75.9784],[-116.7016,76.0405],[-116.6303,76.1204],[-116.1627,76.2038],[-114.667,76.164],[-115.927,76.2869],[-114.8724,76.5202],[-114.1593,76.4588],[-113.963,76.1906],[-112.4256,76.1708],[-112.5257,76.121],[-111.7268,75.9169],[-112.227,75.8145],[-111.4591,75.8419],[-111.5964,75.8145],[-111.2508,75.5219],[-108.91,75.4787],[-109.0336,75.5539],[-108.8281,75.6911],[-110.0546,75.8965],[-109.3231,76.1154],[-110.3972,76.3967],[-108.7756,76.8642],[-108.4508,76.7326],[-108.7319,76.6432],[-108.4849,76.4588],[-108.6159,76.4235],[-108.0809,76.2869],[-108.4992,76.0405],[-107.6401,75.9892],[-108.0262,75.7873],[-107.076,75.8994],[-106.8809,75.6492],[-106.8823,75.7661],[-106.6148,75.8009],[-106.8859,75.8382],[-106.8749,75.9654],[-106.3398,76.0616],[-105.6068,75.9374],[-105.3951,75.6743]]],[[[-79.5602,74.9915],[-79.3343,74.9034],[-79.909,74.814],[-80.3131,74.9416],[-80.4106,74.9018],[-80.1008,74.8276],[-80.2175,74.5875],[-81.7887,74.4584],[-82.92,74.5515],[-83.1173,74.6694],[-83.0785,74.8158],[-83.4917,74.9095],[-83.3222,74.7622],[-83.4935,74.5778],[-84.2583,74.5065],[-84.9149,74.5124],[-85.008,74.7041],[-85.1849,74.4931],[-85.5337,74.6901],[-85.6039,74.498],[-86.1246,74.4844],[-86.1793,74.6222],[-86.38,74.4875],[-86.803,74.6222],[-86.6037,74.4714],[-88.5178,74.5012],[-88.297,74.7799],[-88.5395,74.9038],[-88.8476,74.665],[-89.0989,74.8407],[-89.0603,74.7222],[-89.2703,74.7587],[-89.1474,74.6079],[-89.4344,74.5533],[-91.025,74.7041],[-90.7868,74.8896],[-91.2304,74.7383],[-91.0994,74.6291],[-91.5135,74.6447],[-92.0627,74.8034],[-92.2303,75.074],[-92.0559,75.1532],[-92.504,75.218],[-92.3808,75.4561],[-92.0044,75.6016],[-92.1268,75.8738],[-93.0602,76.349],[-95.3902,76.2391],[-94.8006,76.3284],[-96.109,76.4997],[-95.5882,76.6096],[-96.9656,76.7394],[-96.3082,76.7598],[-96.8196,76.872],[-96.6577,76.9523],[-96.8184,76.9834],[-95.7707,77.0767],[-93.7009,76.921],[-93.1968,76.7531],[-93.2991,76.555],[-93.6561,76.4451],[-93.5607,76.3952],[-93.0793,76.6276],[-90.9211,76.6433],[-90.4694,76.4862],[-91.5655,76.4997],[-89.1944,76.2482],[-90.4564,76.1777],[-90.0937,76.125],[-91.6134,76.267],[-90.1882,76.0678],[-91.1615,76.0207],[-90.943,76.0063],[-91.1288,75.8361],[-90.7978,75.9988],[-90.4285,75.9722],[-90.5185,75.8988],[-89.9638,76.016],[-89.688,75.9033],[-89.7773,75.7941],[-89.1625,75.7652],[-89.7631,75.5812],[-89.2085,75.586],[-88.9174,75.4304],[-88.7638,75.4377],[-88.9003,75.6091],[-88.7224,75.6861],[-88.2281,75.4713],[-87.7508,75.5809],[-87.4669,75.456],[-87.5075,75.5613],[-87.2657,75.623],[-86.3648,75.4304],[-86.618,75.3689],[-85.5219,75.403],[-86.1517,75.5088],[-84.5761,75.6243],[-84.6647,75.6911],[-84.0006,75.8288],[-81.1131,75.7791],[-81.2863,75.6637],[-79.5738,75.4515],[-79.6831,75.4377],[-79.4913,75.3825],[-79.6149,75.3037],[-79.5169,75.2292],[-80.4434,75.0399],[-79.5602,74.9915]]],[[[-96.6231,80.0443],[-96.8017,80.0973],[-94.3822,79.988],[-94.8074,80.0973],[-94.0875,80.1799],[-95.4015,80.1267],[-95.6981,80.1799],[-95.232,80.2413],[-96.685,80.3437],[-95.4374,80.3437],[-96.1022,80.4946],[-95.9036,80.5429],[-96.027,80.5839],[-93.7858,80.5293],[-94.6771,80.6658],[-94.1288,80.7282],[-95.5336,80.8241],[-94.903,81.0637],[-94.4471,80.9675],[-93.9093,81.0426],[-94.3024,81.1227],[-93.1558,81.0978],[-93.2172,81.2145],[-94.3959,81.2617],[-93.2577,81.3734],[-91.7983,81.1592],[-91.915,81.0774],[-90.5929,80.6528],[-90.7311,80.5667],[-89.058,80.4678],[-89.2558,80.2897],[-88.5384,80.0991],[-88.1461,80.1035],[-88.7086,80.2897],[-88.6442,80.3967],[-87.7006,80.4126],[-87.5677,80.1833],[-88.0636,80.1252],[-87.0085,79.9533],[-87.4883,79.8372],[-86.962,79.9088],[-87.1358,79.6495],[-87.4609,79.5356],[-86.3091,79.6481],[-86.0421,79.5691],[-86.1662,79.4599],[-86.0675,79.4362],[-85.6987,79.618],[-84.9126,79.2707],[-86.7467,78.9591],[-86.9683,79.0642],[-86.9402,78.9186],[-87.6492,78.643],[-87.9975,78.8112],[-87.7284,79.0831],[-88.1737,78.9956],[-88.1362,78.6869],[-88.3585,78.6579],[-87.9097,78.5524],[-88.2285,78.4636],[-88.8048,78.6102],[-88.54,78.4169],[-88.8113,78.1654],[-90.0062,78.6138],[-89.9888,78.4487],[-89.4552,78.1645],[-90.332,78.3364],[-90.7506,78.3227],[-90.3254,78.2744],[-90.3527,78.1446],[-92.0245,78.2107],[-92.9913,78.4661],[-91.6492,78.565],[-93.2817,78.5947],[-93.8131,78.7678],[-93.0384,78.7678],[-94.2935,78.9869],[-93.3305,79.171],[-90.3664,79.2475],[-92.6273,79.2454],[-91.1205,79.3916],[-93.0867,79.4871],[-93.005,79.3916],[-93.3885,79.3432],[-93.321,79.4521],[-93.9298,79.2592],[-94.2109,79.2749],[-93.841,79.399],[-95.211,79.281],[-95.78,79.4809],[-94.3003,79.7752],[-95.8537,79.6524],[-96.5888,79.8571],[-96.1369,79.9117],[-96.6231,80.0443]]],[[[-61.0855,82.3312],[-64.3726,81.725],[-68.2132,81.5632],[-69.3083,81.7217],[-68.3562,81.543],[-68.8559,81.5504],[-68.5806,81.5161],[-66.6083,81.5162],[-70.2133,81.1799],[-64.4359,81.4815],[-67.563,80.946],[-69.666,80.3552],[-70.3095,80.358],[-70.2195,80.4195],[-70.8245,80.567],[-69.9595,80.2618],[-70.1591,80.1925],[-72.4198,80.2134],[-71.8985,80.1179],[-72.342,80.0626],[-70.487,80.0626],[-71.4596,79.8987],[-70.9116,79.8926],[-71.1424,79.7895],[-72.2317,79.6626],[-74.2278,79.8957],[-74.8449,79.8503],[-73.3833,79.7756],[-73.1253,79.5664],[-74.9964,79.5134],[-74.8886,79.4156],[-75.028,79.3733],[-77.1338,79.5487],[-75.8802,79.3569],[-77.1245,79.4689],[-77.4015,79.4531],[-77.1619,79.3302],[-78.0594,79.3569],[-74.4687,79.2272],[-74.825,79.1793],[-74.4408,79.0627],[-76.0888,79.2047],[-78.2574,79.1719],[-76.1687,79.0773],[-78.8955,79.0694],[-77.7032,79.008],[-78.2268,78.7722],[-77.718,78.9697],[-75.7808,78.982],[-76.4592,78.8494],[-74.7738,78.8348],[-74.9063,78.7883],[-74.722,78.7126],[-74.8728,78.6443],[-74.6326,78.5897],[-76.6616,78.5283],[-75.0298,78.3364],[-76.9154,78.2068],[-75.5819,78.113],[-75.934,77.9586],[-78.2166,78.0025],[-78.43,77.9113],[-77.7162,77.6096],[-78.6897,77.3191],[-80.5514,77.3098],[-81.9375,77.6854],[-81.673,77.5237],[-81.7372,77.4348],[-81.1709,77.3325],[-82.1981,77.3017],[-81.8577,77.1705],[-81.103,77.2875],[-80.1151,77.2056],[-80.3725,77.0747],[-79.4324,77.2386],[-79.0065,77.1047],[-79.3756,76.9256],[-78.7204,76.8276],[-78.0909,77.0228],[-77.7162,76.822],[-77.7708,76.6643],[-78.3673,76.4657],[-78.7742,76.5773],[-79.2932,76.3024],[-81.0725,76.1291],[-80.7725,76.42],[-81.2069,76.5636],[-82.0557,76.5165],[-81.7832,76.6885],[-82.2763,76.6349],[-82.7298,76.821],[-82.0821,76.5681],[-82.2255,76.5203],[-82.1382,76.4387],[-83.001,76.4363],[-83.381,76.7613],[-83.5277,76.7087],[-83.1851,76.4309],[-83.7128,76.435],[-84.293,76.6638],[-84.2159,76.4508],[-85.0558,76.5203],[-84.3881,76.3151],[-85.2034,76.2843],[-86.3474,76.3885],[-86.4176,76.4717],[-86.2072,76.5272],[-86.578,76.6417],[-86.3029,76.5277],[-86.722,76.3484],[-87.4331,76.4657],[-87.563,76.6202],[-87.4063,76.3558],[-88.4036,76.3937],[-88.507,76.8237],[-88.7086,76.7121],[-88.4963,76.5476],[-88.6184,76.4044],[-88.7105,76.6008],[-88.9106,76.4105],[-89.6812,76.5749],[-89.3864,76.7327],[-89.5372,76.8568],[-88.3932,77.1025],[-88.4946,77.1141],[-86.6038,77.1782],[-87.2487,77.308],[-86.8504,77.3639],[-87.721,77.3701],[-87.7006,77.5408],[-88.2115,77.6503],[-88.1053,77.815],[-88.222,77.8629],[-86.4522,77.8364],[-85.9744,77.7133],[-85.7957,77.4253],[-84.4661,77.3017],[-84.617,77.3837],[-83.4662,77.3489],[-83.8362,77.4588],[-82.9861,77.6785],[-82.3211,78.0826],[-82.7649,78.0277],[-82.736,77.9283],[-83.6785,77.5345],[-84.761,77.5203],[-84.8682,77.5735],[-84.4351,77.7286],[-84.943,77.6027],[-85.3506,77.74],[-84.9714,77.8437],[-85.4017,77.8317],[-84.3153,77.8976],[-85.6796,77.9352],[-84.2886,78.0826],[-85.0353,78.1788],[-84.028,78.1788],[-84.9683,78.2141],[-84.576,78.3535],[-84.8709,78.37],[-84.617,78.5897],[-85.4915,78.1061],[-86.2894,78.0834],[-85.8603,78.3856],[-86.7698,78.1204],[-87.5367,78.1446],[-87.0911,78.2068],[-87.523,78.2334],[-87.5293,78.411],[-86.8583,78.5488],[-87.1223,78.5829],[-86.9405,78.7142],[-85.0311,78.9219],[-82.3428,78.5692],[-82.239,78.5943],[-82.596,78.7064],[-82.2193,78.7269],[-83.2602,78.8367],[-81.7537,78.843],[-81.4788,79.049],[-82.5346,78.8851],[-84.7521,79.0389],[-84.4529,79.1483],[-83.3632,79.0552],[-84.3296,79.1924],[-84.4866,79.4127],[-85.021,79.6175],[-86.4747,79.761],[-86.3963,79.963],[-85.2538,79.926],[-86.5347,80.0309],[-86.6538,80.1369],[-86.5039,80.3091],[-83.7879,80.2509],[-81.616,79.6244],[-81.7873,79.6114],[-80.5875,79.5692],[-79.752,79.707],[-81.5234,79.718],[-81.6617,79.9076],[-81.4037,79.9397],[-83.2056,80.3232],[-78.0523,80.5691],[-79.9643,80.6175],[-76.5153,80.8561],[-78.9364,80.8788],[-78.4442,81.1705],[-76.7442,81.4405],[-78.1917,81.3052],[-78.7368,81.1136],[-79.505,81.2003],[-79.0662,81.0911],[-79.6145,80.8276],[-80.8756,80.6629],[-82.9131,80.5394],[-83.1683,80.5877],[-81.76,80.8167],[-83.5686,80.7416],[-83.1236,80.831],[-83.2737,80.8465],[-83.8628,80.7621],[-83.7195,80.6318],[-83.846,80.5441],[-85.1214,80.5041],[-86.7491,80.6045],[-85.6225,80.9803],[-82.3633,81.1799],[-85.781,81.034],[-87.7065,80.6455],[-89.4621,80.9148],[-86.6992,81.0054],[-84.7337,81.2835],[-89.8262,81.013],[-90.3528,81.1737],[-88.9339,81.2487],[-89.9556,81.3306],[-88.8889,81.5005],[-87.2487,81.4951],[-88.3427,81.5905],[-90.4923,81.3708],[-90.8599,81.4473],[-89.5856,81.6323],[-90.2987,81.7041],[-91.47,81.5299],[-91.9566,81.6602],[-90.2429,81.8998],[-89.3354,81.809],[-89.1475,81.8856],[-89.4132,81.9296],[-88.0705,82.1073],[-86.7279,81.893],[-87.1314,81.9756],[-86.1621,82.0458],[-85.3993,81.8569],[-85.7342,81.9886],[-84.6033,81.893],[-86.8787,82.2083],[-85.401,82.277],[-85.9192,82.4336],[-84.7084,82.483],[-84.946,82.4274],[-83.6749,82.349],[-82.9517,82.1258],[-83.1304,82.0712],[-81.8766,82.0438],[-82.627,82.1037],[-82.9699,82.2984],[-79.2306,81.8179],[-79.8637,82.0269],[-82.7315,82.4049],[-81.4788,82.5025],[-82.328,82.6592],[-80.5806,82.5434],[-81.5845,82.8005],[-81.4739,82.8303],[-79.847,82.6438],[-79.9848,82.6943],[-78.5044,82.6881],[-80.4298,82.9004],[-80.1581,82.9393],[-77.8522,82.926],[-75.8938,82.5987],[-76.2183,82.4521],[-75.4004,82.6192],[-77.3872,82.9897],[-77.134,83.037],[-74.2,83.0021],[-72.5911,82.7012],[-73.6531,82.9271],[-71.6276,83.1033],[-71.7961,83.0201],[-70.8371,82.8861],[-71.5012,83.0096],[-69.6875,83.1165],[-69.7744,83.0512],[-69.4517,83.037],[-69.617,82.9899],[-66.2998,82.9345],[-68.6177,82.6304],[-65.8516,82.8424],[-65.1553,82.77],[-65.3545,82.8036],[-64.6967,82.9098],[-64.9368,82.8724],[-63.4471,82.8267],[-63.8531,82.7216],[-62.9283,82.5708],[-63.3733,82.441],[-62.1747,82.5299],[-62.3523,82.482],[-61.0855,82.3312]]],[[[24.5877,38.1592],[24.5667,37.9879],[24.3718,37.9719],[24.0422,38.4015],[23.6492,38.4057],[23.2023,38.8299],[22.8338,38.8454],[23.2991,39.0425],[23.594,38.7702],[24.1556,38.6527],[24.2525,38.228],[24.5877,38.1592]]],[[[26.6123,39.0493],[26.1657,39.0224],[26.28,39.1964],[26.064,39.0909],[25.8421,39.228],[26.3622,39.3789],[26.6123,39.0493]]],[[[22.8435,60.2418],[22.9564,60.293],[22.7298,60.005],[22.4699,59.9975],[22.4221,60.1148],[22.6003,60.1422],[22.4481,60.2214],[22.8435,60.2418]]],[[[-52.9029,69.3451],[-53.8446,69.265],[-54.2733,69.4003],[-53.403,69.4392],[-53.5819,69.4761],[-53.3491,69.5854],[-53.8166,69.4586],[-53.7327,69.517],[-53.9996,69.5028],[-53.9301,69.6039],[-54.9927,69.702],[-54.3894,69.6815],[-54.932,69.8659],[-54.2249,69.9205],[-54.8319,70.0856],[-54.7569,70.247],[-54.3297,70.324],[-53.266,70.2023],[-51.8375,69.6436],[-52.9029,69.3451]]],[[[-44.5292,82.4138],[-44.4261,82.3585],[-45.0704,82.2226],[-44.7346,82.0984],[-45.035,82.0593],[-47.7499,82.6253],[-46.3242,82.6785],[-44.5292,82.4138]]],[[[147.9985,-43.2304],[147.8828,-43.1315],[147.7925,-43.2441],[147.6272,-43.0427],[147.6926,-42.9362],[147.8871,-43.0344],[147.8403,-42.902],[147.5335,-42.8366],[147.4362,-43.0461],[147.4773,-42.9089],[147.2837,-42.7785],[147.2576,-43.2543],[146.9729,-43.1311],[147.0998,-43.2994],[146.9627,-43.3403],[146.927,-43.6117],[146.5547,-43.4694],[146.0242,-43.5525],[145.9432,-43.3648],[146.2295,-43.3198],[145.9172,-43.1959],[145.8318,-43.2926],[145.2655,-42.6043],[145.1887,-42.1957],[145.472,-42.5128],[145.5581,-42.3416],[145.229,-42.1957],[145.2066,-41.9666],[144.7498,-41.4142],[144.6058,-40.9965],[144.6986,-40.6603],[146.5856,-41.1801],[146.7442,-41.0655],[146.9496,-41.1611],[146.8193,-41.0754],[147.0176,-40.9767],[147.4448,-41.0084],[147.6506,-40.8285],[147.8495,-40.8888],[147.9842,-40.7365],[148.2093,-40.8408],[148.3314,-41.0022],[148.3643,-42.2044],[148.258,-42.2442],[148.181,-41.9474],[147.8887,-42.5451],[147.9985,-43.2304]]],[[[90.7906,22.4953],[90.8362,22.1782],[90.6475,21.994],[90.5855,22.7681],[90.7906,22.4953]]],[[[29.9187,45.6907],[30.126,45.8115],[29.731,45.5914],[29.9187,45.6907]]],[[[-163.0738,54.6876],[-164.1327,54.6232],[-164.6526,54.392],[-164.9582,54.5851],[-164.4775,54.9189],[-163.7565,55.0604],[-163.0738,54.6876]]],[[[145.3662,75.5402],[144.7293,75.4316],[144.6777,75.3278],[144.9411,75.2733],[143.9985,75.025],[142.8845,75.1468],[142.4943,75.3757],[143.0011,75.708],[142.3379,75.7257],[142.4341,75.678],[142.0083,75.6227],[142.4395,75.2031],[143.7078,74.9475],[142.514,74.8174],[141.8438,74.999],[140.0687,74.8279],[139.652,74.9808],[139.1272,74.6523],[137.8953,74.8462],[136.8622,75.362],[137.4224,75.3698],[137.1433,75.4102],[137.2936,75.6016],[137.0676,75.7258],[137.7427,75.7491],[137.433,75.9532],[139.0488,76.2391],[138.8973,76.2187],[140.5095,75.7905],[140.4758,75.6403],[141.0623,75.6501],[140.8644,75.7388],[141.001,76.0474],[141.6247,76.0131],[141.3101,76.1845],[142.5469,75.863],[143.9471,75.8348],[145.3662,75.5402]]],[[[20.2088,78.6381],[18.9618,78.4525],[19.0852,78.2299],[18.9206,78.1785],[19.0983,78.103],[18.4063,78.0211],[18.5025,77.9802],[18.3304,77.905],[18.4546,77.7741],[18.2998,77.5202],[17.6248,77.4457],[17.3374,77.0473],[17.0972,77.0547],[17.3237,76.9789],[16.9191,76.7939],[17.1921,76.6968],[16.3438,76.5724],[16.284,76.7079],[15.5015,76.8765],[16.5286,77.0001],[14.4478,77.1814],[13.9107,77.5345],[16.2214,77.4409],[14.7405,77.6642],[17.1245,77.7815],[16.7893,77.8771],[17.0078,77.9385],[13.957,77.7199],[13.7373,77.7499],[13.5891,78.0559],[14.3301,77.9644],[14.2328,78.0935],[17.2964,78.4326],[16.3299,78.4525],[16.8272,78.648],[16.5542,78.7193],[16.002,78.4827],[15.4395,78.4584],[15.1929,78.5896],[15.4651,78.6546],[15.3815,78.8514],[14.9827,78.5974],[14.815,78.7336],[14.4456,78.6784],[14.5896,78.5555],[14.3836,78.5009],[14.7337,78.3911],[13.0096,78.2038],[12.3626,78.4873],[13.198,78.5425],[11.9036,78.6381],[11.6432,78.7473],[11.9017,78.8443],[11.3342,78.9732],[12.5066,78.9118],[11.6836,79.0694],[12.115,79.3022],[11.5947,79.3096],[11.7227,79.1876],[11.2283,79.1007],[10.6768,79.5424],[11.4577,79.6318],[11.2273,79.788],[11.8223,79.845],[12.297,79.665],[12.1633,79.8093],[13.797,79.8819],[13.9727,79.7752],[12.4514,79.5691],[13.4517,79.5924],[13.2595,79.4735],[14.0417,79.2658],[14.1582,79.3432],[13.8831,79.5424],[14.5486,79.8115],[15.2953,79.6038],[15.7727,79.2422],[15.6821,79.1122],[16.4352,78.9114],[15.6448,79.7683],[16.1377,79.8708],[15.9557,79.9453],[16.2947,80.0674],[18.0984,79.7274],[17.5907,79.5486],[17.783,79.494],[17.6532,79.3694],[18.3469,79.6299],[18.8818,79.4411],[18.8792,79.3159],[18.5918,79.2612],[18.9451,79.157],[19.7863,79.1651],[19.9064,79.0142],[21.5454,78.8341],[21.3833,78.6586],[20.2088,78.6381]]],[[[99.886,79.0415],[99.9255,78.946],[99.4056,78.8225],[97.4422,78.8172],[97.603,78.8435],[94.8267,79.0666],[94.334,79.2486],[94.3123,79.4792],[93.697,79.4599],[93.9912,79.494],[93.6902,79.5424],[93.882,79.6038],[93.2358,79.439],[93.1141,79.4673],[93.3202,79.5015],[92.8542,79.5561],[94.6901,79.8161],[94.2246,79.8987],[94.952,80.1045],[97.5921,80.1749],[98.0896,80.0563],[97.1916,79.7069],[98.3772,79.8779],[98.557,80.0585],[100.0225,79.8236],[99.8171,79.7416],[99.6667,79.3122],[99.0349,79.296],[99.886,79.0415]]],[[[27.1711,80.0734],[27.2074,79.8737],[25.826,79.626],[25.9688,79.5154],[25.8291,79.4422],[24.0531,79.1889],[22.6447,79.3096],[22.895,79.4195],[20.8169,79.3781],[19.6333,79.6113],[21.1546,79.5691],[20.4756,79.6864],[22.2874,79.8057],[18.7839,79.7231],[18.112,79.9055],[18.9338,80.0563],[17.783,80.1383],[19.5848,80.1519],[19.0335,80.358],[19.8518,80.2208],[19.7152,80.2481],[19.9138,80.3852],[19.4688,80.4089],[19.6567,80.505],[20.8529,80.2139],[21.8467,80.2721],[21.5996,80.1252],[22.2832,79.9831],[22.4773,80.0154],[22.3469,80.07],[22.576,80.299],[22.3377,80.3839],[22.7503,80.33],[22.7816,80.5173],[23.3606,80.4331],[23.1209,80.3915],[23.3538,80.3376],[23.055,80.2484],[23.1223,80.1176],[24.4021,80.3232],[24.1488,80.3505],[24.2598,80.3758],[27.1711,80.0734]]],[[[97.7471,80.7416],[97.9729,80.7211],[97.1306,80.6658],[97.0208,80.5259],[97.4229,80.327],[97.188,80.2336],[93.7498,79.9968],[92.0658,80.1724],[92.8882,80.1724],[92.1074,80.2897],[93.2444,80.3096],[91.4221,80.3096],[92.6276,80.3915],[91.8877,80.4604],[92.7693,80.5168],[93.2703,80.7971],[92.4972,80.7757],[93.1626,80.947],[93.0527,80.9954],[95.5472,81.2208],[95.1035,81.2713],[95.7766,81.2888],[97.8836,80.7695],[97.7471,80.7416]]],[[[125.2739,10.3232],[125.1511,10.1855],[124.991,10.3813],[125.0317,10.0203],[124.7804,10.1519],[124.7788,10.8214],[124.6223,11.002],[124.396,10.9341],[124.3006,11.5429],[124.6299,11.3044],[124.9763,11.392],[125.0138,10.7546],[125.2739,10.3232]]],[[[125.7127,11.1487],[125.7605,11.0228],[125.6515,11.1494],[125.2468,11.0922],[125.001,11.2898],[124.8283,11.5087],[125.0437,11.7578],[124.4932,12.0978],[124.2835,12.5706],[125.2721,12.499],[125.5383,12.1835],[125.4663,11.6118],[125.6377,11.3685],[125.555,11.2119],[125.7127,11.1487]]],[[[53.4685,39.5849],[53.5344,39.5277],[53.4919,39.5086],[53.4685,39.5849]]],[[[50.6189,40.3],[50.5653,40.3378],[50.6069,40.3378],[50.6189,40.3]]],[[[50.3884,40.4017],[50.3537,40.3999],[50.3264,40.4819],[50.3884,40.4017]]],[[[-25.3173,70.747],[-25.9997,70.5351],[-28.1374,70.4595],[-27.1496,70.8778],[-25.7038,71.0858],[-25.3173,70.747]]],[[[-21.9491,72.4287],[-22.7601,72.4411],[-22.0453,72.2717],[-22.5249,72.1348],[-24.0635,72.4453],[-24.4853,72.8266],[-23.137,72.84],[-21.9491,72.4287]]],[[[-21.9286,72.7378],[-24.5869,72.9504],[-23.2383,73.0753],[-21.9696,72.9438],[-22.1887,72.8123],[-21.9286,72.7378]]],[[[-24.5243,73.0479],[-25.7108,73.1949],[-25.2435,73.4111],[-24.4601,73.425],[-23.2098,73.2313],[-25.0122,73.3132],[-22.8924,73.158],[-24.5243,73.0479]]],[[[-20.3527,74.2517],[-20.133,74.1902],[-21.2687,74.0878],[-21.987,74.2482],[-21.2471,74.4571],[-20.5334,74.4067],[-20.3527,74.2517]]],[[[-52.5188,-80.2001],[-50.2637,-79.5357],[-50.3892,-79.3308],[-50.7397,-79.2844],[-50.4844,-79.1293],[-50.5613,-78.9596],[-50.2144,-78.8329],[-50.4305,-78.8126],[-50.2673,-78.7232],[-50.3674,-78.6905],[-49.111,-78.0529],[-47.2225,-77.7726],[-45.9341,-77.8171],[-43.8188,-78.2483],[-43.7251,-78.395],[-43.9203,-78.5963],[-45.3705,-78.7861],[-43.739,-78.8006],[-43.4525,-79.1108],[-43.1335,-79.1819],[-43.3485,-79.2392],[-42.9364,-79.5221],[-43.1374,-79.9518],[-43.8567,-79.996],[-43.438,-80.1095],[-43.5316,-80.2],[-49.798,-80.7909],[-54.1616,-80.8771],[-54.4078,-80.74],[-54.3776,-80.5774],[-54.0965,-80.5584],[-53.4071,-80.1077],[-52.2799,-80.0783],[-52.5188,-80.2001]]],[[[-57.5133,-64.341],[-58.215,-64.3845],[-58.3133,-64.3214],[-58.0127,-64.239],[-58.4604,-64.0857],[-57.7947,-63.7914],[-57.8644,-64.0666],[-57.4935,-63.9262],[-57.5326,-64.0214],[-57.1554,-64.0851],[-57.4004,-64.1456],[-57.0702,-64.1596],[-57.5646,-64.2872],[-57.2955,-64.3712],[-57.5133,-64.341]]],[[[-67.9993,-55.6275],[-68.0983,-55.7121],[-68.6168,-55.4078],[-68.8653,-55.5053],[-68.9657,-55.4078],[-68.7602,-55.3326],[-68.9713,-55.3771],[-68.8011,-55.1887],[-69.4386,-55.1619],[-69.2878,-55.1681],[-69.4591,-55.3059],[-69.1616,-55.5143],[-69.7881,-55.3059],[-69.5001,-55.175],[-69.8481,-55.2579],[-70.0311,-55.1476],[-68.4412,-54.9397],[-68.3348,-55.0624],[-68.6161,-55.1523],[-69.0619,-55.0446],[-68.2092,-55.2629],[-68.746,-55.2712],[-68.1465,-55.4044],[-67.9993,-55.6275]]],[[[-67.8832,-55.2438],[-67.7386,-55.237],[-68.1351,-55.2188],[-68.1864,-54.9782],[-68.3605,-54.9309],[-67.3018,-54.9289],[-67.0534,-55.0937],[-67.2706,-55.3069],[-67.5029,-55.1721],[-67.8832,-55.2438]]],[[[-70.2952,-55.0825],[-70.5481,-55.2136],[-70.5901,-55.0505],[-71.0128,-54.965],[-70.3505,-54.8937],[-70.7298,-55.0134],[-70.2952,-55.0825]]],[[[-71.6309,-54.0788],[-71.6122,-53.948],[-71.338,-53.9763],[-71.2211,-54.1847],[-71.0162,-54.0954],[-70.9901,-54.2658],[-71.2075,-54.3692],[-71.4166,-54.11],[-71.6515,-54.232],[-71.6309,-54.0788]]],[[[-72.0151,-54.2023],[-72.2591,-53.9299],[-71.6529,-53.9264],[-71.7661,-54.164],[-71.9523,-54.0149],[-71.7445,-54.2311],[-71.8301,-54.3315],[-72.0151,-54.2023]]],[[[-70.455,-53.6116],[-70.3428,-54.0281],[-70.67,-53.9503],[-70.5404,-54.2216],[-70.8227,-54.1135],[-70.8815,-53.8423],[-70.6061,-53.8651],[-70.7129,-53.7014],[-70.455,-53.6116]]],[[[-72.5297,-54.0754],[-73.0089,-54.0925],[-72.6451,-53.8596],[-72.8017,-53.8175],[-73.056,-53.8128],[-73.0983,-54.0379],[-73.3089,-53.9738],[-73.2454,-53.7158],[-73.5917,-53.756],[-73.4849,-53.7009],[-73.6153,-53.614],[-72.9529,-53.6645],[-73.4203,-53.4789],[-73.0771,-53.5307],[-73.1752,-53.4208],[-73.0377,-53.3855],[-72.8841,-53.6813],[-72.8585,-53.4527],[-72.6786,-53.6733],[-72.673,-53.5369],[-72.4642,-53.5751],[-72.4533,-53.7424],[-72.1387,-53.7976],[-72.3918,-53.8454],[-72.3299,-54.0346],[-72.5297,-54.0754]]],[[[-73.2074,-53.3178],[-73.0908,-53.3557],[-73.5842,-53.3178],[-73.8804,-53.0577],[-74.3183,-53.0973],[-74.7499,-52.7555],[-73.2074,-53.3178]]],[[[-65.1556,-54.6406],[-65.359,-54.9267],[-66.5405,-55.051],[-68.7001,-54.7678],[-68.5682,-54.8784],[-68.9286,-54.7785],[-68.7379,-54.8961],[-69.1301,-54.9422],[-69.6483,-54.8225],[-69.6271,-54.6921],[-70.7588,-54.8406],[-70.4529,-54.6337],[-71.0276,-54.777],[-70.9516,-54.6164],[-71.2897,-54.6764],[-71.2336,-54.5313],[-71.4879,-54.6874],[-71.9443,-54.6546],[-72.0077,-54.5053],[-71.6719,-54.5717],[-71.8507,-54.4146],[-71.5632,-54.5108],[-71.6141,-54.4109],[-71.3646,-54.373],[-71.0902,-54.5108],[-70.8006,-54.3159],[-70.6105,-54.3388],[-70.7644,-54.5995],[-70.5852,-54.3906],[-70.1307,-54.545],[-70.9327,-54.1135],[-70.1369,-54.4277],[-70.199,-54.3206],[-70.0345,-54.2569],[-69.7754,-54.5549],[-69.8591,-54.2804],[-69.24,-54.4413],[-69.3772,-54.6816],[-68.9949,-54.4684],[-70.014,-54.1135],[-70.1782,-53.8334],[-69.3608,-53.5217],[-69.3527,-53.3557],[-70.2027,-53.4687],[-70.4735,-53.3093],[-70.419,-53.0117],[-70.0892,-52.9111],[-70.4161,-52.7581],[-69.9114,-52.8479],[-69.4176,-52.4515],[-69.1402,-52.6838],[-68.779,-52.5483],[-68.5949,-52.6542],[-68.2258,-53.1025],[-68.3496,-53.0162],[-68.5508,-53.2385],[-68.1114,-53.3438],[-67.9836,-53.6013],[-67.2978,-54.0538],[-65.8548,-54.6447],[-65.1556,-54.6406]]],[[[-73.8374,-52.7009],[-73.982,-52.653],[-73.8722,-52.5501],[-74.1234,-52.7066],[-74.1844,-52.5868],[-73.7252,-52.4047],[-73.8374,-52.7009]]],[[[-74.6726,-52.3905],[-74.9116,-52.2028],[-74.5444,-52.2462],[-74.6726,-52.3905]]],[[[-74.8898,-52.002],[-74.9642,-52.1176],[-75.0714,-51.9821],[-74.8319,-51.8375],[-74.8653,-51.6183],[-74.7629,-51.7829],[-74.8898,-52.002]]],[[[-74.3856,-50.9811],[-74.7255,-51.1051],[-74.681,-51.0082],[-74.9664,-50.9499],[-74.6255,-50.9249],[-74.6605,-50.7277],[-74.3856,-50.9811]]],[[[-75.0406,-50.2895],[-75.2229,-50.4365],[-75.3232,-50.4003],[-75.1949,-50.3025],[-75.4549,-50.3639],[-75.3905,-50.1623],[-75.1793,-50.2558],[-75.1198,-50.1388],[-75.4004,-50.0392],[-74.7997,-50.1254],[-75.0406,-50.2895]]],[[[-75.2154,-49.0146],[-75.6549,-48.9111],[-75.3942,-48.829],[-75.2154,-49.0146]]],[[[-75.1983,-49.7712],[-75.462,-49.3066],[-75.167,-49.5012],[-75.3234,-49.2636],[-75.0924,-49.3703],[-75.0924,-49.1996],[-74.8932,-49.364],[-74.8045,-49.1039],[-74.9547,-49.0071],[-74.8236,-48.9504],[-74.969,-48.9866],[-74.8728,-48.8427],[-75.058,-48.8167],[-74.6966,-48.6799],[-74.6348,-48.8552],[-74.5438,-48.7062],[-74.4458,-49.3023],[-74.6052,-49.7136],[-74.4301,-49.6579],[-74.4742,-49.9445],[-74.7684,-50.0533],[-74.8563,-49.9913],[-74.6805,-49.9284],[-74.9137,-49.9259],[-74.7287,-49.8432],[-74.892,-49.6144],[-74.7083,-49.6384],[-74.887,-49.5346],[-74.6462,-49.3498],[-74.9877,-49.4793],[-75.0099,-49.8985],[-75.1983,-49.7712]]],[[[-74.4991,-48.5832],[-74.6073,-48.6939],[-75.0331,-48.5045],[-74.7172,-48.4535],[-74.7377,-48.1257],[-74.4991,-48.5832]]],[[[-75.1608,-48.2984],[-75.2563,-48.0686],[-74.8045,-48.1745],[-75.0311,-48.4438],[-75.1608,-48.2984]]],[[[-75.1499,-48.6584],[-75.2828,-48.6305],[-75.3179,-48.3489],[-75.5542,-48.3971],[-75.3458,-48.3014],[-75.5438,-48.322],[-75.4339,-48.199],[-75.5511,-48.0558],[-75.3389,-48.0175],[-75.0834,-48.5077],[-75.1499,-48.6584]]],[[[-73.7319,-45.2148],[-74.2501,-45.1096],[-73.8661,-44.9946],[-73.7319,-45.2148]]],[[[-73.9268,-44.6288],[-74.2587,-44.8045],[-74.4138,-44.686],[-73.9268,-44.6288]]],[[[-73.3825,-44.5878],[-73.2412,-44.6393],[-73.1316,-44.5452],[-73.2462,-44.4372],[-73.0362,-44.4848],[-73.002,-44.3613],[-72.9809,-44.5121],[-72.7212,-44.528],[-72.9809,-44.6015],[-72.8376,-44.7101],[-73.257,-44.94],[-73.4076,-44.8224],[-73.2074,-44.8001],[-73.3934,-44.7887],[-73.3825,-44.5878]]],[[[-74.3346,-43.2817],[-74.064,-41.8059],[-73.5649,-41.8049],[-73.3788,-42.2783],[-73.8245,-42.5144],[-73.4919,-42.8186],[-73.7077,-42.8674],[-73.5023,-43.128],[-73.7757,-43.1181],[-73.669,-43.3638],[-73.8475,-43.4235],[-74.3346,-43.2817]]],[[[-74.1597,20.2734],[-74.2674,20.0683],[-75.0918,19.8971],[-75.0924,20.0612],[-75.2847,19.8883],[-76.2023,19.9923],[-77.706,19.83],[-77.5864,20.0885],[-77.1134,20.3685],[-77.1954,20.6365],[-78.0655,20.7117],[-78.4879,21.0386],[-78.7446,21.6365],[-79.2089,21.5485],[-80.0032,21.7209],[-80.4844,22.192],[-80.4708,22.0412],[-81.0884,22.0858],[-81.194,22.2816],[-81.2047,22.0603],[-81.8245,22.1889],[-82.164,22.3969],[-81.6516,22.4878],[-81.8775,22.6797],[-82.7599,22.706],[-83.4155,22.1861],[-83.9254,22.1715],[-84.0294,21.9199],[-84.5084,21.7668],[-84.4962,21.9338],[-84.9496,21.8768],[-84.2886,22.0207],[-84.4457,22.205],[-84.2129,22.5831],[-83.2262,23.0019],[-82.2194,23.1942],[-81.5288,23.0472],[-81.1492,23.2124],[-81.2863,23.1305],[-81.1492,23.0349],[-80.6099,23.1582],[-80.4315,22.9499],[-79.793,22.8978],[-79.3418,22.4132],[-78.7081,22.3869],[-77.3472,21.6386],[-77.556,21.9285],[-77.1339,21.6645],[-77.1544,21.5546],[-77.3642,21.6118],[-77.258,21.4764],[-77.0883,21.6062],[-76.8118,21.3975],[-76.8873,21.3074],[-75.704,21.119],[-75.5785,21.0134],[-75.7434,20.8894],[-75.5511,20.8215],[-75.7703,20.8358],[-75.7245,20.6955],[-74.9984,20.7008],[-74.1597,20.2734]]],[[[-180,71.5367],[-178.3948,71.5407],[-177.4434,71.237],[-177.9305,71.0414],[-179.5012,70.9197],[-180,70.992],[-180,71.5367]]],[[[113.5586,22.163],[113.5875,22.1249],[113.5468,22.1054],[113.5586,22.163]]],[[[113.5365,22.2171],[113.5571,22.2025],[113.5247,22.1737],[113.5365,22.2171]]],[[[172.7487,-43.2797],[172.8323,-43.6017],[172.6814,-43.6393],[173.065,-43.6481],[173.0929,-43.8542],[172.9486,-43.7512],[172.9656,-43.9055],[172.4226,-43.8546],[172.6477,-43.7826],[172.4173,-43.7375],[171.346,-44.2786],[171.1738,-44.547],[171.2031,-44.9055],[170.6267,-45.7063],[170.7593,-45.7768],[170.5568,-45.8963],[170.7786,-45.8762],[170.3338,-45.9815],[169.7041,-46.549],[168.3781,-46.6198],[168.2678,-46.5263],[168.3689,-46.4169],[167.8386,-46.3932],[167.59,-46.1596],[166.762,-46.22],[166.6712,-46.1536],[166.9525,-45.944],[166.6161,-46.0881],[166.7439,-45.8609],[166.4748,-45.996],[166.4898,-45.8075],[167.0208,-45.6977],[166.7743,-45.7188],[167.0549,-45.4916],[166.7146,-45.5756],[166.7676,-45.4096],[166.9525,-45.4369],[166.8255,-45.3172],[167.2057,-45.4786],[167.0475,-45.3271],[167.3088,-45.3134],[167.0121,-45.1329],[167.1707,-45.1847],[167.0549,-45.1017],[167.2747,-45.0944],[167.1515,-45.0076],[167.3357,-45.0372],[167.199,-44.964],[167.3858,-44.8424],[167.5142,-44.9926],[167.4577,-44.7893],[167.5681,-44.882],[167.752,-44.6032],[167.9326,-44.697],[167.8364,-44.5053],[168.3709,-44.0392],[168.8037,-43.9972],[169.7178,-43.5737],[170.8584,-42.8434],[171.2254,-42.4507],[171.4681,-41.7663],[171.8552,-41.6655],[172.0708,-41.4142],[172.1068,-40.8869],[172.8396,-40.5021],[172.9968,-40.5242],[172.6604,-40.6477],[172.8565,-40.8437],[173.0173,-40.7973],[173.1039,-41.3078],[173.992,-40.9],[173.7805,-41.0114],[173.9557,-41.0587],[173.7743,-41.2839],[174.134,-41.1754],[173.8963,-41.1917],[173.9985,-40.9688],[174.3264,-41.0094],[173.9352,-41.2796],[174.3257,-41.2162],[174.0506,-41.4369],[174.2922,-41.7302],[174.2152,-41.8567],[173.2873,-42.9539],[172.7487,-43.2797]]],[[[176.9537,-39.6075],[177.1189,-39.6673],[176.8618,-40.1407],[175.9668,-41.247],[175.2375,-41.6203],[175.1818,-41.4179],[174.8656,-41.4195],[174.8897,-41.2245],[174.6094,-41.2919],[175.1413,-40.6744],[175.1838,-40.1345],[173.7593,-39.3014],[174.594,-38.8186],[174.7098,-38.1048],[174.9426,-38.0973],[174.792,-38.0847],[174.7918,-37.872],[174.9771,-37.7499],[174.8504,-37.7649],[174.7178,-37.4119],[174.8379,-37.299],[174.7064,-37.3478],[174.5583,-37.0628],[174.74,-37.2444],[174.9484,-37.1017],[174.8328,-36.9428],[174.5003,-37.0322],[174.1823,-36.4532],[174.4314,-36.6656],[174.466,-36.3732],[174.271,-36.3377],[174.5249,-36.2415],[174.0752,-36.1681],[173.908,-35.8703],[174.2028,-36.3476],[174.0798,-36.3995],[173.4072,-35.5712],[173.6609,-35.3129],[173.37,-35.5165],[173.3184,-35.3023],[173.0929,-35.2068],[173.1567,-34.945],[172.7028,-34.4118],[173.0793,-34.4117],[172.9075,-34.5414],[173.2666,-35.0077],[173.4441,-34.7963],[173.4588,-34.9812],[174.1279,-35.1365],[174.015,-35.217],[174.1511,-35.3697],[174.353,-35.1994],[174.6068,-35.8435],[174.3599,-35.7133],[174.3527,-35.842],[174.5038,-35.83],[174.8805,-36.3513],[174.7166,-36.4116],[174.8569,-36.6109],[174.7235,-36.6313],[174.8191,-36.8237],[174.6211,-36.7963],[174.6802,-36.9074],[175.241,-36.9423],[175.3672,-37.2072],[175.6095,-37.2516],[175.3543,-36.491],[175.5322,-36.5077],[175.6281,-36.7638],[175.8517,-36.7184],[175.7136,-36.8752],[175.8508,-36.841],[175.9754,-37.4699],[176.1691,-37.6249],[175.9431,-37.5219],[175.9972,-37.6318],[177.131,-38.0217],[177.5568,-37.9138],[177.992,-37.5431],[178.5505,-37.6806],[178.3483,-38.0126],[178.3001,-38.5317],[177.9324,-38.7024],[177.912,-39.256],[177.8521,-39.0893],[177.4133,-39.059],[176.9375,-39.3487],[176.9537,-39.6075]]]]}},{"type":"Feature","properties":{},"geometry":{"type":"MultiPolygon","coordinates":[[[[166.137,-50.8644],[165.9855,-50.9044],[165.9241,-50.8513],[166.137,-50.8644]]],[[[-80.7593,-33.7668],[-80.7408,-33.6852],[-80.7047,-33.7668],[-80.7593,-33.7668]]],[[[128.1589,-15.0903],[128.1868,-15.1902],[128.126,-15.1347],[128.1589,-15.0903]]],[[[128.4162,-14.9562],[128.3582,-14.9563],[128.3538,-14.8692],[128.4162,-14.9562]]],[[[129.5335,-14.7985],[129.5915,-14.9636],[129.502,-14.7985],[129.5335,-14.7985]]],[[[133.4087,-11.5921],[133.4844,-11.602],[133.3602,-11.6603],[133.4087,-11.5921]]],[[[113.3952,-8.447],[113.282,-8.4882],[113.2891,-8.4328],[113.3952,-8.447]]],[[[128.2312,-8.2512],[128.0833,-8.2546],[128.2136,-8.1994],[128.2312,-8.2512]]],[[[129.0296,-8.2068],[129.0062,-8.2636],[128.8345,-8.1998],[129.0296,-8.2068]]],[[[127.7419,-8.1589],[127.7688,-8.2126],[127.604,-8.2068],[127.7419,-8.1589]]],[[[127.2163,-8.027],[127.2249,-8.1086],[127.1521,-8.0969],[127.2163,-8.027]]],[[[131.105,-7.629],[131.0923,-7.6923],[130.9712,-7.7013],[131.105,-7.629]]],[[[130.9686,-7.5346],[130.841,-7.5287],[130.8587,-7.4869],[130.9686,-7.5346]]],[[[131.1748,-7.4042],[131.0803,-7.5037],[130.9893,-7.4732],[131.1748,-7.4042]]],[[[120.9605,-7.282],[121.0669,-7.3025],[120.7923,-7.2795],[120.9605,-7.282]]],[[[138.7534,-6.7783],[138.7163,-6.8647],[138.6185,-6.7291],[138.7534,-6.7783]]],[[[131.5974,-6.6791],[131.6245,-6.7097],[131.551,-6.8015],[131.5974,-6.6791]]],[[[134.6078,-6.4215],[134.5418,-6.5295],[134.3472,-6.3596],[134.6078,-6.4215]]],[[[132.7974,-5.6091],[132.7432,-5.6303],[132.7849,-5.5273],[132.7974,-5.6091]]],[[[123.7771,-5.5136],[123.7933,-5.5891],[123.6912,-5.4728],[123.7771,-5.5136]]],[[[127.2346,-3.8211],[127.2414,-3.9108],[127.1451,-3.885],[127.2346,-3.8211]]],[[[132.7028,-3.4533],[132.7029,-3.5193],[132.6203,-3.4238],[132.7028,-3.4533]]],[[[127.7722,-3.1625],[127.7785,-3.2442],[127.6433,-3.2244],[127.7722,-3.1625]]],[[[127.3711,-1.3674],[127.3788,-1.4055],[127.2842,-1.4254],[127.3711,-1.3674]]],[[[-89.6613,-1.3401],[-89.6433,-1.4016],[-89.7569,-1.3606],[-89.6613,-1.3401]]],[[[-48.339,-1.0665],[-48.3341,-1.205],[-48.4621,-1.1645],[-48.339,-1.0665]]],[[[-48.1949,-0.8194],[-48.2019,-1.0115],[-48.3071,-1.0207],[-48.1949,-0.8194]]],[[[-47.9486,-0.6413],[-47.8871,-0.6691],[-47.9621,-0.7306],[-47.9486,-0.6413]]],[[[-50.8192,-0.6202],[-51.1004,-0.8263],[-51.0663,-0.676],[-50.8192,-0.6202]]],[[[-47.6605,-0.5792],[-47.7015,-0.7096],[-47.7614,-0.5758],[-47.6605,-0.5792]]],[[[-51.1653,-0.1403],[-51.1667,-0.3056],[-51.4051,-0.4596],[-51.1653,-0.1403]]],[[[-50.0908,0.3059],[-50.2205,0.2462],[-50.1133,0.3382],[-50.0908,0.3059]]],[[[-90.5138,0.2835],[-90.5045,0.361],[-90.4079,0.3109],[-90.5138,0.2835]]],[[[-90.7978,0.6535],[-90.7606,0.5537],[-90.8052,0.5716],[-90.7978,0.6535]]],[[[-50.2024,0.7497],[-50.2255,0.8592],[-50.0157,0.8925],[-50.2024,0.7497]]],[[[-50.0626,0.9233],[-50.1003,0.9591],[-49.9264,1.0699],[-50.0626,0.9233]]],[[[128.1936,2.3673],[128.1546,2.2864],[128.1287,2.3583],[128.1936,2.3673]]],[[[120.8607,5.5744],[120.8978,5.4985],[120.8237,5.5336],[120.8607,5.5744]]],[[[121.9024,6.0336],[121.8577,6.0023],[121.7766,6.0774],[121.9024,6.0336]]],[[[-58.3786,6.9721],[-58.3347,6.961],[-58.4605,6.8834],[-58.3786,6.9721]]],[[[-81.1492,7.5612],[-81.0331,7.5754],[-81.2519,7.4904],[-81.1492,7.5612]]],[[[-82.3428,8.26],[-82.3865,8.2129],[-82.4309,8.26],[-82.3428,8.26]]],[[[-61.0165,8.6101],[-61.0416,8.5185],[-61.2704,8.5146],[-61.0165,8.6101]]],[[[106.2107,9.6209],[106.2844,9.5437],[106.0934,9.7609],[106.2107,9.6209]]],[[[106.7241,10.2686],[106.7241,10.2265],[106.5117,10.2959],[106.7241,10.2686]]],[[[124.4658,10.7136],[124.5088,10.6415],[124.4092,10.6483],[124.4658,10.7136]]],[[[125.822,10.7347],[125.7694,10.7004],[125.6873,10.8052],[125.822,10.7347]]],[[[80.9683,15.7952],[80.9426,15.7411],[80.8685,15.812],[80.9683,15.7952]]],[[[111.9627,21.6576],[111.8093,21.5655],[111.8353,21.6439],[111.9627,21.6576]]],[[[-71.508,21.7054],[-71.5906,21.7538],[-71.4809,21.7255],[-71.508,21.7054]]],[[[113.3914,22.0275],[113.3094,22.0241],[113.3827,22.0896],[113.3914,22.0275]]],[[[113.3648,22.1579],[113.2791,22.0747],[113.2717,22.12],[113.3648,22.1579]]],[[[117.0715,23.4731],[117.1288,23.3994],[116.943,23.4301],[117.0715,23.4731]]],[[[-110.3249,24.5159],[-110.348,24.4025],[-110.4157,24.5696],[-110.3249,24.5159]]],[[[-108.8316,25.4264],[-108.8039,25.3746],[-109.0131,25.4469],[-108.8316,25.4264]]],[[[119.3054,26.036],[119.405,25.9779],[119.2092,26.0986],[119.3054,26.036]]],[[[34.0066,27.5095],[34.0311,27.4515],[33.9136,27.5237],[34.0066,27.5095]]],[[[122.2388,30.3131],[122.2023,30.2419],[122.0736,30.2914],[122.2388,30.3131]]],[[[122.3989,30.4565],[122.4231,30.4149],[122.2728,30.436],[122.3989,30.4565]]],[[[121.8377,31.3751],[121.8818,31.3366],[121.8347,31.2925],[121.8377,31.3751]]],[[[119.8807,32.1252],[119.7162,32.2726],[119.8143,32.2756],[119.8807,32.1252]]],[[[133.0742,36.1279],[133.0449,36.0551],[132.9494,36.062],[133.0742,36.1279]]],[[[131.9201,43.0195],[131.757,42.9901],[131.8265,43.0652],[131.9201,43.0195]]],[[[-55.925,47.6775],[-55.9036,47.6071],[-56.11,47.6365],[-55.925,47.6775]]],[[[-128.5328,52.7274],[-128.5021,52.872],[-128.4556,52.789],[-128.5328,52.7274]]],[[[-129.6535,53.1321],[-129.6187,53.0639],[-129.7429,53.1321],[-129.6535,53.1321]]],[[[-130.654,54.1184],[-130.8048,54.1737],[-130.7565,54.2145],[-130.654,54.1184]]],[[[-130.5919,54.7422],[-130.4343,54.7695],[-130.4618,54.7121],[-130.5919,54.7422]]],[[[-130.2084,54.8111],[-130.24,54.7305],[-130.3777,54.6982],[-130.2084,54.8111]]],[[[-57.8714,54.8179],[-58.2274,54.8714],[-57.9453,54.9266],[-57.8714,54.8179]]],[[[-134.1793,55.9146],[-134.2584,55.8184],[-134.3472,55.911],[-134.1793,55.9146]]],[[[-60.749,55.9345],[-60.8998,55.8768],[-60.852,55.9619],[-60.749,55.9345]]],[[[-61.4137,56.3734],[-61.597,56.3332],[-61.7974,56.4211],[-61.4137,56.3734]]],[[[-61.2288,56.4553],[-61.6396,56.4969],[-61.4623,56.55],[-61.2288,56.4553]]],[[[-154.0558,56.5303],[-153.8771,56.5651],[-153.9657,56.5046],[-154.0558,56.5303]]],[[[-157.0606,56.5822],[-156.9884,56.5306],[-157.3312,56.5242],[-157.0606,56.5822]]],[[[-61.2157,56.5856],[-61.1649,56.6918],[-61.0575,56.634],[-61.2157,56.5856]]],[[[-61.6298,56.8463],[-61.3387,56.935],[-61.5847,56.7717],[-61.3844,56.7722],[-61.3884,56.6232],[-61.6298,56.8463]]],[[[-61.9004,57.7643],[-61.8004,57.8449],[-61.6541,57.79],[-61.9004,57.7643]]],[[[-150.7042,59.3955],[-150.6086,59.3812],[-150.7618,59.3168],[-150.7042,59.3955]]],[[[-153.5245,59.3303],[-153.4768,59.4054],[-153.3574,59.3781],[-153.5245,59.3303]]],[[[-147.8267,60.0528],[-148.0464,59.9571],[-147.8766,60.0764],[-147.8267,60.0528]]],[[[-147.9774,60.3756],[-148.0422,60.2866],[-148.1351,60.2998],[-147.9774,60.3756]]],[[[-145.7572,60.6287],[-146.0631,60.4883],[-146.3326,60.4649],[-145.7572,60.6287]]],[[[-148.1687,60.6629],[-148.217,60.7591],[-148.1112,60.7381],[-148.1687,60.6629]]],[[[-162.3408,63.6025],[-162.3594,63.5462],[-162.7176,63.5752],[-162.3408,63.6025]]],[[[-172.2431,64.8159],[-172.0434,64.7512],[-172.6332,64.6844],[-172.2431,64.8159]]],[[[-107.4167,67.1187],[-107.5436,67.0884],[-107.6242,67.2045],[-107.4167,67.1187]]],[[[-108.2869,67.5358],[-108.3825,67.4675],[-108.4992,67.5358],[-108.2869,67.5358]]],[[[-97.4317,67.7077],[-97.3353,67.6798],[-97.5512,67.6453],[-97.4317,67.7077]]],[[[-108.0535,67.9548],[-108.0922,67.8847],[-108.2589,67.8927],[-108.0535,67.9548]]],[[[-110.0614,68.0981],[-109.8758,68.1323],[-110.2594,68.0429],[-110.0614,68.0981]]],[[[-111.6579,68.3042],[-111.5002,68.3042],[-111.7687,68.2299],[-111.6579,68.3042]]],[[[51.2996,68.4954],[51.4983,68.4886],[50.7925,68.3793],[51.2996,68.4954]]],[[[-110.836,68.5507],[-110.6989,68.4886],[-111.0952,68.48],[-110.836,68.5507]]],[[[-101.5294,69.1881],[-101.7014,69.0987],[-101.6891,69.2112],[-101.5294,69.1881]]],[[[-135.5668,69.3861],[-135.2726,69.3488],[-135.3076,69.3091],[-135.5668,69.3861]]],[[[-96.5549,69.4792],[-96.7402,69.5854],[-96.1013,69.4673],[-96.1431,69.3525],[-96.5549,69.4792]]],[[[-133.9294,69.5779],[-133.9014,69.6269],[-133.8127,69.6058],[-133.9294,69.5779]]],[[[-135.5742,69.5779],[-135.511,69.6484],[-135.4029,69.6542],[-135.5742,69.5779]]],[[[-163.1854,69.6103],[-163.1291,69.6815],[-163.1763,69.4822],[-163.1854,69.6103]]],[[[-141.4231,69.7219],[-141.3851,69.6945],[-141.8984,69.8249],[-141.4231,69.7219]]],[[[-163.0558,69.8045],[-162.8411,69.9348],[-163.1291,69.702],[-163.0558,69.8045]]],[[[-97.4658,69.9006],[-97.3884,69.9624],[-97.2262,69.8795],[-97.4658,69.9006]]],[[[-162.7018,70.0223],[-162.5565,70.0903],[-162.8063,69.9484],[-162.7018,70.0223]]],[[[-162.4845,70.1732],[-162.1627,70.2699],[-162.5599,70.106],[-162.4845,70.1732]]],[[[-161.5511,70.326],[-161.9771,70.3122],[-161.8881,70.3539],[-161.5511,70.326]]],[[[-111.9527,70.3251],[-111.6715,70.3122],[-112.3226,70.3562],[-111.9527,70.3251]]],[[[-148.8197,70.4698],[-149.3132,70.5449],[-149.2363,70.5533],[-148.8197,70.4698]]],[[[-128.2346,70.661],[-128.0837,70.6132],[-128.3445,70.5449],[-128.2346,70.661]]],[[[127.4048,73.5186],[127.6909,73.5429],[128.0633,73.4914],[127.4048,73.5186]]],[[[86.8923,73.6967],[86.7839,73.6082],[86.3989,73.5944],[86.8923,73.6967]]],[[[97.1581,76.0883],[97.3348,76.1087],[96.6986,75.9958],[97.1581,76.0883]]],[[[95.1774,76.1708],[95.006,76.1777],[95.1016,76.2254],[95.1774,76.1708]]],[[[94.9992,76.2733],[94.8489,76.1861],[94.4102,76.2124],[94.9992,76.2733]]],[[[96.5749,76.3415],[96.7669,76.3353],[96.3833,76.3353],[96.5749,76.3415]]],[[[94.1631,76.596],[94.3623,76.5749],[93.8683,76.5886],[94.1631,76.596]]],[[[93.8684,78.1471],[93.5929,78.1724],[93.7927,78.203],[93.8684,78.1471]]],[[[92.4568,79.1104],[92.7244,79.0768],[92.1756,79.1308],[92.4568,79.1104]]],[[[92.9906,79.4195],[92.7918,79.3832],[92.5872,79.4151],[92.9906,79.4195]]],[[[94.3276,80.029],[93.9299,79.9744],[93.9844,80.0154],[94.3276,80.029]]],[[[163.6143,-74.8434],[163.6952,-74.8923],[163.6265,-74.9138],[163.6143,-74.8434]]],[[[163.3402,-70.374],[163.4553,-70.3391],[163.5667,-70.3639],[163.3402,-70.374]]],[[[-63.9766,10.8092],[-63.9092,10.7355],[-64.0045,10.7757],[-63.9766,10.8092]]],[[[-64.6072,11.8991],[-64.5629,11.8166],[-64.6488,11.8303],[-64.6072,11.8991]]],[[[-68.6641,18.1693],[-68.5718,18.1079],[-68.7869,18.1967],[-68.6641,18.1693]]],[[[-74.9001,23.7065],[-74.7772,23.6997],[-74.8367,23.6508],[-74.9001,23.7065]]],[[[-86.6938,30.4081],[-86.5218,30.4013],[-87.2965,30.3323],[-86.6938,30.4081]]],[[[-123.7213,49.1608],[-123.7767,49.1333],[-123.8698,49.1905],[-123.7213,49.1608]]],[[[-124.2322,49.4993],[-124.1862,49.447],[-124.3791,49.5073],[-124.2322,49.4993]]],[[[-124.7087,49.497],[-124.8254,49.5401],[-124.836,49.5977],[-124.7087,49.497]]],[[[-124.1095,49.678],[-124.2051,49.7053],[-124.0201,49.781],[-124.1095,49.678]]],[[[-124.891,50.1925],[-124.9171,50.3035],[-124.7538,50.1683],[-124.891,50.1925]]],[[[-124.8026,50.2286],[-124.7251,50.3045],[-124.6507,50.2244],[-124.8026,50.2286]]],[[[-125.5023,50.4138],[-125.7834,50.3974],[-125.5469,50.4434],[-125.5023,50.4138]]],[[[-125.368,50.4611],[-125.3924,50.3674],[-125.5448,50.3778],[-125.368,50.4611]]],[[[-125.7491,50.4218],[-125.9654,50.4382],[-125.8058,50.475],[-125.7491,50.4218]]],[[[-126.4038,50.6298],[-126.4256,50.5886],[-126.5585,50.6032],[-126.4038,50.6298]]],[[[-126.8593,50.6457],[-127.1504,50.64],[-127.1075,50.6711],[-126.8593,50.6457]]],[[[-126.7821,50.7747],[-126.9051,50.8293],[-126.5624,50.8021],[-126.7821,50.7747]]],[[[-44.351,59.9845],[-44.4947,60.0112],[-44.4429,60.1379],[-44.2037,60.0532],[-44.351,59.9845]]],[[[-48.1611,61.0571],[-48.3731,61.0812],[-48.0441,61.0676],[-48.1611,61.0571]]],[[[-48.6887,61.3693],[-48.5155,61.3366],[-48.833,61.3413],[-48.6887,61.3693]]],[[[-65.7033,61.7932],[-65.9464,61.8011],[-65.7915,61.8725],[-65.7033,61.7932]]],[[[-77.8539,62.5883],[-77.8606,62.5505],[-78.1134,62.5747],[-77.8539,62.5883]]],[[[-64.9669,62.5337],[-65.1416,62.5541],[-64.8406,62.5821],[-64.9669,62.5337]]],[[[-52.0668,64.1649],[-51.8817,64.1675],[-52.0447,64.1049],[-52.0668,64.1649]]],[[[-73.5296,64.5041],[-73.6542,64.3232],[-73.578,64.4931],[-73.6842,64.5248],[-73.5296,64.5041]]],[[[-62.2572,65.7482],[-62.1344,65.6545],[-62.4857,65.7237],[-62.2572,65.7482]]],[[[-83.5034,65.8097],[-83.5447,65.8711],[-83.2912,65.8469],[-83.5034,65.8097]]],[[[-82.0814,68.3073],[-82.3489,68.3651],[-82.0001,68.3514],[-82.0814,68.3073]]],[[[-74.3688,68.3892],[-74.0807,68.3327],[-74.2217,68.2496],[-74.3688,68.3892]]],[[[-78.6142,68.5063],[-78.9706,68.4749],[-78.6689,68.5848],[-78.8863,68.6589],[-78.4634,68.6195],[-78.7242,68.5233],[-78.6142,68.5063]]],[[[-74.8448,68.5786],[-74.7926,68.6757],[-74.5171,68.5643],[-74.8448,68.5786]]],[[[-68.0061,68.7703],[-67.6634,68.7014],[-68.4586,68.7936],[-68.0061,68.7703]]],[[[-67.4443,69.5921],[-67.3078,69.5581],[-67.7528,69.5233],[-67.4443,69.5921]]],[[[-96.9177,72.7378],[-97.014,72.7788],[-96.7594,72.8962],[-96.6483,72.8009],[-96.9177,72.7378]]],[[[-77.5727,77.8566],[-77.8526,77.7792],[-77.9563,77.8361],[-77.5727,77.8566]]],[[[-88.0574,78.4525],[-88.2083,78.2818],[-88.4056,78.259],[-88.0574,78.4525]]],[[[50.1755,-46.0647],[50.2681,-46.0437],[50.2922,-46.116],[50.1755,-46.0647]]],[[[-9.9264,-40.3488],[-9.9252,-40.3979],[-10.0394,-40.3318],[-9.9264,-40.3488]]],[[[-12.3074,-37.0701],[-12.1913,-37.0905],[-12.2766,-37.1492],[-12.3074,-37.0701]]],[[[-47.5172,-24.7009],[-47.9001,-25.0368],[-47.8319,-24.9133],[-47.5172,-24.7009]]],[[[-46.328,-23.9264],[-46.2919,-23.9909],[-46.4204,-23.9474],[-46.328,-23.9264]]],[[[35.4696,-21.5491],[35.4907,-21.6419],[35.4349,-21.7829],[35.4696,-21.5491]]],[[[11.7258,-16.6184],[11.6694,-16.5572],[11.702,-16.5004],[11.7258,-16.6184]]],[[[46.4955,-9.3576],[46.2998,-9.4493],[46.2074,-9.3855],[46.4955,-9.3576]]],[[[7.541,4.4844],[7.4492,4.4366],[7.3369,4.4601],[7.541,4.4844]]],[[[-15.9738,11.1592],[-16.0171,11.0687],[-16.057,11.1636],[-15.9738,11.1592]]],[[[-15.8571,11.3027],[-15.8258,11.2927],[-15.8713,11.2003],[-15.8571,11.3027]]],[[[-16.173,11.2208],[-16.2816,11.2426],[-16.2065,11.3101],[-16.173,11.2208]]],[[[-16.2549,11.4473],[-16.2367,11.508],[-16.1655,11.5156],[-16.2549,11.4473]]],[[[-16.2755,11.4955],[-16.4263,11.5292],[-16.248,11.5838],[-16.2755,11.4955]]],[[[-24.7043,14.9008],[-24.718,14.8039],[-24.7589,14.8666],[-24.7043,14.9008]]],[[[26.9761,35.4313],[27.0071,35.3978],[26.8484,35.3724],[26.9761,35.4313]]],[[[27.3968,36.4387],[27.3779,36.382],[27.297,36.4652],[27.3968,36.4387]]],[[[23.5872,37.3709],[23.3743,37.3027],[23.4636,37.3573],[23.5872,37.3709]]],[[[23.5462,37.7744],[23.4841,37.6789],[23.4245,37.7618],[23.5462,37.7744]]],[[[-27.9835,39.0151],[-28.0548,39.0977],[-27.9422,39.053],[-27.9835,39.0151]]],[[[8.3058,39.1933],[8.2547,39.1071],[8.23,39.1728],[8.3058,39.1933]]],[[[27.6576,40.6531],[27.6047,40.5768],[27.5264,40.6391],[27.6576,40.6531]]],[[[16.2412,43.072],[16.0872,43.0115],[16.0488,43.0652],[16.2412,43.072]]],[[[16.3914,43.3464],[16.2005,43.407],[16.277,43.4119],[16.3914,43.3464]]],[[[14.4456,44.566],[14.5344,44.4841],[14.3358,44.7168],[14.4456,44.566]]],[[[-1.2814,46.1562],[-1.5558,46.2518],[-1.3081,46.2069],[-1.2814,46.1562]]],[[[-2.2001,46.9854],[-2.1591,46.9165],[-2.2956,47.0332],[-2.2001,46.9854]]],[[[-3.1147,47.3315],[-3.2235,47.3122],[-3.2621,47.3832],[-3.1147,47.3315]]],[[[0.9115,51.4122],[0.9115,51.3644],[0.7339,51.4122],[0.9115,51.4122]]],[[[-178.7865,51.8299],[-178.8083,51.7473],[-178.8589,51.7957],[-178.7865,51.8299]]],[[[-170.1044,52.7827],[-170.0634,52.7343],[-170.1944,52.7274],[-170.1044,52.7827]]],[[[-5.0298,55.7495],[-5.1995,55.9111],[-5.0809,55.8796],[-5.0298,55.7495]]],[[[-7.2636,57.4831],[-7.2054,57.4186],[-7.4076,57.4456],[-7.2636,57.4831]]],[[[-6.0644,57.3466],[-5.9933,57.507],[-5.9895,57.3473],[-6.0644,57.3466]]],[[[-3.0048,59.128],[-3.1204,59.1766],[-2.953,59.1832],[-3.0048,59.128]]],[[[-43.3772,59.9914],[-43.515,59.9094],[-43.4693,60.0268],[-43.3772,59.9914]]],[[[18.5501,60.3271],[18.4022,60.3698],[18.3788,60.5078],[18.5501,60.3271]]],[[[4.9778,60.5243],[5.2044,60.4318],[5.125,60.4024],[4.9778,60.5243]]],[[[-42.7748,60.9025],[-42.6243,60.8957],[-42.9526,60.8758],[-42.7748,60.9025]]],[[[6.263,62.4238],[6.165,62.3966],[6.0234,62.4374],[6.263,62.4238]]],[[[-42.3021,62.5747],[-42.1601,62.5802],[-42.1234,62.4996],[-42.3021,62.5747]]],[[[6.8528,62.7459],[6.9141,62.6982],[6.6467,62.6783],[6.8528,62.7459]]],[[[-41.5858,63.0104],[-41.4518,62.9731],[-41.5825,62.8754],[-41.5858,63.0104]]],[[[7.7782,63.0817],[7.9147,63.0817],[7.6813,63.0551],[7.7782,63.0817]]],[[[-41.5275,63.0817],[-41.404,63.1165],[-41.3084,63.0755],[-41.5275,63.0817]]],[[[-41.2121,63.1575],[-41.3521,63.1259],[-41.462,63.195],[-41.2121,63.1575]]],[[[12.2249,65.1238],[11.979,65.0828],[12.1672,65.2111],[12.2249,65.1238]]],[[[-39.5472,65.3193],[-39.8034,65.3346],[-39.7528,65.3769],[-39.5472,65.3193]]],[[[-52.9376,65.6588],[-53.0371,65.5433],[-53.2308,65.6022],[-52.9376,65.6588]]],[[[-36.23,65.9196],[-36.2196,65.8587],[-36.3807,65.837],[-36.23,65.9196]]],[[[14.2737,67.1658],[14.1922,67.0036],[13.993,67.0777],[14.2737,67.1658]]],[[[-29.7127,68.2217],[-29.8673,68.143],[-30.0144,68.2143],[-29.7127,68.2217]]],[[[-51.9569,68.6357],[-51.8068,68.6257],[-52.4237,68.5906],[-51.9569,68.6357]]],[[[17.2064,68.8933],[17.4404,68.8659],[17.2236,68.793],[17.0835,68.9138],[17.2064,68.8933]]],[[[20.9588,70.0031],[21.0994,70.0105],[20.7605,69.9997],[20.9588,70.0031]]],[[[-51.6631,70.723],[-51.5051,70.6746],[-51.8613,70.723],[-51.6631,70.723]]],[[[-56.0311,73.5705],[-55.4725,73.4299],[-55.7537,73.3951],[-55.6643,73.4844],[-56.0311,73.5705]]],[[[119.723,-8.6212],[119.6152,-8.7775],[119.6345,-8.5966],[119.723,-8.6212]]],[[[109.0193,-7.7581],[108.8153,-7.7377],[108.797,-7.7016],[109.0193,-7.7581]]],[[[103.8186,0.8862],[103.8982,0.8533],[103.9414,0.7757],[103.8186,0.8862]]],[[[103.9421,0.9961],[103.9216,0.9346],[103.8389,1.003],[103.9421,0.9961]]],[[[98.5552,1.682],[98.5811,1.6268],[98.4317,1.6615],[98.5552,1.682]]],[[[97.1511,2.0581],[97.1023,2.0161],[97.069,2.0871],[97.1511,2.0581]]],[[[118.5996,2.2443],[118.6543,2.1823],[118.6226,2.2861],[118.5996,2.2443]]],[[[109.1087,2.5317],[109.0267,2.4858],[108.9681,2.5436],[109.1087,2.5317]]],[[[117.5036,3.3336],[117.5275,3.2908],[117.417,3.2887],[117.5036,3.3336]]],[[[106.2708,3.361],[106.2791,3.2306],[106.2305,3.258],[106.2708,3.361]]],[[[117.8939,3.4975],[117.8262,3.4941],[117.7849,3.582],[117.8939,3.4975]]],[[[117.5173,3.477],[117.218,3.5603],[117.3937,3.5664],[117.5173,3.477]]],[[[117.8462,3.7991],[117.7295,3.8681],[117.8074,3.8561],[117.8462,3.7991]]],[[[118.7262,4.4919],[118.6748,4.4366],[118.6441,4.4953],[118.7262,4.4919]]],[[[118.5103,4.6489],[118.5352,4.6013],[118.3464,4.6762],[118.5103,4.6489]]],[[[115.2485,5.3655],[115.2593,5.2912],[115.1592,5.2522],[115.2485,5.3655]]],[[[95.1152,5.7115],[95.0607,5.6562],[95.0147,5.7446],[95.1152,5.7115]]],[[[99.7863,6.2418],[99.837,6.2942],[99.817,6.1765],[99.7863,6.2418]]],[[[117.4688,6.7667],[117.5066,6.6735],[117.3469,6.655],[117.4688,6.7667]]],[[[117.0026,7.3557],[117.01,7.28],[116.8518,7.1981],[117.0026,7.3557]]],[[[99.1243,7.6574],[99.1087,7.5942],[99.0446,7.6634],[99.1243,7.6574]]],[[[81.7388,7.6605],[81.8063,7.5986],[81.8078,7.4792],[81.7388,7.6605]]],[[[-156.5618,20.598],[-156.5446,20.5132],[-156.7006,20.5254],[-156.5618,20.598]]],[[[110.617,21.1915],[110.5432,21.105],[110.4177,21.1785],[110.617,21.1915]]],[[[88.8729,21.5955],[88.908,21.5307],[88.8387,21.5319],[88.8729,21.5955]]],[[[89.1157,21.7812],[89.0515,21.7932],[89.0457,21.9171],[89.1157,21.7812]]],[[[88.6362,21.9214],[88.6463,21.7879],[88.585,21.8266],[88.6362,21.9214]]],[[[90.5241,23.3223],[90.4297,23.3852],[90.5394,23.35],[90.5241,23.3223]]],[[[126.8101,26.3519],[126.7889,26.3035],[126.6978,26.369],[126.8101,26.3519]]],[[[128.7007,27.4548],[128.6131,27.3643],[128.5269,27.3719],[128.7007,27.4548]]],[[[130.0303,28.3735],[129.9955,28.2909],[129.9136,28.2971],[130.0303,28.3735]]],[[[121.9575,29.1195],[121.8887,29.0723],[121.8682,29.1474],[121.9575,29.1195]]],[[[121.8818,30.0764],[121.9105,30.0241],[121.8601,29.9781],[121.8818,30.0764]]],[[[130.1531,32.2038],[130.1941,32.1764],[130.1493,32.1105],[130.1531,32.2038]]],[[[139.4871,34.0608],[139.5234,34.1124],[139.575,34.09],[139.4871,34.0608]]],[[[132.9995,34.2084],[133.03,34.2953],[133.0518,34.2223],[132.9995,34.2084]]],[[[127.173,34.4837],[127.2419,34.4455],[127.1174,34.4376],[127.173,34.4837]]],[[[146.1751,43.5382],[146.1519,43.4628],[146.0794,43.5176],[146.1751,43.5382]]],[[[32.9893,46.0426],[33.0401,46.0122],[32.6194,46.06],[32.9893,46.0426]]],[[[152.5034,47.3832],[152.5244,47.2986],[152.4132,47.3407],[152.5034,47.3832]]],[[[153.2884,48.0775],[153.2333,48.0398],[153.1646,48.1214],[153.2884,48.0775]]],[[[154.563,49.1572],[154.5117,49.0802],[154.4395,49.1572],[154.563,49.1572]]],[[[154.4476,49.817],[154.4913,49.7833],[154.4119,49.7331],[154.4476,49.817]]],[[[-164.9725,54.1252],[-164.976,54.0758],[-165.2258,54.0911],[-164.9725,54.1252]]],[[[137.8218,54.4578],[137.918,54.5094],[137.7151,54.3672],[137.8218,54.4578]]],[[[137.6226,54.5708],[137.6411,54.4005],[137.5681,54.3966],[137.6226,54.5708]]],[[[-161.7307,55.1605],[-161.7512,55.0581],[-161.9082,55.1435],[-161.7307,55.1605]]],[[[-160.1479,55.3864],[-160.3465,55.4175],[-160.1711,55.4538],[-160.1479,55.3864]]],[[[23.364,59.029],[23.2991,58.9709],[23.1141,59.0218],[23.364,59.029]]],[[[59.242,69.1776],[58.7621,69.3389],[59.1507,69.2546],[59.242,69.1776]]],[[[34.0301,69.3935],[34.4069,69.3525],[34.0266,69.3539],[34.0301,69.3935]]],[[[20.7029,69.8888],[20.7067,69.8173],[20.5267,69.8211],[20.7029,69.8888]]],[[[18.6668,70.0276],[18.7214,70.116],[18.9756,70.0736],[18.6668,70.0276]]],[[[21.7381,70.3782],[21.7937,70.3234],[21.7031,70.2618],[21.7381,70.3782]]],[[[57.1174,70.5585],[57.2217,70.5261],[56.843,70.6064],[57.1174,70.5585]]],[[[84.3552,74.0189],[84.3342,73.9555],[83.8845,74.0189],[84.3552,74.0189]]],[[[85.5389,74.5744],[85.6307,74.5113],[85.1481,74.5372],[85.5389,74.5744]]],[[[86.0785,74.5552],[86.2072,74.5124],[85.6585,74.4714],[86.0785,74.5552]]],[[[79.6141,74.6018],[79.49,74.5169],[79.1487,74.6079],[79.6141,74.6018]]],[[[82.1095,75.889],[82.259,75.876],[81.5539,75.9306],[82.1095,75.889]]],[[[113.2925,76.3632],[113.1177,76.3769],[113.4466,76.3695],[113.2925,76.3632]]],[[[25.4784,76.7121],[25.5808,76.6984],[24.9434,76.4451],[25.4784,76.7121]]],[[[95.6502,76.6779],[95.8347,76.6916],[95.417,76.7053],[95.6502,76.6779]]],[[[105.7849,77.2806],[106.0115,77.2874],[105.8618,77.2549],[105.7849,77.2806]]],[[[106.3612,77.3219],[106.4566,77.3216],[106.3904,77.3048],[106.3612,77.3219]]],[[[24.1693,80.4461],[24.3816,80.3915],[24.1672,80.3834],[24.1693,80.4461]]],[[[24.2922,80.4883],[23.9776,80.4946],[24.1748,80.5116],[24.2922,80.4883]]],[[[19.907,80.4883],[19.9588,80.5403],[20.1336,80.515],[19.907,80.4883]]],[[[20.7575,80.6249],[20.4961,80.6596],[20.7915,80.6596],[20.7575,80.6249]]],[[[21.1745,80.6596],[21.0243,80.6938],[21.367,80.6801],[21.1745,80.6596]]],[[[20.6333,80.7348],[20.5178,80.7695],[21.0032,80.7143],[20.6333,80.7348]]],[[[178.839,-49.6292],[178.8221,-49.7198],[178.719,-49.7001],[178.839,-49.6292]]],[[[145.0137,-40.6682],[144.8728,-40.716],[144.9305,-40.6153],[145.0137,-40.6682]]],[[[144.9007,-40.4695],[144.8312,-40.428],[144.9605,-40.3979],[144.9007,-40.4695]]],[[[136.1736,-35.0113],[136.1621,-35.0655],[136.0861,-34.9482],[136.1736,-35.0113]]],[[[113.0557,-25.2628],[113.0791,-25.0624],[113.1177,-25.0095],[113.0557,-25.2628]]],[[[146.8602,-19.116],[146.8201,-19.1751],[146.7803,-19.132],[146.8602,-19.116]]],[[[136.6704,-15.6632],[136.6636,-15.7786],[136.6157,-15.714],[136.6704,-15.6632]]],[[[136.8006,-15.642],[136.7318,-15.7444],[136.7318,-15.6489],[136.8006,-15.642]]],[[[136.1359,-13.4348],[136.2031,-13.4612],[136.143,-13.5604],[136.1359,-13.4348]]],[[[136.2902,-11.9757],[136.2693,-12.039],[136.1292,-12.0576],[136.2902,-11.9757]]],[[[135.9559,-11.7072],[135.9809,-11.6614],[136.0552,-11.65],[135.9559,-11.7072]]],[[[132.6198,-11.6467],[132.5838,-11.7201],[132.5088,-11.6496],[132.6198,-11.6467]]],[[[153.1851,-11.2774],[153.1045,-11.1855],[153.2539,-11.2426],[153.1851,-11.2774]]],[[[152.8083,-10.6325],[152.7537,-10.7082],[152.5408,-10.6257],[152.8083,-10.6325]]],[[[151.0747,-10.6057],[150.9245,-10.6803],[150.9341,-10.5999],[151.0747,-10.6057]]],[[[161.9778,-9.851],[161.9285,-9.7201],[161.9778,-9.6866],[161.9778,-9.851]]],[[[157.1252,-8.2751],[157.0226,-8.1928],[157.1008,-8.2035],[157.1252,-8.2751]]],[[[157.2077,-8.2888],[157.0978,-8.1589],[157.1873,-8.1857],[157.2077,-8.2888]]],[[[155.5703,-7.3229],[155.5974,-7.3829],[155.508,-7.3757],[155.5703,-7.3229]]],[[[156.1184,-6.9182],[156.0427,-6.9804],[156.0768,-6.8152],[156.1184,-6.9182]]],[[[148.1004,-5.3766],[148.1465,-5.4196],[148.1209,-5.4653],[148.1004,-5.3766]]],[[[147.6069,-5.2872],[147.6478,-5.3212],[147.6001,-5.3629],[147.6069,-5.2872]]],[[[149.5193,-4.6435],[149.5602,-4.718],[149.4546,-4.6925],[149.5193,-4.6435]]],[[[145.0789,-4.0471],[145.1001,-4.1163],[145.0383,-4.1228],[145.0789,-4.0471]]],[[[131.4448,-4.0367],[131.4006,-4.0471],[131.3696,-3.9622],[131.4448,-4.0367]]],[[[123.1773,-3.574],[123.1199,-3.6292],[123.061,-3.5709],[123.1773,-3.574]]],[[[150.9922,-2.9577],[150.7698,-2.9796],[150.8823,-2.903],[150.9922,-2.9577]]],[[[107.0992,-2.8591],[107.0838,-2.9098],[107.0171,-2.8802],[107.0992,-2.8591]]],[[[134.5812,-2.4164],[134.5215,-2.4067],[134.5669,-2.2929],[134.5812,-2.4164]]],[[[134.2358,-1.7385],[134.1751,-1.9435],[134.169,-1.8298],[134.2358,-1.7385]]],[[[135.2857,-1.4767],[135.2754,-1.5222],[135.0969,-1.5086],[135.2857,-1.4767]]],[[[127.69,-1.2138],[127.4607,-1.2358],[127.5472,-1.1711],[127.69,-1.2138]]],[[[129.9544,-1.1627],[129.8592,-1.2332],[129.7439,-1.1999],[129.9544,-1.1627]]],[[[122.0296,-0.3321],[122.0266,-0.4069],[121.8608,-0.3779],[122.0296,-0.3321]]],[[[122.3692,-0.2638],[122.376,-0.3464],[122.2258,-0.1994],[122.3692,-0.2638]]],[[[121.5746,-0.1825],[121.5974,-0.1247],[121.6497,-0.1474],[121.5746,-0.1825]]],[[[104.4971,0.0713],[104.4114,0.0917],[104.4139,0.1758],[104.4971,0.0713]]],[[[127.3987,0.3796],[127.3582,0.2835],[127.3371,0.3488],[127.3987,0.3796]]],[[[104.284,0.7082],[104.1958,0.78],[104.273,0.7965],[104.284,0.7082]]],[[[125.2951,1.5517],[125.2671,1.4138],[125.1853,1.3907],[125.2951,1.5517]]],[[[125.4321,2.3877],[125.4526,2.3331],[125.3923,2.3257],[125.4321,2.3877]]],[[[120.5881,6.3808],[120.5773,6.2515],[120.4946,6.2493],[120.5881,6.3808]]],[[[118.5376,7.0063],[118.5031,6.9714],[118.4273,7.0182],[118.5376,7.0063]]],[[[122.2354,14.7978],[122.2422,14.7363],[122.1057,14.8439],[122.2354,14.7978]]],[[[121.3884,18.903],[121.4314,18.8561],[121.2791,18.862],[121.3884,18.903]]],[[[121.9773,19.5774],[121.978,19.4988],[121.8982,19.5368],[121.9773,19.5774]]],[[[-79.8414,53.1457],[-79.8066,53.0974],[-79.9298,53.0944],[-79.8414,53.1457]]],[[[-79.9028,56.8941],[-79.795,56.9516],[-79.7309,56.8019],[-79.9028,56.8941]]],[[[-21.3815,77.8643],[-21.333,77.9459],[-21.0864,77.9845],[-21.3815,77.8643]]],[[[-19.4451,78.2],[-19.6464,78.3508],[-19.4416,78.2928],[-19.4451,78.2]]],[[[-67.7122,-79.1368],[-67.6025,-79.1367],[-68.2259,-79.1681],[-67.7122,-79.1368]]],[[[-75.5884,-78.7579],[-75.3937,-78.741],[-75.5124,-78.8668],[-75.5884,-78.7579]]],[[[-71.7965,-73.2198],[-71.9874,-73.2584],[-72.0962,-73.2145],[-71.7965,-73.2198]]],[[[-98.1308,-72.6923],[-97.7487,-72.6833],[-97.9412,-72.725],[-98.1308,-72.6923]]],[[[-60.7751,-72.5624],[-60.9689,-72.592],[-60.9093,-72.5411],[-60.7751,-72.5624]]],[[[-70.5503,-72.2219],[-70.4176,-72.2384],[-70.6536,-72.2507],[-70.5503,-72.2219]]],[[[-60.2585,-72.204],[-60.1066,-72.2241],[-60.1814,-72.2558],[-60.2585,-72.204]]],[[[-70.7689,-70.3035],[-70.6324,-70.255],[-70.6671,-70.3268],[-70.7689,-70.3035]]],[[[-67.0831,-67.8327],[-67.2464,-67.894],[-67.3368,-67.8183],[-67.0831,-67.8327]]],[[[-64.9543,-67.6614],[-64.9405,-67.5988],[-64.5637,-67.6204],[-64.9543,-67.6614]]],[[[-66.8105,-67.5235],[-67.1603,-67.5881],[-66.9712,-67.517],[-66.8105,-67.5235]]],[[[-67.5758,-67.2145],[-67.6933,-67.2843],[-67.8102,-67.2634],[-67.5758,-67.2145]]],[[[-65.3178,-65.8659],[-65.2478,-65.8414],[-65.194,-65.8839],[-65.3178,-65.8659]]],[[[-65.527,-65.4729],[-65.66,-65.5115],[-65.7322,-65.4853],[-65.527,-65.4729]]],[[[-62.9215,-64.8771],[-63.1295,-64.8694],[-63.0699,-64.8414],[-62.9215,-64.8771]]],[[[-62.6375,-64.7262],[-62.7643,-64.7096],[-62.6678,-64.6699],[-62.6375,-64.7262]]],[[[-61.6265,-64.3596],[-61.4892,-64.3845],[-61.5658,-64.3956],[-61.6265,-64.3596]]],[[[-56.8495,-64.28],[-56.5825,-64.2351],[-56.8088,-64.3227],[-56.8495,-64.28]]],[[[-61.6591,-64.1716],[-61.7537,-64.1142],[-61.6896,-64.1027],[-61.6591,-64.1716]]],[[[-61.7261,-63.7509],[-61.6138,-63.7636],[-61.6842,-63.8079],[-61.7261,-63.7509]]],[[[-57.5389,-63.6831],[-57.5721,-63.6428],[-57.4021,-63.628],[-57.5389,-63.6831]]],[[[-56.6892,-63.5929],[-56.4679,-63.5657],[-56.648,-63.6233],[-56.6892,-63.5929]]],[[[-56.6986,-63.2062],[-56.566,-63.1629],[-56.5919,-63.2086],[-56.6986,-63.2062]]],[[[-59.7457,-62.545],[-59.9961,-62.4526],[-59.5537,-62.5012],[-59.7457,-62.545]]],[[[-44.5185,-60.7184],[-44.7178,-60.7727],[-44.8473,-60.7155],[-44.5185,-60.7184]]],[[[-27.2529,-59.4583],[-27.1368,-59.4372],[-27.1529,-59.4708],[-27.2529,-59.4583]]],[[[-27.3286,-59.4372],[-27.3121,-59.4728],[-27.4072,-59.4317],[-27.3286,-59.4372]]],[[[-26.6298,-59.006],[-26.4994,-59.0331],[-26.6298,-59.0628],[-26.6298,-59.006]]],[[[-26.4243,-57.8128],[-26.5131,-57.7726],[-26.438,-57.7446],[-26.4243,-57.8128]]],[[[-27.1505,-56.6757],[-27.0924,-56.7065],[-27.2076,-56.7131],[-27.1505,-56.6757]]],[[[-27.6098,-56.2922],[-27.5279,-56.2848],[-27.569,-56.3206],[-27.6098,-56.2922]]],[[[-67.2451,-55.8396],[-67.2241,-55.8976],[-67.4171,-55.8336],[-67.2451,-55.8396]]],[[[-67.6431,-55.4973],[-67.5878,-55.5859],[-67.7386,-55.6169],[-67.6431,-55.4973]]],[[[-69.7145,-55.345],[-69.6373,-55.3884],[-69.8017,-55.4078],[-69.7145,-55.345]]],[[[-66.8553,-55.2712],[-66.9381,-55.3346],[-67.0745,-55.278],[-66.8553,-55.2712]]],[[[-66.869,-55.0241],[-66.8069,-55.1129],[-67.0709,-55.0095],[-66.869,-55.0241]]],[[[-70.4218,-54.846],[-70.5809,-54.8979],[-70.7477,-54.8733],[-70.4218,-54.846]]],[[[-71.9468,-54.7026],[-71.9975,-54.7531],[-72.1043,-54.6448],[-71.9468,-54.7026]]],[[[3.4573,-54.3901],[3.4675,-54.4413],[3.3508,-54.4557],[3.4573,-54.3901]]],[[[-72.3398,-54.3315],[-72.4707,-54.4277],[-72.5417,-54.343],[-72.3398,-54.3315]]],[[[-72.2969,-54.0788],[-72.3015,-54.2514],[-72.5017,-54.2428],[-72.2969,-54.0788]]],[[[-73.1801,-54.072],[-73.1785,-54.1272],[-73.4744,-54.072],[-73.1801,-54.072]]],[[[-73.8245,-53.4721],[-73.6879,-53.5232],[-73.8485,-53.5883],[-73.8245,-53.4721]]],[[[-74.1459,-53.2428],[-74.1161,-53.3074],[-74.2422,-53.311],[-74.1459,-53.2428]]],[[[-73.4334,-52.8654],[-73.4193,-52.9577],[-73.8108,-52.9138],[-73.4334,-52.8654]]],[[[-74.7908,-52.1795],[-74.7939,-52.124],[-74.6018,-52.0641],[-74.7908,-52.1795]]],[[[-73.7077,-52.1869],[-74.0902,-52.01],[-74.0944,-51.927],[-73.7077,-52.1869]]],[[[-73.7897,-51.735],[-73.8388,-51.8126],[-73.9405,-51.6632],[-73.7897,-51.735]]],[[[-74.1971,-51.4267],[-74.2546,-51.2908],[-74.1124,-51.3788],[-74.1971,-51.4267]]],[[[-73.7931,-51.2587],[-73.7937,-51.371],[-73.9206,-51.3036],[-73.7931,-51.2587]]],[[[-74.8653,-51.1215],[-75.0205,-51.1728],[-74.969,-51.1044],[-74.8653,-51.1215]]],[[[-74.4203,-51.1113],[-74.4342,-51.2058],[-74.6052,-51.0803],[-74.4203,-51.1113]]],[[[-74.9815,-50.7978],[-75.0817,-50.6549],[-74.9854,-50.6572],[-74.9815,-50.7978]]],[[[-74.7834,-50.4806],[-74.7367,-50.3718],[-74.5446,-50.3821],[-74.7834,-50.4806]]],[[[-75.5213,-49.3791],[-75.4404,-49.5178],[-75.5443,-49.4529],[-75.5213,-49.3791]]],[[[-74.9032,-49.0768],[-74.9357,-49.2805],[-75.2356,-49.145],[-74.9032,-49.0768]]],[[[-75.085,-48.6373],[-75.1094,-48.8092],[-75.2461,-48.7848],[-75.085,-48.6373]]],[[[-75.0236,-48.6887],[-74.8249,-48.6584],[-74.9883,-48.7405],[-75.0236,-48.6887]]],[[[-75.3389,-48.6242],[-75.297,-48.7271],[-75.6479,-48.7789],[-75.3389,-48.6242]]],[[[-74.0907,-48.4796],[-74.2508,-48.378],[-74.0572,-48.4256],[-74.0907,-48.4796]]],[[[-74.4954,-48.3499],[-74.3141,-48.2809],[-74.2233,-48.4449],[-74.4954,-48.3499]]],[[[-74.4687,-47.075],[-74.3158,-47.0781],[-74.4547,-47.1677],[-74.4687,-47.075]]],[[[-74.0746,-47.0203],[-73.9753,-47.0476],[-74.2265,-47.122],[-74.0746,-47.0203]]],[[[-74.7908,-45.6325],[-74.7751,-45.7053],[-74.8793,-45.6246],[-74.7908,-45.6325]]],[[[-73.8245,-45.3959],[-73.9217,-45.4304],[-74.023,-45.3927],[-73.8245,-45.3959]]],[[[-74.7772,-44.5812],[-74.7478,-44.6656],[-74.8039,-44.6738],[-74.7772,-44.5812]]],[[[-74.036,-44.4985],[-74.1671,-44.4303],[-74.1265,-44.5343],[-74.036,-44.4985]]],[[[-73.745,-43.9535],[-73.6388,-44.0051],[-73.6334,-44.1238],[-73.745,-43.9535]]],[[[-73.6047,-42.5793],[-73.6168,-42.6388],[-73.755,-42.5988],[-73.6047,-42.5793]]],[[[-72.5427,-42.141],[-72.6178,-42.1036],[-72.5597,-42.0517],[-72.5427,-42.141]]],[[[-73.0876,-41.8434],[-73.0669,-41.737],[-73.003,-41.8443],[-73.0876,-41.8434]]],[[[-62.0859,-39.0234],[-62.0402,-39.0055],[-61.9673,-39.047],[-62.0859,-39.0234]]],[[[77.5038,-37.8235],[77.5852,-37.8742],[77.5046,-37.8824],[77.5038,-37.8235]]],[[[63.4762,-19.6778],[63.3664,-19.7672],[63.3323,-19.7364],[63.4762,-19.6778]]],[[[163.6828,-19.7398],[163.6697,-19.7877],[163.6218,-19.6237],[163.6828,-19.7398]]],[[[179.9434,-18.5563],[179.8828,-18.6625],[179.8307,-18.5893],[179.9434,-18.5563]]],[[[177.5607,-16.6769],[177.5803,-16.7284],[177.4297,-16.8344],[177.5607,-16.6769]]],[[[167.1574,-15.539],[167.1948,-15.6075],[167.1095,-15.5875],[167.1574,-15.539]]],[[[166.5752,-13.1544],[166.5296,-13.1699],[166.5205,-13.0649],[166.5752,-13.1544]]],[[[166.5573,-11.2836],[166.4798,-11.2474],[166.5404,-11.2146],[166.5573,-11.2836]]],[[[158.4861,-7.6103],[158.3622,-7.6376],[158.3169,-7.5794],[158.4861,-7.6103]]],[[[158.3652,-7.5483],[158.2686,-7.467],[158.4348,-7.5278],[158.3652,-7.5483]]],[[[157.6116,-7.4042],[157.619,-7.4521],[157.4756,-7.4118],[157.6116,-7.4042]]],[[[157.7762,-7.408],[157.7974,-7.4732],[157.6786,-7.4482],[157.7762,-7.408]]],[[[121.7798,-7.3434],[121.8348,-7.3883],[121.759,-7.4158],[121.7798,-7.3434]]],[[[114.5938,-7.1305],[114.6188,-7.1673],[114.4954,-7.1547],[114.5938,-7.1305]]],[[[123.3657,-1.6731],[123.3782,-1.7128],[123.2803,-1.7858],[123.3657,-1.6731]]],[[[122.1394,-0.3842],[122.0706,-0.398],[122.0767,-0.2691],[122.1394,-0.3842]]],[[[119.4832,4.8509],[119.4566,4.6557],[119.4354,4.9028],[119.4832,4.8509]]],[[[121.0945,10.8958],[121.0872,10.8235],[121.0176,10.8341],[121.0945,10.8958]]],[[[120.2852,11.9302],[120.2679,11.8162],[120.2033,11.9476],[120.2852,11.9302]]],[[[52.2892,12.2008],[52.3885,12.1489],[52.0641,12.2355],[52.2892,12.2008]]],[[[56.0553,17.5598],[56.0956,17.5189],[55.9728,17.4984],[56.0553,17.5598]]],[[[54.1908,24.2272],[54.1126,24.2717],[54.1152,24.3185],[54.1908,24.2272]]],[[[54.0369,26.4884],[53.9028,26.5362],[54.0188,26.5556],[54.0369,26.4884]]],[[[53.3171,26.8],[53.1494,26.8479],[53.3374,26.8287],[53.3171,26.8]]],[[[49.5654,27.3518],[49.6888,27.3177],[49.4562,27.2904],[49.5654,27.3518]]],[[[48.3382,29.4628],[48.3974,29.3875],[48.2692,29.4297],[48.3382,29.4628]]],[[[-73.9952,45.3201],[-74.003,45.2687],[-74.165,45.2697],[-73.9952,45.3201]]],[[[-79.2859,54.9135],[-79.0189,54.9408],[-79.7799,54.7838],[-79.2859,54.9135]]],[[[-77.3121,55.6192],[-77.2113,55.6538],[-77.6479,55.4274],[-77.3121,55.6192]]],[[[-79.0053,56.017],[-78.9364,56.0245],[-79.1424,55.7973],[-79.0053,56.017]]],[[[59.0344,75.9599],[59.2625,75.9654],[58.6932,75.9033],[59.0344,75.9599]]],[[[-149.0187,-77.4801],[-149.2089,-77.4399],[-148.832,-77.4483],[-149.0187,-77.4801]]],[[[-153.0472,-77.24],[-153.1088,-77.2649],[-153.4676,-77.2111],[-153.0472,-77.24]]],[[[-147.2496,-77.1886],[-147.3834,-77.259],[-147.6016,-77.1843],[-147.2496,-77.1886]]],[[[-154.5619,-77.1135],[-154.284,-77.0641],[-154.0358,-77.1301],[-154.5619,-77.1135]]],[[[166.9151,-76.9313],[166.9773,-76.9627],[166.8722,-76.9729],[166.9151,-76.9313]]],[[[162.488,-75.4572],[162.5708,-75.4229],[162.6178,-75.4592],[162.488,-75.4572]]],[[[-117.1685,-74.3564],[-117.3956,-74.3661],[-116.9681,-74.2919],[-117.1685,-74.3564]]],[[[-132.1219,-74.1496],[-132.1747,-74.1731],[-132.3005,-74.1349],[-132.1219,-74.1496]]],[[[5.4656,-70.2553],[5.6546,-70.2257],[5.8259,-70.304],[5.4656,-70.2553]]],[[[161.8119,-70.2415],[161.8677,-70.2175],[161.9204,-70.2407],[161.8119,-70.2415]]],[[[6.2727,-70.1227],[6.4517,-70.137],[6.5365,-70.2072],[6.2727,-70.1227]]],[[[10.988,-70.046],[10.812,-70.0759],[10.5398,-70.0115],[10.988,-70.046]]],[[[72.6399,-69.9957],[72.5607,-70.0903],[72.412,-70.0748],[72.6399,-69.9957]]],[[[47.8757,-67.5645],[47.4113,-67.6218],[47.5588,-67.5209],[47.8757,-67.5645]]],[[[120.665,-66.8966],[120.8664,-66.8868],[120.48,-66.9501],[120.665,-66.8966]]],[[[121.1278,-66.7795],[121.1097,-66.8288],[120.8831,-66.8464],[121.1278,-66.7795]]],[[[97.4055,-66.4035],[97.0105,-66.381],[97.1677,-66.3259],[97.4055,-66.4035]]],[[[100.7977,-65.7773],[101.0256,-65.8126],[100.3997,-65.8547],[100.7977,-65.7773]]],[[[17.7073,58.9934],[17.6392,58.931],[17.6522,59.0715],[17.7073,58.9934]]],[[[5.2897,60.0743],[5.2688,59.9949],[5.1717,60.0495],[5.2897,60.0743]]],[[[5.1203,62.0258],[5.0952,61.9274],[4.9842,62.0095],[5.1203,62.0258]]],[[[40.4549,64.5819],[39.8242,64.6798],[40.1885,64.7082],[40.4549,64.5819]]],[[[11.7617,65.1194],[11.6694,65.0449],[11.5188,65.0546],[11.7617,65.1194]]],[[[17.5471,69.0921],[17.3441,69.0032],[17.4197,69.0792],[17.5471,69.0921]]],[[[67.2173,69.4206],[67.096,69.3658],[66.9386,69.4394],[67.2173,69.4206]]],[[[66.6004,70.9138],[66.4339,70.8271],[66.5996,71.0044],[66.6004,70.9138]]],[[[92.0623,77.6299],[91.9845,77.5872],[91.866,77.6286],[92.0623,77.6299]]],[[[60.1672,80.1685],[60.173,80.1387],[59.8913,80.1754],[60.1672,80.1685]]],[[[54.9875,80.4144],[55.2705,80.4094],[55.1299,80.3743],[54.9875,80.4144]]],[[[59.7372,81.1898],[59.7297,81.1649],[58.9946,81.1982],[59.7372,81.1898]]],[[[58.3689,81.5797],[58.4136,81.6252],[58.7023,81.6126],[58.3689,81.5797]]],[[[-74.4764,-52.3097],[-74.4822,-52.4417],[-74.5364,-52.3687],[-74.4764,-52.3097]]],[[[-73.8151,-51.8641],[-73.7135,-51.996],[-73.9794,-51.8385],[-73.8151,-51.8641]]],[[[-74.359,-51.3379],[-74.3062,-51.4178],[-74.3965,-51.4131],[-74.359,-51.3379]]],[[[-59.7442,-51.329],[-59.5969,-51.3807],[-59.7232,-51.4099],[-59.7442,-51.329]]],[[[-74.9703,-50.2875],[-74.9763,-50.4329],[-75.1716,-50.4622],[-74.9703,-50.2875]]],[[[-74.426,-49.6149],[-74.427,-49.4265],[-74.288,-49.5484],[-74.426,-49.6149]]],[[[-74.6499,-47.7977],[-74.5247,-47.8684],[-74.644,-47.9231],[-74.6499,-47.7977]]],[[[-75.3231,-46.6851],[-75.174,-46.678],[-75.1322,-46.778],[-75.3231,-46.6851]]],[[[-73.0092,-42.6953],[-72.9188,-42.7865],[-72.9565,-42.8078],[-73.0092,-42.6953]]],[[[146.6511,-18.7458],[146.5702,-18.7608],[146.5813,-18.6822],[146.6511,-18.7458]]],[[[39.9095,-16.2758],[39.8785,-16.4169],[39.8213,-16.3174],[39.9095,-16.2758]]],[[[142.7546,-9.3698],[142.7139,-9.4286],[142.6012,-9.3995],[142.7546,-9.3698]]],[[[142.2069,-9.2402],[142.2791,-9.287],[142.1509,-9.2714],[142.2069,-9.2402]]],[[[143.6743,-8.3906],[143.6483,-8.4259],[143.5409,-8.35],[143.6743,-8.3906]]],[[[143.6629,-8.1093],[143.6667,-8.1674],[143.5994,-8.1108],[143.6629,-8.1093]]],[[[143.6756,-8.0538],[143.6904,-8.1002],[143.5642,-8.03],[143.6756,-8.0538]]],[[[39.742,-7.9948],[39.8015,-8.0066],[39.7028,-8.0914],[39.742,-7.9948]]],[[[-34.8528,-7.6974],[-34.8454,-7.8135],[-34.8842,-7.804],[-34.8528,-7.6974]]],[[[115.8909,-7.1071],[115.8377,-7.1972],[115.743,-7.1503],[115.8909,-7.1071]]],[[[151.1885,-4.8915],[151.2068,-4.9475],[151.1195,-4.9257],[151.1885,-4.8915]]],[[[-42.2287,-2.6933],[-42.1058,-2.7727],[-42.2498,-2.7364],[-42.2287,-2.6933]]],[[[-79.8196,-2.4859],[-79.7726,-2.542],[-79.8772,-2.6497],[-79.8196,-2.4859]]],[[[133.5918,-2.4615],[133.563,-2.5129],[133.49,-2.4312],[133.5918,-2.4615]]],[[[-43.8329,-2.4541],[-43.7568,-2.4477],[-43.8092,-2.5128],[-43.8329,-2.4541]]],[[[-49.4795,-1.6554],[-49.424,-1.6968],[-49.5086,-1.7449],[-49.4795,-1.6554]]],[[[128.3674,-0.9884],[128.3303,-1.0202],[128.3062,-0.9433],[128.3674,-0.9884]]],[[[129.9024,-0.4085],[129.8644,-0.4986],[129.8489,-0.4324],[129.9024,-0.4085]]],[[[125.4187,5.4255],[125.4187,5.3685],[125.3342,5.3877],[125.4187,5.4255]]],[[[-61.3903,8.5806],[-61.2637,8.4561],[-61.5401,8.5654],[-61.3903,8.5806]]],[[[98.2884,9.0045],[98.2616,8.8786],[98.2522,8.997],[98.2884,9.0045]]],[[[123.8413,9.6424],[123.8045,9.5603],[123.7263,9.587],[123.8413,9.6424]]],[[[-62.6652,10.3664],[-62.7876,10.4301],[-62.7811,10.4929],[-62.6652,10.3664]]],[[[124.1486,13.1858],[124.0656,13.2108],[124.1787,13.223],[124.1486,13.1858]]],[[[124.0863,13.2604],[124.0254,13.222],[123.9124,13.2886],[124.0863,13.2604]]],[[[123.8903,13.2741],[123.8489,13.3542],[123.9221,13.33],[123.8903,13.2741]]],[[[120.0051,16.2686],[119.9224,16.3038],[119.9841,16.3487],[120.0051,16.2686]]],[[[-89.6642,22.3711],[-89.7457,22.5772],[-89.6102,22.4611],[-89.6642,22.3711]]],[[[121.7624,31.3738],[121.7664,31.3206],[121.5845,31.4414],[121.7624,31.3738]]],[[[-81.2513,31.5046],[-81.1746,31.5214],[-81.2796,31.3855],[-81.2513,31.5046]]],[[[26.8718,37.1341],[26.8499,37.0985],[26.7727,37.1827],[26.8718,37.1341]]],[[[-75.9038,37.1292],[-75.874,37.2904],[-75.8108,37.2002],[-75.9038,37.1292]]],[[[47.8511,43.9992],[47.7629,43.9284],[47.6282,43.9626],[47.8511,43.9992]]],[[[49.8224,46.314],[49.8047,46.2105],[49.72,46.3568],[49.8224,46.314]]],[[[-58.4626,51.1763],[-58.457,51.1407],[-58.6212,51.0918],[-58.4626,51.1763]]],[[[-55.9276,53.4922],[-55.7429,53.4454],[-55.9655,53.4324],[-55.9276,53.4922]]],[[[-56.9225,53.7976],[-56.8177,53.79],[-56.9473,53.7521],[-56.9225,53.7976]]],[[[-130.6091,53.797],[-130.5694,53.8367],[-130.42,53.7833],[-130.6091,53.797]]],[[[-67.5583,58.411],[-67.5308,58.2969],[-67.6359,58.291],[-67.5583,58.411]]],[[[6.0164,59.2922],[6.0563,59.2407],[5.9299,59.2435],[6.0164,59.2922]]],[[[-66.9247,63.0652],[-66.7708,62.9449],[-67.0745,63.0975],[-66.9247,63.0652]]],[[[-64.2172,63.8426],[-64.2611,63.7239],[-64.3429,63.7693],[-64.2172,63.8426]]],[[[-64.9654,64.3097],[-64.8783,64.2296],[-64.9913,64.1932],[-65.0755,64.307],[-64.9654,64.3097]]],[[[-172.4753,64.6418],[-172.5194,64.593],[-172.725,64.6265],[-172.4753,64.6418]]],[[[-166.8595,66.0397],[-166.9872,65.9835],[-167.2395,65.9092],[-166.8595,66.0397]]],[[[-166.2835,66.2006],[-166.1871,66.2103],[-166.8005,66.0515],[-166.2835,66.2006]]],[[[-165.4887,66.409],[-165.6014,66.3767],[-165.7046,66.3617],[-165.4887,66.409]]],[[[-165.4887,66.409],[-165.4483,66.4188],[-165.4239,66.4213],[-165.4887,66.409]]],[[[-165.3426,66.4367],[-165.3817,66.4257],[-165.423,66.4214],[-165.3426,66.4367]]],[[[-165.3426,66.4367],[-165.3264,66.4403],[-165.3227,66.4404],[-165.3426,66.4367]]],[[[-164.7633,66.5465],[-164.8666,66.507],[-165.3209,66.4406],[-164.7633,66.5465]]],[[[-175.5857,71.3799],[-175.6287,71.3518],[-175.8108,71.4117],[-175.5857,71.3799]]],[[[175.1686,-36.7411],[175.1826,-36.825],[175.0117,-36.8027],[175.1686,-36.7411]]],[[[-162.4002,6.4451],[-162.3853,6.4451],[-162.3853,6.4302],[-162.4002,6.4451]]],[[[-136.2119,69.1793],[-136.0063,69.0903],[-136.2219,69.1057],[-136.2119,69.1793]]],[[[-135.706,69.5088],[-135.5952,69.4484],[-135.8409,69.4814],[-135.706,69.5088]]],[[[161.8938,69.6538],[161.8669,69.5546],[161.6656,69.6205],[161.8938,69.6538]]],[[[170.1249,69.7734],[170.2753,69.7734],[169.9552,69.7267],[170.1249,69.7734]]],[[[83.3051,70.8055],[83.4694,70.7377],[83.3048,70.6446],[83.3096,70.4431],[83.0653,70.3653],[83.3051,70.8055]]],[[[97.6457,76.7562],[97.4598,76.7185],[97.1607,76.7536],[97.6457,76.7562]]]]}},{"type":"Feature","properties":{},"geometry":{"type":"MultiPolygon","coordinates":[[[[-78.789,-33.6091],[-78.9917,-33.6569],[-78.8849,-33.5756],[-78.789,-33.6091]]],[[[-109.2316,-27.0925],[-109.4513,-27.1955],[-109.3796,-27.0595],[-109.2316,-27.0925]]],[[[-38.9442,-13.3946],[-38.902,-13.6718],[-39.0459,-13.4582],[-38.9442,-13.3946]]],[[[-38.6146,-12.925],[-38.7865,-13.1339],[-38.6971,-12.8805],[-38.6146,-12.925]]],[[[123.1463,-8.426],[122.883,-8.5829],[122.9998,-8.4487],[123.1463,-8.426]]],[[[117.6643,-8.1481],[117.4925,-8.361],[117.4868,-8.1829],[117.6643,-8.1481]]],[[[120.7578,-7.0759],[120.6703,-7.151],[120.5563,-7.0729],[120.7578,-7.0759]]],[[[-44.4978,-2.8068],[-44.598,-3.0602],[-44.4808,-2.7044],[-44.4978,-2.8068]]],[[[-44.8922,-1.2719],[-45.0189,-1.3777],[-44.9744,-1.2603],[-44.8922,-1.2719]]],[[[-90.3807,-1.2545],[-90.4321,-1.346],[-90.524,-1.3059],[-90.3807,-1.2545]]],[[[-89.3081,-0.6856],[-89.42,-0.9194],[-89.63,-0.9259],[-89.3081,-0.6856]]],[[[-91.4011,-0.4529],[-91.6065,-0.4563],[-91.6686,-0.2849],[-91.4557,-0.2576],[-91.4011,-0.4529]]],[[[-90.565,-0.2849],[-90.8741,-0.2713],[-90.7773,-0.1477],[-90.565,-0.2849]]],[[[-50.3121,0.414],[-50.0657,0.6473],[-50.0427,0.5103],[-50.3121,0.414]]],[[[-50.4544,2.1109],[-50.314,1.9683],[-50.4191,1.863],[-50.4544,2.1109]]],[[[-50.5435,2.1462],[-50.4633,2.1869],[-50.4152,2.1269],[-50.5435,2.1462]]],[[[125.7913,6.9482],[125.6741,7.0702],[125.7158,7.1959],[125.7913,6.9482]]],[[[122.9717,7.3836],[122.8005,7.3209],[122.8284,7.4308],[122.9717,7.3836]]],[[[-81.6644,7.3973],[-81.8751,7.4904],[-81.7599,7.6443],[-81.6644,7.3973]]],[[[-60.9203,9.0285],[-60.865,8.9412],[-61.0916,8.8224],[-60.9203,9.0285]]],[[[-61.0854,8.8907],[-61.0693,8.9788],[-60.852,9.0961],[-61.0854,8.8907]]],[[[-60.8732,9.1166],[-60.9613,9.0694],[-60.9073,9.1855],[-60.8732,9.1166]]],[[[-60.8179,9.206],[-60.7285,9.1929],[-60.8452,9.1166],[-60.8179,9.206]]],[[[125.2951,9.9706],[125.1458,10.0707],[125.1375,10.1655],[125.2951,9.9706]]],[[[124.5996,11.5634],[124.4727,11.4739],[124.3491,11.6801],[124.5996,11.5634]]],[[[124.8152,11.6323],[124.7879,11.5702],[124.7327,11.7216],[124.8152,11.6323]]],[[[-68.7808,12.0978],[-68.9778,12.1246],[-69.1661,12.3878],[-68.7808,12.0978]]],[[[-69.9969,12.5776],[-69.8881,12.4177],[-70.0581,12.5372],[-69.9969,12.5776]]],[[[-110.9459,18.8],[-111.0673,18.7687],[-111.0006,18.8682],[-110.9459,18.8]]],[[[-72.8506,20.0885],[-72.6276,20.0082],[-72.9604,20.0612],[-72.8506,20.0885]]],[[[-106.5124,21.597],[-106.6312,21.6009],[-106.6608,21.6931],[-106.5124,21.597]]],[[[112.844,21.7743],[112.7649,21.5819],[112.7117,21.7025],[112.844,21.7743]]],[[[-71.8028,21.7879],[-71.8424,21.8556],[-71.6309,21.7743],[-71.8028,21.7879]]],[[[-72.3372,21.801],[-72.3304,21.8625],[-72.1244,21.8153],[-72.3372,21.801]]],[[[-73.1392,22.3633],[-73.1317,22.4595],[-72.7462,22.3313],[-73.1392,22.3633]]],[[[-109.8358,24.2247],[-109.8739,24.1517],[-109.9332,24.3744],[-109.8358,24.2247]]],[[[-111.7535,24.447],[-111.7081,24.2999],[-112.0068,24.5144],[-111.7535,24.447]]],[[[-110.7108,25.095],[-110.5249,24.88],[-110.6423,24.9145],[-110.7108,25.095]]],[[[-112.1035,24.6172],[-112.3046,24.7922],[-112.1253,25.2658],[-112.2137,24.8475],[-112.1035,24.6172]]],[[[-111.0812,25.9987],[-111.205,25.8038],[-111.176,26.0433],[-111.0812,25.9987]]],[[[121.2555,28.14],[121.1516,28.0412],[121.1204,28.1357],[121.2555,28.14]]],[[[-115.195,28.3414],[-115.2281,28.0283],[-115.3581,28.0826],[-115.195,28.3414]]],[[[126.4054,36.4588],[126.3281,36.4711],[126.3412,36.6041],[126.4054,36.4588]]],[[[-73.9334,40.7972],[-74.0169,40.6993],[-73.928,40.8775],[-73.9334,40.7972]]],[[[-56.2738,46.8955],[-56.3707,46.7862],[-56.3663,47.1402],[-56.2738,46.8955]]],[[[-54.1225,47.6427],[-54.244,47.4077],[-54.3627,47.41],[-54.1225,47.6427]]],[[[-54.8835,49.5551],[-54.5293,49.6251],[-54.744,49.4938],[-54.8835,49.5551]]],[[[-54.2768,49.5756],[-54.2698,49.7272],[-53.9785,49.6643],[-54.2768,49.5756]]],[[[-127.9187,51.522],[-128.0503,51.4599],[-128.1566,51.6279],[-128.0099,51.7237],[-127.9187,51.522]]],[[[-128.1383,51.864],[-128.251,51.8759],[-128.1592,52.0348],[-127.9534,52.049],[-128.0176,51.7722],[-128.1383,51.864]]],[[[-130.9967,52.1117],[-131.024,51.9466],[-131.1268,52.1116],[-130.9967,52.1117]]],[[[-127.9466,52.1657],[-127.9615,52.0828],[-128.123,52.1517],[-127.9466,52.1657]]],[[[-128.0974,52.2408],[-127.9853,52.3021],[-127.9077,52.2009],[-128.0974,52.2408]]],[[[-127.2408,52.4264],[-127.9022,51.9682],[-127.751,52.2502],[-127.2408,52.4264]]],[[[-128.6182,52.4537],[-128.6796,52.2681],[-128.7638,52.4495],[-128.6182,52.4537]]],[[[-128.563,52.6114],[-128.4979,52.4363],[-128.8175,52.522],[-128.563,52.6114]]],[[[-131.5646,52.7274],[-131.6744,52.7069],[-131.4527,52.6452],[-131.7024,52.7213],[-131.5646,52.7274]]],[[[-128.3104,52.4294],[-128.4664,52.3827],[-128.3913,52.7965],[-128.3104,52.4294]]],[[[-128.9301,52.6144],[-128.9813,52.4537],[-129.2751,52.8247],[-128.9301,52.6144]]],[[[-128.3104,52.7274],[-128.1732,52.8236],[-128.275,52.6025],[-128.3104,52.7274]]],[[[-129.3041,53.0359],[-129.3949,53.0004],[-129.5504,53.1662],[-129.3041,53.0359]]],[[[-129.2935,53.1079],[-129.1978,53.3217],[-129.1396,53.1048],[-129.2935,53.1079]]],[[[-128.9136,53.4064],[-129.1482,53.3637],[-128.9972,53.5439],[-128.9136,53.4064]]],[[[-129.1662,53.3854],[-129.16,53.627],[-128.8236,53.7081],[-129.1662,53.3854]]],[[[-130.4064,53.687],[-130.2609,53.7978],[-130.0917,53.5703],[-130.4064,53.687]]],[[[-130.4474,53.9818],[-130.7155,53.8577],[-130.4216,54.1],[-130.2289,53.9538],[-130.4786,53.8439],[-130.3313,53.9676],[-130.4474,53.9818]]],[[[-130.7428,54.6056],[-130.9691,54.462],[-130.9312,54.6227],[-130.7428,54.6056]]],[[[-131.2437,54.9346],[-131.3312,54.8612],[-131.4822,54.9256],[-131.2437,54.9346]]],[[[-132.8265,55.0544],[-132.8227,55.1905],[-132.6682,55.0507],[-132.8265,55.0544]]],[[[-131.4796,55.0063],[-131.6245,55.0174],[-131.5516,55.2766],[-131.3728,55.2015],[-131.4796,55.0063]]],[[[-133.4496,55.4069],[-133.6073,55.2356],[-133.6892,55.3113],[-133.4496,55.4069]]],[[[-133.5384,55.4827],[-133.4184,55.4756],[-133.5114,55.4274],[-133.5384,55.4827]]],[[[-133.3466,55.4479],[-133.4285,55.5441],[-133.2721,55.5305],[-133.3466,55.4479]]],[[[-133.6039,55.4894],[-133.7991,55.4479],[-133.7029,55.5578],[-133.6039,55.4894]]],[[[-133.3057,55.7973],[-133.5421,55.6949],[-133.6824,55.7905],[-133.3057,55.7973]]],[[[-133.2851,55.9072],[-133.2508,55.7759],[-133.3412,55.8373],[-133.2851,55.9072]]],[[[-155.6523,55.8867],[-155.5973,55.7604],[-155.7498,55.8177],[-155.6523,55.8867]]],[[[-133.6073,56.0785],[-133.2853,56.1472],[-133.3111,55.9979],[-133.7949,55.9436],[-133.6073,56.0785]]],[[[-61.0097,56.0438],[-61.2323,56.0998],[-61.0438,56.1611],[-61.0097,56.0438]]],[[[-132.5484,56.3044],[-132.3998,56.3504],[-132.4838,56.1946],[-132.0922,56.1064],[-132.202,56.0922],[-132.1335,55.929],[-132.6454,56.0581],[-132.703,56.2225],[-132.5484,56.3044]]],[[[-132.6129,56.4006],[-132.8197,56.2362],[-133.0552,56.3448],[-132.6129,56.4006]]],[[[-132.004,56.3392],[-131.9283,56.1946],[-132.0723,56.1195],[-132.3382,56.2578],[-132.3754,56.4885],[-132.004,56.3392]]],[[[-154.4252,56.593],[-154.7912,56.4309],[-154.7001,56.5303],[-154.4252,56.593]]],[[[-154.0826,56.5521],[-154.3501,56.5447],[-154.1241,56.6126],[-154.0826,56.5521]]],[[[-132.9596,56.788],[-132.5334,56.5803],[-132.9186,56.507],[-132.9596,56.788]]],[[[-152.9079,57.1647],[-153.2722,56.9985],[-153.4116,57.079],[-153.2444,57.211],[-152.9079,57.1647]]],[[[-135.6016,57.1716],[-135.6282,57.0102],[-135.8411,56.9897],[-135.7108,57.1684],[-135.8437,57.3247],[-135.6016,57.1716]]],[[[-61.6129,57.4155],[-61.9004,57.449],[-61.6794,57.5375],[-61.8253,57.4353],[-61.6129,57.4155]]],[[[-61.8526,57.5861],[-61.818,57.4947],[-62.0171,57.5179],[-61.8526,57.5861]]],[[[-136.3898,57.9636],[-136.4513,57.8469],[-136.5428,58.0659],[-136.3898,57.9636]]],[[[-134.5973,58.2373],[-134.6798,58.3093],[-134.5633,58.3445],[-134.2584,58.1963],[-134.5973,58.2373]]],[[[-152.6444,58.5185],[-152.349,58.6283],[-152.502,58.4735],[-152.6444,58.5185]]],[[[-160.9476,58.7376],[-160.6878,58.8187],[-161.086,58.5533],[-161.1719,58.6908],[-160.9476,58.7376]]],[[[-69.102,59.1313],[-69.3635,58.9634],[-69.3542,59.1406],[-69.102,59.1313]]],[[[-144.3418,59.9845],[-144.2086,60.0118],[-144.6053,59.8132],[-144.3418,59.9845]]],[[[-147.9638,60.0739],[-148.1413,60.0118],[-147.9665,60.1566],[-147.9638,60.0739]]],[[[-148.1594,60.0432],[-148.3138,60.0323],[-148.05,60.1957],[-148.1594,60.0432]]],[[[-146.1886,60.4022],[-146.0788,60.4022],[-146.6002,60.2452],[-146.4903,60.3613],[-146.7226,60.3862],[-146.1886,60.4022]]],[[[-147.7714,60.4097],[-147.6144,60.437],[-147.7987,60.1701],[-147.9086,60.293],[-147.7714,60.4097]]],[[[70.1306,66.5563],[69.8706,66.4779],[69.1307,66.7966],[70.0498,66.7089],[70.1306,66.5563]]],[[[-107.8754,66.9431],[-107.8307,66.9027],[-107.9505,66.858],[-107.8754,66.9431]]],[[[-108.0467,66.9815],[-107.9368,66.9536],[-108.0368,66.9023],[-108.0467,66.9815]]],[[[-108.0057,67.372],[-108.1491,67.4129],[-107.8816,67.4675],[-107.9073,67.3168],[-108.0057,67.372]]],[[[-108.1287,67.6457],[-107.9225,67.5495],[-108.1058,67.4682],[-108.1287,67.6457]]],[[[14.0278,68.2626],[14.1589,68.2553],[13.4567,68.071],[13.6367,68.2943],[14.0278,68.2626]]],[[[-104.4901,68.5159],[-104.6552,68.398],[-105.086,68.5507],[-104.4901,68.5159]]],[[[-101.694,68.7703],[-101.8448,68.5711],[-102.3519,68.6872],[-101.694,68.7703]]],[[[-100.2068,68.8039],[-100.6033,68.7556],[-100.6313,68.9957],[-100.3235,69.0031],[-100.1249,68.9069],[-100.2068,68.8039]]],[[[-100.0423,69.085],[-100.0218,68.9404],[-100.2552,69.0503],[-100.0423,69.085]]],[[[-100.9814,69.4822],[-101.2425,69.3743],[-101.1868,69.4822],[-101.3815,69.5382],[-100.9814,69.4822]]],[[[-95.9445,69.4208],[-95.8011,69.6331],[-95.3712,69.5136],[-95.5336,69.3314],[-95.7459,69.3389],[-95.7218,69.5556],[-95.9445,69.4208]]],[[[-139.1134,69.6542],[-138.8701,69.5921],[-139.3356,69.5717],[-139.1134,69.6542]]],[[[-100.3514,70.4897],[-100.7145,70.6815],[-100.1938,70.579],[-100.3924,70.5853],[-100.2292,70.4645],[-100.3514,70.4897]]],[[[167.6637,-78.1274],[166.3151,-78.3103],[165.9861,-78.1096],[166.7957,-78.2116],[167.5117,-77.9924],[167.6637,-78.1274]]],[[[163.8035,-74.6895],[164.3024,-74.5527],[164.0381,-74.6363],[163.9634,-74.8664],[163.6878,-74.7255],[163.8035,-74.6895]]],[[[164.8403,-67.3393],[164.875,-67.5151],[164.6572,-67.5383],[164.6572,-67.2608],[164.8403,-67.3393]]],[[[163.2937,-66.8381],[163.0813,-66.7065],[163.2605,-66.7162],[163.2937,-66.8381]]],[[[-65.2276,10.9538],[-65.2446,10.885],[-65.4118,10.9247],[-65.2276,10.9538]]],[[[-60.5305,11.3511],[-60.533,11.2665],[-60.8475,11.164],[-60.5305,11.3511]]],[[[-61.6129,12.2144],[-61.6316,12.0441],[-61.7905,12.0084],[-61.6129,12.2144]]],[[[-68.2115,12.2281],[-68.2542,12.0236],[-68.4174,12.257],[-68.2115,12.2281]]],[[[-59.4269,13.1604],[-59.6216,13.094],[-59.6451,13.3237],[-59.4269,13.1604]]],[[[-61.1673,13.1461],[-61.2794,13.2159],[-61.1871,13.3804],[-61.1673,13.1461]]],[[[-60.8868,14.0101],[-60.9551,13.7147],[-61.0785,13.8798],[-60.9335,14.1119],[-60.8868,14.0101]]],[[[-61.194,15.9321],[-61.332,15.932],[-61.2683,16.0093],[-61.194,15.9321]]],[[[-86.6065,16.285],[-86.4404,16.3965],[-86.1818,16.4282],[-86.6065,16.285]]],[[[-61.8836,17.049],[-61.8253,17.1688],[-61.6676,17.0794],[-61.8836,17.049]]],[[[-62.6505,17.2656],[-62.8316,17.3301],[-62.8531,17.3947],[-62.6505,17.2656]]],[[[-87.8277,17.5456],[-87.7872,17.4969],[-87.9265,17.2786],[-87.8277,17.5456]]],[[[-61.8389,17.5933],[-61.8378,17.7277],[-61.7278,17.5884],[-61.8389,17.5933]]],[[[-64.5594,17.7516],[-64.8952,17.6828],[-64.8765,17.7759],[-64.5594,17.7516]]],[[[-65.3477,18.1147],[-65.5804,18.1221],[-65.3985,18.1693],[-65.3477,18.1147]]],[[[-87.9134,18.0259],[-88.009,17.9025],[-87.8573,18.1697],[-87.9134,18.0259]]],[[[-91.6003,18.772],[-91.6889,18.6694],[-91.8427,18.6512],[-91.6003,18.772]]],[[[-81.1361,19.3549],[-81.3875,19.2639],[-81.4165,19.37],[-81.1361,19.3549]]],[[[-86.749,20.5922],[-86.9953,20.2608],[-86.9681,20.5063],[-86.749,20.5922]]],[[[-77.6342,22.0543],[-77.7031,21.9108],[-77.9495,22.1026],[-77.6342,22.0543]]],[[[-77.9973,22.1474],[-78.0178,22.3149],[-77.826,22.1579],[-77.9973,22.1474]]],[[[-78.1965,22.3292],[-78.3126,22.4043],[-78.011,22.2814],[-78.1965,22.3292]]],[[[-78.4262,22.4626],[-78.6962,22.5414],[-78.2785,22.4487],[-78.4262,22.4626]]],[[[-73.9957,22.6575],[-73.8517,22.7333],[-73.8654,22.48],[-74.277,22.1715],[-73.8802,22.5029],[-73.9957,22.6575]]],[[[-79.3575,22.6377],[-79.6353,22.8022],[-79.57,22.8041],[-79.3575,22.6377]]],[[[-74.2869,22.7333],[-74.3446,22.8362],[-74.0162,22.7202],[-74.2869,22.7333]]],[[[-75.7982,23.5386],[-75.661,23.4526],[-76.0315,23.6685],[-75.7982,23.5386]]],[[[-74.8591,22.9803],[-74.84,22.8599],[-75.2296,23.1715],[-75.0685,23.1166],[-75.3314,23.686],[-74.8591,22.9803]]],[[[-74.4687,24.0218],[-74.5581,23.9536],[-74.4648,24.1439],[-74.4687,24.0218]]],[[[-81.506,24.6388],[-81.6365,24.5836],[-81.5607,24.6934],[-81.506,24.6388]]],[[[-75.3147,24.2174],[-75.5099,24.1421],[-75.4101,24.2729],[-75.7322,24.6986],[-75.3147,24.2174]]],[[[-81.0877,24.6859],[-81.1361,24.707],[-81.0399,24.7344],[-81.0877,24.6859]]],[[[-81.4303,24.7548],[-81.3555,24.6862],[-81.3627,24.6313],[-81.4303,24.7548]]],[[[-80.9238,24.7691],[-81.0331,24.7207],[-80.9556,24.7687],[-80.9238,24.7691]]],[[[-77.48,24.9914],[-77.5045,25.0633],[-77.2638,25.0581],[-77.48,24.9914]]],[[[-80.3205,25.2483],[-80.598,24.9501],[-80.2516,25.3445],[-80.3205,25.2483]]],[[[-97.1983,26.2761],[-97.1664,26.1028],[-97.3771,27.2078],[-97.1983,26.2761]]],[[[-97.0754,27.8145],[-97.3975,27.2289],[-97.2541,27.6597],[-97.0754,27.8145]]],[[[-80.3888,27.7187],[-80.4446,27.8575],[-80.1629,27.1737],[-80.3888,27.7187]]],[[[-96.8802,28.1301],[-96.8501,28.0712],[-97.0344,27.852],[-96.8802,28.1301]]],[[[-96.4277,28.3933],[-96.8358,28.0712],[-96.8078,28.1876],[-96.4277,28.3933]]],[[[-118.2515,29.0894],[-118.2888,28.8681],[-118.3654,29.1317],[-118.2515,29.0894]]],[[[-91.8021,29.4901],[-92.0354,29.5962],[-91.7202,29.5817],[-91.8021,29.4901]]],[[[-64.6761,32.3887],[-64.6779,32.3345],[-64.8763,32.2578],[-64.6761,32.3887]]],[[[-75.4761,35.6954],[-75.5156,35.2602],[-75.7357,35.1877],[-75.5163,35.291],[-75.4761,35.6954]]],[[[-75.1533,38.207],[-75.0924,38.3026],[-75.3929,37.8647],[-75.1533,38.207]]],[[[-74.1261,40.6335],[-74.0536,40.6027],[-74.2508,40.5014],[-74.1261,40.6335]]],[[[-70.0541,41.3927],[-69.9671,41.2495],[-70.2781,41.3079],[-70.0541,41.3927]]],[[[-70.5764,41.4278],[-70.5074,41.3626],[-70.8462,41.3467],[-70.5764,41.4278]]],[[[-122.3594,47.9766],[-122.7441,48.2059],[-122.6566,48.3851],[-122.5176,48.294],[-122.7237,48.2338],[-122.3594,47.9766]]],[[[-123.0202,48.4993],[-123.1297,48.4897],[-123.1776,48.5988],[-123.0202,48.4993]]],[[[-122.7458,48.6644],[-123.0265,48.6265],[-122.918,48.7114],[-122.7458,48.6644]]],[[[-123.369,48.7742],[-123.5311,48.7344],[-123.5956,48.9518],[-123.369,48.7742]]],[[[-123.4516,49.4452],[-123.4181,49.5309],[-123.3225,49.4861],[-123.4516,49.4452]]],[[[-124.6644,49.7469],[-124.3479,49.7042],[-124.1232,49.4998],[-124.6644,49.7469]]],[[[-126.6587,49.7878],[-126.6794,49.5918],[-126.987,49.8151],[-126.6587,49.7878]]],[[[-125.0275,50.1441],[-124.891,50.069],[-125.0055,50.0176],[-125.0275,50.1441]]],[[[-125.1988,50.0411],[-125.336,50.2745],[-125.1715,50.219],[-125.1988,50.0411]]],[[[-125.336,50.3017],[-125.288,50.4374],[-125.048,50.2056],[-125.1422,50.1258],[-125.336,50.3017]]],[[[-126.6177,50.6723],[-126.2895,50.8286],[-126.1789,50.7508],[-126.6177,50.6723]]],[[[-152.8114,58.2904],[-152.9306,58.3286],[-152.8461,58.3376],[-152.8114,58.2904]]],[[[-64.4774,60.3339],[-64.8616,60.4655],[-64.6413,60.4923],[-64.4774,60.3339]]],[[[-46.6327,60.7523],[-46.5683,60.7744],[-46.5091,60.7523],[-46.6327,60.7523]]],[[[-46.2764,60.7728],[-46.3453,60.6697],[-46.5023,60.7039],[-46.2764,60.7728]]],[[[-46.3031,60.8205],[-46.3653,60.7849],[-46.4272,60.8001],[-46.3031,60.8205]]],[[[-78.2437,60.8349],[-78.2785,60.7728],[-78.6961,60.7141],[-78.2437,60.8349]]],[[[-46.5539,60.7963],[-46.8456,60.7728],[-46.1641,60.9114],[-46.5539,60.7963]]],[[[-65.2412,61.9204],[-64.8279,61.7612],[-65.1473,61.7839],[-65.2412,61.9204]]],[[[-64.3806,62.5275],[-64.5941,62.3698],[-64.9635,62.4648],[-64.3806,62.5275]]],[[[-74.0162,62.6708],[-74.1186,62.6026],[-74.6531,62.7193],[-74.0162,62.6708]]],[[[-77.9734,63.9656],[-77.5455,64.0277],[-77.7372,63.9321],[-77.9734,63.9656]]],[[[-62.4075,67.187],[-62.7469,67.0181],[-62.9015,67.0634],[-62.4075,67.187]]],[[[-78.909,68.324],[-78.83,68.2527],[-79.1835,68.2217],[-79.1561,68.3445],[-78.909,68.324]]],[[[-74.838,68.4202],[-74.9962,68.3377],[-75.4004,68.6087],[-75.0199,68.681],[-74.838,68.4202]]],[[[-90.4974,69.2427],[-90.777,69.3287],[-90.619,69.3764],[-90.4974,69.2427]]],[[[-90.2504,69.2979],[-90.5067,69.3666],[-90.2019,69.4481],[-90.2504,69.2979]]],[[[-67.9099,69.5338],[-68.3077,69.5921],[-67.7311,69.6588],[-67.9099,69.5338]]],[[[-78.3945,69.6467],[-78.1761,69.7564],[-77.942,69.6467],[-78.8807,69.4807],[-78.3945,69.6467]]],[[[-87.0842,69.9894],[-87.379,70.106],[-86.4604,70.0168],[-87.0842,69.9894]]],[[[-97.072,73.1381],[-96.5683,73.0525],[-96.973,72.9296],[-97.072,73.1381]]],[[[-97.7368,74.4714],[-97.503,74.623],[-97.2604,74.598],[-97.7368,74.4714]]],[[[-95.3623,74.5908],[-95.2556,74.5188],[-95.87,74.5812],[-95.3623,74.5908]]],[[[-96.5751,75.4377],[-96.8727,75.3574],[-97.0549,75.4992],[-96.3751,75.66],[-95.9104,75.5607],[-96.2057,75.458],[-96.4243,75.5812],[-96.5751,75.4377]]],[[[-94.4853,75.9784],[-94.2946,75.7757],[-94.7438,75.7615],[-94.9105,75.9374],[-94.4853,75.9784]]],[[[-78.8954,76.123],[-78.7999,76.0849],[-79.176,75.958],[-78.8965,75.8426],[-79.752,75.8828],[-78.8954,76.123]]],[[[-101.1597,76.5817],[-101.6871,76.5886],[-100.2477,76.7394],[-101.1597,76.5817]]],[[[-89.675,76.7326],[-89.8593,76.6164],[-89.675,76.5066],[-89.9774,76.4777],[-90.5945,76.7509],[-89.9822,76.8424],[-89.675,76.7326]]],[[[-114.837,76.7598],[-113.8461,76.8989],[-113.4535,76.7735],[-114.837,76.7598]]],[[[-102.4487,77.7399],[-102.4485,77.8813],[-101.7252,77.9065],[-100.932,77.7445],[-102.4487,77.7399]]],[[[-102.9005,78.2744],[-102.7785,78.2148],[-103.2842,78.1614],[-102.9005,78.2744]]],[[[73.7351,-53.1124],[73.4734,-53.1892],[73.236,-52.982],[73.7351,-53.1124]]],[[[69.1921,-48.9866],[69.4113,-48.9286],[69.2225,-49.0943],[69.1921,-48.9866]]],[[[69.2263,-48.857],[69.2439,-48.8901],[69.1438,-48.9806],[69.2263,-48.857]]],[[[37.6624,-46.8285],[37.8958,-46.8899],[37.6021,-46.9487],[37.6624,-46.8285]]],[[[51.8342,-46.3766],[51.8235,-46.4513],[51.6565,-46.3784],[51.8342,-46.3766]]],[[[-48.4346,-27.4047],[-48.4072,-27.5792],[-48.5638,-27.8173],[-48.4346,-27.4047]]],[[[-48.5444,-26.3419],[-48.7033,-26.3119],[-48.5476,-26.1672],[-48.5444,-26.3419]]],[[[-45.2137,-23.9065],[-45.453,-23.8914],[-45.3085,-23.7214],[-45.2137,-23.9065]]],[[[-44.1009,-23.149],[-44.3671,-23.1652],[-44.2351,-23.0688],[-44.1009,-23.149]]],[[[49.9558,-16.7797],[50.0241,-16.6904],[49.8262,-17.0944],[49.9558,-16.7797]]],[[[-5.7218,-15.9089],[-5.6627,-15.9796],[-5.7802,-16.0082],[-5.7218,-15.9089]]],[[[48.332,-13.3604],[48.1887,-13.2643],[48.3184,-13.2003],[48.332,-13.3604]]],[[[45.2007,-12.7229],[45.0972,-12.9824],[45.0425,-12.6984],[45.2007,-12.7229]]],[[[43.7887,-12.308],[43.6652,-12.3525],[43.6358,-12.2369],[43.7887,-12.308]]],[[[44.5291,-12.2328],[44.5115,-12.3803],[44.2064,-12.1606],[44.4671,-12.0644],[44.5291,-12.2328]]],[[[39.8957,-7.6376],[39.8233,-7.914],[39.6297,-7.9858],[39.8957,-7.6376]]],[[[55.4017,-4.6605],[55.4549,-4.5622],[55.5379,-4.8038],[55.4017,-4.6605]]],[[[41.054,-2.0496],[41.1553,-2.1121],[40.9937,-2.1972],[41.054,-2.0496]]],[[[7.4627,1.6745],[7.4014,1.5312],[7.3325,1.5653],[7.4627,1.6745]]],[[[7.2742,4.4919],[7.2984,4.4147],[7.138,4.397],[7.2742,4.4919]]],[[[-16.0489,11.1183],[-16.248,11.1047],[-16.1,11.2082],[-16.0489,11.1183]]],[[[-15.6584,11.3027],[-15.7733,11.1731],[-15.754,11.2759],[-15.6584,11.3027]]],[[[-16.0221,11.5122],[-15.9396,11.6049],[-15.898,11.4535],[-16.0221,11.5122]]],[[[-16.1655,11.8712],[-15.9856,11.8874],[-16.0414,11.7551],[-16.1655,11.8712]]],[[[-24.2965,14.9175],[-24.3765,14.816],[-24.5262,14.9247],[-24.3649,15.0454],[-24.2965,14.9175]]],[[[-23.1278,15.3117],[-23.196,15.1221],[-23.2513,15.2564],[-23.1278,15.3117]]],[[[-22.6821,16.1136],[-22.964,16.0522],[-22.9156,16.244],[-22.6821,16.1136]]],[[[-24.0675,16.6139],[-24.3247,16.4827],[-24.4307,16.6395],[-24.0675,16.6139]]],[[[-22.9292,16.5934],[-22.9908,16.8157],[-22.9224,16.8603],[-22.9292,16.5934]]],[[[-24.9197,16.8951],[-24.8911,16.814],[-25.0941,16.8262],[-24.9197,16.8951]]],[[[-16.3778,19.8135],[-16.4325,19.6013],[-16.464,19.6846],[-16.3778,19.8135]]],[[[-17.9339,27.852],[-17.9795,27.6425],[-18.1604,27.7224],[-17.9339,27.852]]],[[[-17.3097,28.2071],[-17.0984,28.1008],[-17.2579,28.0246],[-17.3097,28.2071]]],[[[-13.4867,29.2846],[-13.492,29.2427],[-13.5412,29.2294],[-13.4867,29.2846]]],[[[10.9915,33.8417],[10.8878,33.6401],[10.7402,33.7155],[10.736,33.8848],[10.9915,33.8417]]],[[[27.2119,35.5207],[27.1362,35.404],[27.0679,35.5889],[27.221,35.8293],[27.2119,35.5207]]],[[[14.548,35.89],[14.4245,35.8237],[14.322,35.9731],[14.548,35.89]]],[[[23.0117,36.3083],[23.1039,36.2372],[22.9907,36.137],[22.9016,36.3383],[23.0117,36.3083]]],[[[26.3622,36.6379],[26.466,36.5827],[26.301,36.5133],[26.3622,36.6379]]],[[[24.4744,36.7471],[24.5376,36.6814],[24.327,36.6509],[24.4744,36.7471]]],[[[27.2809,36.9079],[27.3558,36.8632],[26.9177,36.7161],[27.2809,36.9079]]],[[[26.0059,36.9389],[26.0731,36.8921],[25.739,36.795],[26.0059,36.9389]]],[[[-25.0668,37.0215],[-25.0271,36.9343],[-25.2017,36.9904],[-25.0668,37.0215]]],[[[25.2798,37.0488],[25.1034,37.0129],[25.2388,37.1518],[25.2798,37.0488]]],[[[25.5261,37.1962],[25.4499,36.9184],[25.3418,37.083],[25.5261,37.1962]]],[[[25.3952,37.4182],[25.3127,37.4882],[25.4629,37.47],[25.3952,37.4182]]],[[[25.0913,37.5826],[24.9849,37.6789],[25.2593,37.59],[25.0913,37.5826]]],[[[24.3748,37.6863],[24.3958,37.6247],[24.2754,37.5317],[24.3748,37.6863]]],[[[26.3622,37.6863],[25.9763,37.516],[26.0742,37.6379],[26.3622,37.6863]]],[[[27.0475,37.7272],[26.7974,37.6447],[26.5803,37.7408],[27.0475,37.7272]]],[[[20.9014,37.7924],[20.9963,37.6993],[20.8151,37.6515],[20.6195,37.8644],[20.9014,37.7924]]],[[[24.9917,37.7682],[24.6936,37.9658],[24.9539,37.906],[24.9917,37.7682]]],[[[-28.1095,38.4466],[-28.4595,38.4057],[-28.5489,38.5286],[-28.1095,38.4466]]],[[[-28.6097,38.5974],[-28.727,38.5149],[-28.8424,38.5994],[-28.6097,38.5974]]],[[[-27.891,38.6042],[-27.7606,38.549],[-28.3155,38.7551],[-27.891,38.6042]]],[[[1.5264,38.6778],[1.3829,38.6421],[1.4313,38.7549],[1.5264,38.6778]]],[[[-27.0201,38.6937],[-27.2284,38.6411],[-27.3917,38.7589],[-27.0201,38.6937]]],[[[20.5855,38.6179],[20.6863,38.8501],[20.716,38.627],[20.5855,38.6179]]],[[[24.6765,38.8098],[24.5667,38.7625],[24.4611,38.9677],[24.6765,38.8098]]],[[[1.606,39.0913],[1.4031,38.8323],[1.2166,38.8851],[1.3568,39.0776],[1.606,39.0913]]],[[[-31.2079,39.5086],[-31.1316,39.423],[-31.2548,39.3581],[-31.2079,39.5086]]],[[[20.0921,39.4335],[19.9118,39.4303],[19.6265,39.7482],[19.948,39.7904],[19.845,39.6527],[20.0921,39.4335]]],[[[25.4499,40.0362],[25.349,39.7877],[25.2507,39.9185],[25.047,39.8376],[25.0334,39.9953],[25.4499,40.0362]]],[[[26.0122,40.1666],[25.6633,40.1262],[25.926,40.2428],[26.0122,40.1666]]],[[[25.6907,40.4477],[25.5671,40.3999],[25.4435,40.4819],[25.6907,40.4477]]],[[[24.7864,40.7351],[24.7801,40.6122],[24.5168,40.6391],[24.6423,40.8039],[24.7864,40.7351]]],[[[10.4434,42.8454],[10.4155,42.7089],[10.1068,42.7574],[10.4434,42.8454]]],[[[17.1318,42.9695],[16.8514,42.9007],[16.6317,42.9826],[17.1318,42.9695]]],[[[16.6931,43.1273],[16.3716,43.1955],[17.1934,43.1273],[16.6931,43.1273]]],[[[16.5007,43.2842],[16.4263,43.3941],[16.8923,43.3122],[16.5007,43.2842]]],[[[15.1445,43.9497],[15.1213,43.9126],[14.8496,44.1756],[15.1445,43.9497]]],[[[14.877,44.5598],[14.7337,44.7032],[15.2544,44.34],[14.877,44.5598]]],[[[14.7405,44.7783],[14.739,44.8534],[14.8591,44.7174],[14.7405,44.7783]]],[[[14.5139,44.6622],[14.2942,44.9086],[14.4114,44.9564],[14.3137,45.1724],[14.5139,44.6622]]],[[[14.7234,44.9433],[14.4251,45.0873],[14.5488,45.2487],[14.7234,44.9433]]],[[[-1.2194,45.9439],[-1.2092,45.8142],[-1.4049,46.0532],[-1.2194,45.9439]]],[[[-2.0827,49.2602],[-2.0245,49.1713],[-2.2336,49.1845],[-2.0827,49.2602]]],[[[-1.0828,50.7133],[-1.2792,50.5825],[-1.5695,50.658],[-1.0828,50.7133]]],[[[4.0366,51.6859],[3.978,51.6233],[3.6867,51.6927],[4.0366,51.6859]]],[[[-177.8003,51.7957],[-177.9335,51.5987],[-178.1014,51.6654],[-177.9554,51.7637],[-178.2138,51.876],[-177.6222,51.8572],[-177.8003,51.7957]]],[[[-177.1222,51.9329],[-177.1567,51.7001],[-177.7047,51.7001],[-177.1222,51.9329]]],[[[-176.1387,51.9944],[-176.1433,52.1071],[-175.9637,52.0353],[-176.1387,51.9944]]],[[[-173.1234,52.108],[-172.9558,52.0899],[-174.0594,52.1247],[-173.1234,52.108]]],[[[-172.4072,52.3854],[-172.3109,52.3165],[-172.633,52.2613],[-172.4072,52.3854]]],[[[-170.6046,52.6871],[-170.6219,52.5939],[-170.8374,52.5493],[-170.6046,52.6871]]],[[[-169.6866,52.872],[-169.7234,52.7745],[-170.0111,52.8236],[-169.6866,52.872]]],[[[4.8926,53.111],[4.7077,53.0285],[4.8543,53.1877],[4.8926,53.111]]],[[[-9.9636,53.9538],[-9.958,53.8806],[-10.2659,53.9818],[-9.9636,53.9538]]],[[[-165.7391,54.1252],[-166.1227,54.1184],[-165.9455,54.2221],[-165.7391,54.1252]]],[[[-165.4858,54.1737],[-165.6798,54.2489],[-165.4943,54.2964],[-165.4858,54.1737]]],[[[-4.6121,54.057],[-4.7902,54.0712],[-4.3513,54.4138],[-4.3119,54.2872],[-4.6121,54.057]]],[[[11.2556,54.4787],[11.3142,54.4138],[11.0057,54.4685],[11.2556,54.4787]]],[[[8.3604,54.9482],[8.6545,54.8936],[8.3071,54.8654],[8.2844,54.7424],[8.4634,55.0507],[8.3604,54.9482]]],[[[10.0114,54.9755],[9.9536,54.8626],[9.6284,55.0581],[10.0114,54.9755]]],[[[10.855,55.0438],[10.9567,55.1537],[10.6939,54.7353],[10.6011,54.8383],[10.855,55.0438]]],[[[-159.9015,55.1401],[-160.2371,54.8886],[-160.0927,55.0507],[-160.1948,55.1215],[-160.0176,55.1053],[-159.8873,55.2971],[-159.9015,55.1401]]],[[[15.1514,55.1332],[15.0727,54.9916],[14.6842,55.1013],[14.7609,55.3093],[15.1514,55.1332]]],[[[-5.0708,55.5093],[-5.3047,55.4621],[-5.3929,55.6466],[-5.1983,55.7043],[-5.0708,55.5093]]],[[[-6.0304,55.7291],[-6.2873,55.5784],[-6.25,55.7768],[-6.5035,55.6813],[-6.4452,55.8488],[-6.1401,55.9414],[-6.0304,55.7291]]],[[[10.5594,55.8663],[10.544,55.998],[10.6693,55.88],[10.5822,55.7598],[10.5594,55.8663]]],[[[-5.7976,56.1126],[-5.688,56.1241],[-6.0624,55.8095],[-5.7976,56.1126]]],[[[11.1423,57.3323],[11.0288,57.2019],[10.855,57.2646],[11.1423,57.3323]]],[[[-7.2438,57.3255],[-7.3462,57.1479],[-7.2159,57.1138],[-7.353,57.0996],[-7.4281,57.3876],[-7.2438,57.3255]]],[[[-7.1294,57.6529],[-7.3121,57.5521],[-7.1575,57.5111],[-7.5448,57.593],[-7.1294,57.6529]]],[[[-3.2484,58.7922],[-3.1317,58.8065],[-3.4333,58.885],[-3.2484,58.7922]]],[[[-2.7277,58.9709],[-3.3667,59.0161],[-3.1827,59.1472],[-2.9945,59.0733],[-3.1167,58.9982],[-2.7277,58.9709]]],[[[-2.8301,59.1968],[-2.7611,59.2521],[-2.7345,59.1484],[-2.8301,59.1968]]],[[[-3.0492,59.3198],[-2.9652,59.3609],[-2.8301,59.2521],[-3.0492,59.3198]]],[[[22.2092,60.2043],[22.2918,60.2452],[22.2693,60.1959],[22.2092,60.2043]]],[[[22.1068,60.3135],[22.3396,60.2862],[22.2009,60.2543],[22.1068,60.3135]]],[[[22.388,60.321],[22.3982,60.355],[22.4773,60.321],[22.388,60.321]]],[[[5.1117,60.2005],[4.9479,60.2589],[4.9489,60.4392],[5.1117,60.2005]]],[[[21.3191,60.4817],[21.2503,60.4984],[21.2292,60.5599],[21.3191,60.4817]]],[[[21.3942,60.5599],[21.4426,60.4711],[21.3286,60.5253],[21.3942,60.5599]]],[[[21.2987,60.5673],[21.2139,60.6164],[21.2707,60.6431],[21.2987,60.5673]]],[[[-0.9872,60.6977],[-1.0238,60.503],[-1.1539,60.5084],[-1.1139,60.7147],[-0.9872,60.6977]]],[[[-0.9047,60.684],[-0.9388,60.8001],[-0.7718,60.8334],[-0.9047,60.684]]],[[[-6.6548,61.3959],[-6.9626,61.6287],[-6.7156,61.5679],[-6.6548,61.3959]]],[[[-6.6125,61.8211],[-6.661,61.746],[-6.9073,61.9099],[-6.6125,61.8211]]],[[[-7.3837,62.0949],[-7.2159,62.1638],[-7.0383,62.0886],[-7.3837,62.0949]]],[[[21.4221,63.2468],[21.2434,63.1507],[21.0789,63.2878],[21.4221,63.2468]]],[[[7.9147,63.3425],[7.7782,63.4113],[8.1817,63.3902],[7.9147,63.3425]]],[[[8.3604,63.6714],[8.7372,63.8091],[8.8255,63.7341],[8.3604,63.6714]]],[[[11.0911,64.9016],[10.8269,64.8501],[11.2664,64.8937],[11.0911,64.9016]]],[[[10.8412,64.8774],[10.7109,64.8637],[11.115,64.973],[10.8412,64.8774]]],[[[24.9934,65.0551],[24.7347,64.9509],[24.5628,65.0372],[24.9934,65.0551]]],[[[-37.2174,65.5832],[-37.025,65.5521],[-37.1964,65.5353],[-37.2174,65.5832]]],[[[-36.9363,65.6793],[-37.004,65.5877],[-37.2174,65.6862],[-36.9363,65.6793]]],[[[12.698,65.9977],[12.9038,66.0151],[12.3688,65.8916],[12.698,65.9977]]],[[[12.5742,66.0759],[12.2942,66.0151],[12.5514,66.2204],[12.5742,66.0759]]],[[[13.0547,68.0981],[13.1239,67.944],[12.7871,67.8101],[13.0547,68.0981]]],[[[13.2805,68.1291],[13.4377,68.126],[13.1727,68.009],[13.2805,68.1291]]],[[[20.7915,70.0924],[20.3899,70.1027],[20.7339,70.2367],[20.7915,70.0924]]],[[[19.9822,70.147],[20.1541,70.1129],[19.7761,70.0673],[19.5371,70.2501],[19.9822,70.147]]],[[[23.656,70.5033],[23.2163,70.2828],[22.854,70.4077],[23.5393,70.5449],[23.391,70.618],[23.656,70.5033]]],[[[24.0669,70.661],[23.8042,70.5133],[23.6355,70.692],[24.0669,70.661]]],[[[-51.8166,70.9421],[-51.5658,70.8797],[-52.1614,70.8917],[-51.8166,70.9421]]],[[[26.136,71.0377],[25.5534,70.9279],[25.2925,71.0281],[25.7185,71.052],[25.5534,71.1408],[25.6673,71.1653],[26.136,71.0377]]],[[[-53.8966,71.0825],[-53.9785,71.1476],[-53.6118,71.3217],[-53.3821,71.1366],[-53.8966,71.0825]]],[[[-55.8021,72.6894],[-56.226,72.7099],[-55.6402,72.7759],[-55.8021,72.6894]]],[[[-55.7394,72.6142],[-55.8493,72.6142],[-54.9654,72.8123],[-55.3671,72.5899],[-55.7394,72.6142]]],[[[-71.5763,77.3904],[-71.3435,77.3769],[-72.5768,77.4116],[-71.5763,77.3904]]],[[[115.5501,-8.6662],[115.5889,-8.8073],[115.4683,-8.7319],[115.5501,-8.6662]]],[[[119.5593,-8.5182],[119.3811,-8.7407],[119.4153,-8.4433],[119.5593,-8.5182]]],[[[123.3486,-8.2688],[123.2893,-8.4045],[123.0195,-8.3918],[123.3486,-8.2688]]],[[[119.0864,-8.1315],[119.1375,-8.1906],[119.0515,-8.2614],[119.0864,-8.1315]]],[[[72.4675,-7.3839],[72.4329,-7.4322],[72.3577,-7.2683],[72.4675,-7.3839]]],[[[72.4842,-7.2783],[72.479,-7.3619],[72.4397,-7.2267],[72.4842,-7.2783]]],[[[115.5706,-6.9046],[115.2144,-6.9282],[115.2757,-6.8354],[115.5706,-6.9046]]],[[[112.7007,-5.726],[112.7315,-5.8284],[112.6043,-5.8474],[112.7007,-5.726]]],[[[102.4065,-5.4037],[102.2835,-5.4993],[102.0986,-5.3349],[102.4065,-5.4037]]],[[[116.3993,-3.3928],[116.386,-3.6396],[116.3247,-3.533],[116.3993,-3.3928]]],[[[100.2068,-2.6935],[100.0156,-2.8342],[99.9746,-2.4939],[100.2068,-2.6935]]],[[[99.8233,-2.2929],[99.6035,-2.2656],[99.565,-2.0309],[99.8233,-2.2929]]],[[[108.9642,-1.5734],[108.8582,-1.664],[108.7933,-1.5803],[108.9642,-1.5734]]],[[[103.2936,0.6254],[103.1405,0.5394],[103.1792,0.6955],[103.2936,0.6254]]],[[[103.489,0.777],[103.4343,0.6473],[103.3574,0.8725],[103.489,0.777]]],[[[103.4431,1.0128],[103.3408,1.0195],[103.3338,1.1114],[103.4431,1.0128]]],[[[104.1463,1.1605],[104.0923,0.9899],[103.9067,1.0717],[104.1463,1.1605]]],[[[97.3286,2.1475],[97.3218,2.0314],[97.1028,2.2127],[97.3286,2.1475]]],[[[111.4114,2.3911],[111.3127,2.4313],[111.3154,2.7845],[111.4114,2.3911]]],[[[104.2227,2.7856],[104.1306,2.7458],[104.1707,2.8911],[104.2227,2.7856]]],[[[105.802,2.9973],[105.7127,2.8432],[105.6887,3.06],[105.802,2.9973]]],[[[106.2852,3.1791],[106.2791,3.0872],[106.2058,3.2057],[106.2852,3.1791]]],[[[117.6253,3.4377],[117.6484,3.246],[117.5313,3.4031],[117.6253,3.4377]]],[[[100.3098,5.4508],[100.1843,5.2685],[100.1795,5.4582],[100.3098,5.4508]]],[[[95.3418,5.8964],[95.3384,5.7792],[95.2136,5.9025],[95.3418,5.8964]]],[[[99.9006,6.3643],[99.7287,6.2615],[99.6452,6.4358],[99.9006,6.3643]]],[[[99.6724,6.5165],[99.6003,6.5834],[99.657,6.7238],[99.6724,6.5165]]],[[[117.1712,7.3427],[117.2624,7.202],[117.0715,7.1025],[117.1712,7.3427]]],[[[93.7312,7.3694],[93.6179,7.26],[93.697,7.4451],[93.7312,7.3694]]],[[[93.4295,7.9553],[93.4544,7.8693],[93.305,7.9499],[93.4295,7.9553]]],[[[98.4186,7.9038],[98.2918,7.7775],[98.2814,8.1918],[98.4186,7.9038]]],[[[93.5319,8.0347],[93.4466,8.1544],[93.5046,8.227],[93.5319,8.0347]]],[[[100.0702,9.5864],[99.9466,9.4182],[99.9263,9.566],[100.0702,9.5864]]],[[[98.2957,10.0489],[98.1335,9.8456],[98.1275,9.9601],[98.2957,10.0489]]],[[[104.082,10.371],[104.0513,10.008],[103.846,10.3713],[104.082,10.371]]],[[[98.2678,10.8371],[98.2507,10.6931],[98.0774,10.8881],[98.1719,10.9787],[98.2678,10.8371]]],[[[98.2783,11.7998],[98.2835,11.5094],[98.1765,11.4492],[98.2783,11.7998]]],[[[98.5353,11.8036],[98.5353,11.5292],[98.3708,11.7893],[98.5353,11.8036]]],[[[98.6035,11.9674],[98.478,11.8909],[98.4391,12.112],[98.6035,11.9674]]],[[[102.3997,12.0432],[102.2904,11.9748],[102.2495,12.153],[102.3997,12.0432]]],[[[98.0964,12.1872],[98.0344,12.2213],[98.0725,12.2895],[98.0964,12.1872]]],[[[98.0653,12.3653],[98.0003,12.269],[97.9456,12.31],[98.0653,12.3653]]],[[[98.4663,12.5837],[98.302,12.338],[98.3156,12.6874],[98.4663,12.5837]]],[[[98.2957,13.0847],[98.302,12.9133],[98.2473,13.215],[98.2957,13.0847]]],[[[94.6621,16.2219],[94.4027,15.8393],[94.3897,16.0009],[94.6621,16.2219]]],[[[97.5894,16.4153],[97.5475,16.1999],[97.4596,16.4774],[97.5894,16.4153]]],[[[93.7454,18.8],[93.6453,18.6793],[93.4841,18.875],[93.7454,18.8]]],[[[93.9707,19.4169],[93.8027,19.2767],[93.6418,19.492],[93.9707,19.4169]]],[[[93.5052,19.8073],[93.4407,19.8109],[93.4028,19.9531],[93.5052,19.8073]]],[[[92.964,20.0367],[93.0249,19.8278],[92.9094,20.0651],[92.964,20.0367]]],[[[107.0803,20.8004],[107.0462,20.7042],[106.9129,20.8369],[107.0803,20.8004]]],[[[-156.8484,20.8768],[-156.9623,20.7324],[-157.0631,20.8904],[-156.8484,20.8768]]],[[[110.5475,21.0373],[110.5169,20.9376],[110.2459,20.986],[110.5475,21.0373]]],[[[107.5806,21.212],[107.3729,21.0596],[107.4553,21.2757],[107.5806,21.212]]],[[[91.9356,21.76],[91.9702,21.5236],[91.8771,21.481],[91.9356,21.76]]],[[[-160.1138,22.0003],[-160.0722,21.9108],[-160.2113,21.7802],[-160.1138,22.0003]]],[[[91.1488,22.3571],[91.1868,22.2278],[91.0225,22.0949],[91.1488,22.3571]]],[[[91.4676,22.5863],[91.5552,22.402],[91.4465,22.4532],[91.4676,22.5863]]],[[[123.8147,24.3917],[123.8731,24.2582],[123.6682,24.2966],[123.8147,24.3917]]],[[[118.3942,24.5227],[118.4634,24.4315],[118.2839,24.4013],[118.3942,24.5227]]],[[[124.3291,24.5836],[124.1403,24.342],[124.0784,24.4355],[124.3291,24.5836]]],[[[125.3872,24.7822],[125.2588,24.7334],[125.2603,24.8852],[125.3872,24.7822]]],[[[119.8465,25.5363],[119.7573,25.4049],[119.6685,25.4879],[119.7635,25.6595],[119.8465,25.5363]]],[[[128.9888,27.8111],[128.9295,27.6867],[128.8945,27.8913],[128.9888,27.8111]]],[[[122.3275,30.0245],[122.0191,29.9972],[121.9631,30.1424],[122.3275,30.0245]]],[[[130.6746,30.3746],[130.486,30.2258],[130.3762,30.3944],[130.6746,30.3746]]],[[[131.052,30.8402],[131.0576,30.6113],[130.8704,30.3439],[131.052,30.8402]]],[[[130.41,32.5116],[130.3623,32.375],[130.2131,32.4365],[130.41,32.5116]]],[[[130.1605,32.5463],[130.2034,32.3389],[129.9955,32.1907],[130.0029,32.5334],[130.1605,32.5463]]],[[[128.8784,32.6739],[128.6004,32.6142],[128.6608,32.7828],[128.8784,32.6739]]],[[[129.098,32.9883],[129.0457,32.8221],[129.1082,33.1667],[129.098,32.9883]]],[[[129.5557,33.4108],[129.4931,33.2452],[129.3425,33.1796],[129.5557,33.4108]]],[[[129.7764,33.7734],[129.6571,33.7426],[129.6886,33.8711],[129.7764,33.7734]]],[[[132.2362,33.869],[132.2261,33.9527],[132.4695,33.9379],[132.2362,33.869]]],[[[129.3125,34.2798],[129.1716,34.1068],[129.2074,34.3293],[129.3125,34.2798]]],[[[126.3801,34.4984],[126.1033,34.4028],[126.2477,34.5748],[126.3801,34.4984]]],[[[135.0027,34.6084],[134.9583,34.2704],[134.7287,34.1909],[134.6833,34.3282],[135.0027,34.6084]]],[[[129.4526,34.6195],[129.4008,34.3379],[129.2289,34.3556],[129.3233,34.6481],[129.4526,34.6195]]],[[[126.056,34.9136],[126.0807,34.871],[125.9865,34.8627],[126.056,34.9136]]],[[[128.0696,34.815],[127.8921,34.7127],[127.8294,34.869],[128.0696,34.815]]],[[[133.367,36.2742],[133.326,36.1581],[133.1878,36.2161],[133.367,36.2742]]],[[[126.5078,37.5969],[126.3701,37.631],[126.4071,37.8207],[126.5078,37.5969]]],[[[139.5485,42.2434],[139.4456,42.0548],[139.4238,42.1916],[139.5485,42.2434]]],[[[146.8817,43.8592],[146.6022,43.7361],[146.6047,43.8086],[146.8817,43.8592]]],[[[141.3272,45.1723],[141.2512,45.0992],[141.1318,45.2103],[141.3272,45.1723]]],[[[141.0527,45.4504],[141.0357,45.2649],[140.9668,45.4634],[141.0527,45.4504]]],[[[31.9403,46.2046],[32.1663,46.1494],[31.5044,46.3734],[31.9403,46.2046]]],[[[152.2056,47.1288],[151.8506,46.7905],[151.7122,46.8066],[152.2056,47.1288]]],[[[154.2129,48.9177],[154.0564,48.7378],[153.9733,48.7395],[154.2129,48.9177]]],[[[156.4605,50.8737],[156.4058,50.6301],[156.18,50.6884],[156.4605,50.8737]]],[[[155.5635,50.8083],[155.4741,50.9218],[155.6729,50.8703],[155.5635,50.8083]]],[[[179.4001,51.4084],[179.243,51.3538],[178.6364,51.6374],[179.4001,51.4084]]],[[[179.7809,51.967],[179.6421,51.8742],[179.4861,51.9739],[179.7809,51.967]]],[[[177.6426,52.1247],[177.6121,51.9279],[177.2243,51.892],[177.6426,52.1247]]],[[[173.7913,52.5015],[173.7434,52.3612],[173.3889,52.4038],[173.7913,52.5015]]],[[[-162.5872,54.4411],[-162.6327,54.3719],[-162.8411,54.461],[-162.5872,54.4411]]],[[[168.0593,54.5466],[167.7349,54.6634],[167.4391,54.8663],[168.0593,54.5466]]],[[[-162.3749,54.9544],[-162.2309,54.9073],[-162.3422,54.8395],[-162.3749,54.9544]]],[[[137.1712,55.1195],[137.075,54.9332],[136.6704,54.9073],[137.1712,55.1195]]],[[[-160.4974,55.1946],[-160.8189,55.1195],[-160.8536,55.3319],[-160.5593,55.3931],[-160.4974,55.1946]]],[[[-169.5809,56.6095],[-169.4744,56.593],[-169.7891,56.6203],[-169.5809,56.6095]]],[[[-170.2416,57.2163],[-170.1044,57.2504],[-170.29,57.1064],[-170.4121,57.1848],[-170.2416,57.2163]]],[[[23.3816,58.5799],[23.0593,58.6035],[23.1978,58.6806],[23.3816,58.5799]]],[[[150.7253,59.128],[150.6107,59.0057],[150.4721,59.0042],[150.7253,59.128]]],[[[22.8874,60.0678],[22.9266,60.0654],[22.8722,60.006],[22.8874,60.0678]]],[[[22.3132,60.192],[22.3856,60.1953],[22.3237,60.1469],[22.3132,60.192]]],[[[22.2997,60.3676],[22.1911,60.3417],[22.1572,60.3519],[22.2997,60.3676]]],[[[22.2062,60.3826],[22.1043,60.3542],[22.1379,60.3791],[22.2062,60.3826]]],[[[-172.2973,60.3513],[-173.0576,60.4984],[-172.925,60.6067],[-172.2973,60.3513]]],[[[-170.9752,63.4312],[-171.0585,63.4301],[-170.784,63.4085],[-170.9752,63.4312]]],[[[-171.09,63.6039],[-171.0708,63.6025],[-171.0749,63.6022],[-171.09,63.6039]]],[[[-171.09,63.6039],[-171.1577,63.6097],[-171.144,63.6118],[-171.09,63.6039]]],[[[35.8669,65.0313],[35.5061,65.1213],[35.7865,65.1651],[35.8669,65.0313]]],[[[30.0212,69.8323],[29.7132,69.7634],[29.8425,69.9089],[30.0212,69.8323]]],[[[-7.9626,71.1749],[-8.006,71.0325],[-9.1174,70.8749],[-7.9626,71.1749]]],[[[137.9142,71.5585],[137.6934,71.4194],[136.9919,71.5175],[137.9142,71.5585]]],[[[74.7254,73.1071],[74.9616,73.06],[74.7026,73.0788],[74.6563,72.8586],[74.0933,73.0278],[74.7254,73.1071]]],[[[120.2786,73.1009],[119.7207,73.0338],[119.6345,73.1282],[120.2786,73.1009]]],[[[76.7566,73.4497],[76.072,73.5255],[76.2507,73.5542],[76.7566,73.4497]]],[[[75.9226,73.5237],[75.3042,73.4088],[76.0794,73.5596],[75.9226,73.5237]]],[[[83.5134,74.1213],[83.6201,74.0909],[82.8145,74.094],[83.5134,74.1213]]],[[[136.259,73.9575],[136.1353,73.8792],[135.354,74.2591],[136.259,73.9575]]],[[[19.1603,74.526],[19.2834,74.444],[19.0737,74.3474],[18.7898,74.4782],[19.1603,74.526]]],[[[87.029,74.9915],[87.1388,74.9369],[86.6869,74.8959],[86.9196,74.8198],[86.2134,74.9034],[87.029,74.9915]]],[[[82.2396,75.3757],[82.0412,75.3378],[82.013,75.1772],[81.4924,75.362],[82.1707,75.5197],[82.013,75.444],[82.2396,75.3757]]],[[[135.9914,75.5272],[135.9834,75.4172],[135.45,75.3757],[135.6931,75.8693],[136.1843,75.6159],[135.9914,75.5272]]],[[[96.6441,76.267],[96.5956,76.1572],[96.2461,76.205],[96.3447,76.105],[95.2661,76.2186],[96.6441,76.267]]],[[[111.9588,76.6022],[112.3672,76.6581],[112.7141,76.5205],[111.9588,76.6022]]],[[[149.3747,76.7382],[149.2001,76.6268],[148.4318,76.6293],[149.3747,76.7382]]],[[[96.5274,77.2055],[96.235,76.9905],[95.2319,77.0063],[96.5274,77.2055]]],[[[89.6892,77.2806],[89.817,77.2106],[89.1346,77.2177],[89.6892,77.2806]]],[[[107.7041,78.1372],[107.451,78.0532],[106.395,78.1309],[107.7041,78.1372]]],[[[106.5322,78.2539],[105.991,78.2191],[106.7656,78.3085],[106.5322,78.2539]]],[[[27.0208,78.6989],[26.7376,78.6265],[26.3963,78.7752],[27.0208,78.6989]]],[[[12.1428,78.237],[11.1218,78.4389],[10.4844,78.8907],[10.9998,78.8342],[11.259,78.5282],[11.8722,78.4479],[12.1428,78.237]]],[[[29.439,78.905],[29.707,78.8981],[27.842,78.8435],[28.4186,78.967],[29.439,78.905]]],[[[77.6136,79.5219],[76.6961,79.4776],[76.0514,79.6485],[77.6136,79.5219]]],[[[51.3469,79.9533],[51.5051,79.9334],[50.0453,79.9744],[51.001,80.1025],[51.3469,79.9533]]],[[[50.0813,80.0681],[49.5313,80.1588],[50.3356,80.1816],[50.0813,80.0681]]],[[[33.0986,80.2277],[33.6404,80.2208],[31.4771,80.1039],[33.0986,80.2277]]],[[[79.8067,80.9743],[80.4372,80.9402],[78.9746,80.8426],[79.8067,80.9743]]],[[[91.5472,81.1538],[91.1862,81.0568],[89.8939,81.1736],[91.5472,81.1538]]],[[[62.5037,81.6528],[62.1065,81.6801],[63.8059,81.6601],[62.5037,81.6528]]],[[[58.2954,81.7142],[57.8913,81.708],[58.1561,81.8303],[59.44,81.8178],[58.2954,81.7142]]],[[[166.2434,-50.6008],[166.1227,-50.7004],[166.2401,-50.851],[165.8967,-50.8513],[166.0959,-50.5359],[166.2434,-50.6008]]],[[[147.3366,-43.3403],[147.3039,-43.5089],[147.0862,-43.4296],[147.3366,-43.3403]]],[[[147.4021,-43.1311],[147.3608,-43.2579],[147.2918,-43.153],[147.4021,-43.1311]]],[[[148.1419,-42.6038],[148.0116,-42.7512],[148.0246,-42.6135],[148.1419,-42.6038]]],[[[148.4299,-40.3733],[148.3406,-40.5037],[147.9985,-40.4177],[148.4299,-40.3733]]],[[[145.4419,-38.3165],[145.2837,-38.4026],[145.2979,-38.2966],[145.4419,-38.3165]]],[[[153.4873,-27.4152],[153.4033,-27.7263],[153.398,-27.4931],[153.4873,-27.4152]]],[[[153.4115,-27.3395],[153.3605,-27.066],[153.4513,-27.017],[153.4115,-27.3395]]],[[[113.2166,-26.068],[112.9539,-25.773],[112.9595,-25.4825],[113.2166,-26.068]]],[[[151.2699,-23.6663],[151.2139,-23.7781],[150.9796,-23.4874],[151.2391,-23.4889],[151.2699,-23.6663]]],[[[115.4645,-20.7302],[115.307,-20.8705],[115.3994,-20.6938],[115.4645,-20.7302]]],[[[-173.9564,-18.5673],[-173.9905,-18.7052],[-174.0725,-18.634],[-173.9564,-18.5673]]],[[[146.319,-18.383],[146.2234,-18.4655],[146.0973,-18.2452],[146.3021,-18.2372],[146.319,-18.383]]],[[[-149.7967,-17.4645],[-149.8428,-17.5676],[-149.9444,-17.4924],[-149.7967,-17.4645]]],[[[139.5622,-17.0392],[139.4251,-17.1428],[139.4939,-16.9851],[139.5622,-17.0392]]],[[[-151.4787,-16.7382],[-151.3525,-16.8586],[-151.4779,-16.8896],[-151.4787,-16.7382]]],[[[137.0779,-15.7512],[136.9347,-15.7213],[136.9948,-15.5928],[137.0779,-15.7512]]],[[[136.6157,-15.539],[136.5879,-15.6352],[136.4985,-15.6277],[136.6157,-15.539]]],[[[124.5757,-15.3329],[124.5492,-15.4363],[124.4588,-15.3609],[124.5757,-15.3329]]],[[[125.1951,-14.4701],[125.1375,-14.6476],[125.0964,-14.549],[125.1951,-14.4701]]],[[[136.2869,-13.7058],[136.2361,-13.8473],[136.1167,-13.8167],[136.2869,-13.7058]]],[[[136.4233,-11.5095],[136.177,-11.6882],[136.2669,-11.5729],[136.4233,-11.5095]]],[[[154.2817,-11.3482],[154.2681,-11.4207],[154.0075,-11.3859],[154.2817,-11.3482]]],[[[136.7637,-11.0401],[136.7165,-11.2062],[136.478,-11.4479],[136.7637,-11.0401]]],[[[132.4894,-11.1601],[132.5993,-10.9684],[132.5993,-11.345],[132.4894,-11.1601]]],[[[142.2554,-10.6667],[142.187,-10.7696],[142.1123,-10.6843],[142.2554,-10.6667]]],[[[121.9402,-10.4301],[121.8818,-10.5983],[121.6901,-10.5642],[121.9402,-10.4301]]],[[[142.2935,-10.1389],[142.3342,-10.2005],[142.2212,-10.2421],[142.2935,-10.1389]]],[[[-138.8366,-9.7411],[-139.0619,-9.8539],[-139.1732,-9.7742],[-138.8366,-9.7411]]],[[[160.2541,-9.1589],[160.315,-9.0617],[160.4142,-9.1316],[160.2541,-9.1589]]],[[[159.1952,-9.0566],[159.2332,-9.101],[159.1741,-9.1384],[159.1952,-9.0566]]],[[[160.0967,-9.0566],[160.3014,-9.0616],[160.2645,-9.1316],[160.0967,-9.0566]]],[[[159.1672,-9.018],[159.1473,-9.1037],[159.0393,-9.0685],[159.1672,-9.018]]],[[[-140.0494,-8.8232],[-140.1832,-8.9537],[-140.2611,-8.8232],[-140.0494,-8.8232]]],[[[157.6155,-8.7345],[157.6223,-8.7958],[157.4524,-8.7219],[157.6155,-8.7345]]],[[[158.0569,-8.5283],[158.1057,-8.6911],[157.957,-8.756],[157.8998,-8.5624],[158.0569,-8.5283]]],[[[151.1126,-8.7686],[150.999,-8.5182],[151.1292,-8.4191],[151.1126,-8.7686]]],[[[143.6084,-8.6381],[143.6289,-8.7304],[143.1789,-8.4191],[143.6084,-8.6381]]],[[[157.3587,-8.5768],[157.4138,-8.727],[157.2009,-8.5659],[157.3475,-8.4125],[157.3587,-8.5768]]],[[[159.6886,-8.5079],[159.5498,-8.4708],[159.5583,-8.3894],[159.6886,-8.5079]]],[[[143.3794,-8.426],[143.5737,-8.3737],[143.6106,-8.475],[143.3794,-8.426]]],[[[125.5693,-8.1964],[125.6506,-8.1428],[125.5736,-8.3173],[125.5693,-8.1964]]],[[[128.0906,-8.131],[128.0256,-8.2614],[127.7616,-8.1174],[128.0906,-8.131]]],[[[131.1094,-8.131],[130.7634,-8.3508],[130.9264,-8.1325],[131.1094,-8.131]]],[[[156.6112,-8.0727],[156.5874,-8.1994],[156.5498,-7.9392],[156.6112,-8.0727]]],[[[129.8412,-7.8779],[129.7764,-8.0554],[129.5852,-7.902],[129.6325,-7.796],[129.8412,-7.8779]]],[[[127.4702,-7.5278],[127.3577,-7.6557],[127.3727,-7.5061],[127.4702,-7.5278]]],[[[131.9822,-7.1889],[131.7322,-7.1412],[131.9185,-7.1036],[131.9822,-7.1889]]],[[[128.6697,-7.1374],[128.6387,-7.2199],[128.5288,-7.1305],[128.6697,-7.1374]]],[[[155.8167,-7.0207],[155.8509,-7.0993],[155.6729,-7.0895],[155.8167,-7.0207]]],[[[105.2642,-6.5279],[105.2039,-6.6733],[105.1201,-6.631],[105.2642,-6.5279]]],[[[120.5462,-5.9382],[120.4813,-6.4773],[120.4705,-5.7669],[120.5462,-5.9382]]],[[[132.802,-5.7874],[132.6919,-5.9288],[132.6198,-5.603],[132.802,-5.7874]]],[[[133.1843,-5.3103],[132.8423,-5.9968],[133.1101,-5.311],[133.1843,-5.3103]]],[[[147.2096,-5.27],[147.1619,-5.4448],[147.0051,-5.3194],[147.2096,-5.27]]],[[[145.9968,-4.5343],[146.0552,-4.6599],[145.9392,-4.7609],[145.9968,-4.5343]]],[[[133.5584,-4.232],[133.4605,-4.2441],[133.3242,-4.1083],[133.5584,-4.232]]],[[[128.5288,-3.533],[128.3929,-3.6428],[128.4271,-3.5227],[128.5288,-3.533]]],[[[128.7206,-3.5256],[128.6362,-3.6228],[128.561,-3.4937],[128.7206,-3.5256]]],[[[152.6506,-3.1147],[152.6438,-3.2245],[152.5316,-3.0753],[152.6506,-3.1147]]],[[[106.9089,-2.9298],[106.8612,-3.029],[106.7227,-2.9661],[106.9089,-2.9298]]],[[[152.0715,-2.9167],[152.0254,-2.9961],[151.9719,-2.8478],[152.0715,-2.9167]]],[[[-171.6778,-2.8332],[-171.7151,-2.759],[-171.6296,-2.8272],[-171.6778,-2.8332]]],[[[126.0691,-2.3845],[125.9046,-2.2314],[125.9334,-1.9645],[126.0691,-2.3845]]],[[[149.735,-1.4736],[149.793,-1.5803],[149.5398,-1.4255],[149.735,-1.4736]]],[[[134.9982,-1.0187],[134.9258,-1.1355],[134.8001,-1.0278],[134.9982,-1.0187]]],[[[130.9172,-0.7784],[130.4002,-0.9293],[130.4785,-0.7999],[130.9172,-0.7784]]],[[[127.2962,-0.7437],[127.1555,-0.7724],[127.2009,-0.6228],[127.2962,-0.7437]]],[[[130.6776,-0.4358],[130.6411,-0.5275],[130.4617,-0.5252],[130.6776,-0.4358]]],[[[121.8539,-0.4011],[121.8948,-0.5079],[121.6423,-0.5456],[121.8539,-0.4011]]],[[[127.2346,-0.4904],[127.1086,-0.5011],[127.1748,-0.2555],[127.2971,-0.2819],[127.2346,-0.4904]]],[[[103.7127,-0.2697],[103.4617,-0.3669],[103.5579,-0.2234],[103.7127,-0.2697]]],[[[129.5369,-0.1342],[129.5168,-0.2088],[129.2935,0.0477],[129.5369,-0.1342]]],[[[104.6887,0.0713],[104.6062,0.0918],[104.4902,0.2426],[104.6887,0.0713]]],[[[104.2261,0.8801],[104.1764,0.7985],[104.0991,0.9489],[104.2261,0.8801]]],[[[-157.191,1.7639],[-157.5782,1.9079],[-157.4285,1.8386],[-157.4238,2.0205],[-157.191,1.7639]]],[[[125.6525,3.4696],[125.5073,3.4633],[125.4421,3.7366],[125.6525,3.4696]]],[[[126.6565,3.9815],[126.7126,3.9207],[126.6961,3.8123],[126.6565,3.9815]]],[[[120.252,5.2665],[120.2166,5.115],[120.1209,5.218],[119.8193,5.0598],[120.252,5.2665]]],[[[158.2908,6.938],[158.1802,6.8025],[158.1325,6.9414],[158.2908,6.938]]],[[[117.085,8.0578],[117.0099,7.8003],[116.9617,8.062],[117.085,8.0578]]],[[[117.3255,8.3227],[117.3595,8.2191],[117.2897,8.1843],[117.3255,8.3227]]],[[[124.7842,9.1998],[124.7702,9.0774],[124.6365,9.1824],[124.7842,9.1998]]],[[[123.698,9.165],[123.4712,9.1855],[123.6421,9.2936],[123.698,9.165]]],[[[126.1659,9.8292],[125.966,9.8502],[126.0715,10.0591],[126.1659,9.8292]]],[[[119.9502,10.6037],[119.7886,10.457],[119.8379,10.6375],[119.9502,10.6037]]],[[[122.7111,10.7347],[122.5366,10.4194],[122.5366,10.6075],[122.7111,10.7347]]],[[[123.801,11.1791],[123.7337,11.1543],[123.7458,11.2925],[123.801,11.1791]]],[[[119.8672,11.5156],[119.8329,11.3784],[119.7162,11.4604],[119.8672,11.5156]]],[[[120.0247,11.893],[119.967,11.6644],[119.854,11.9544],[120.0247,11.893]]],[[[122.6875,12.4028],[122.6118,12.2765],[122.423,12.4629],[122.6875,12.4028]]],[[[123.7874,12.3756],[123.6092,12.6874],[123.7327,12.5913],[123.7874,12.3756]]],[[[123.2803,12.8649],[123.3758,12.6936],[122.9445,13.1113],[123.2803,12.8649]]],[[[120.2609,13.7116],[120.0857,13.8608],[120.2376,13.8046],[120.2609,13.7116]]],[[[122.1047,14.1026],[122.177,14.0071],[121.9266,14.2213],[122.1047,14.1026]]],[[[122.0054,15.0107],[121.9402,14.6401],[121.8264,15.0122],[122.0054,15.0107]]],[[[121.9712,18.9849],[121.8342,18.8343],[121.8926,18.9965],[121.9712,18.9849]]],[[[121.5261,19.3207],[121.4983,19.2593],[121.3508,19.3759],[121.5261,19.3207]]],[[[53.03,39.0613],[53.0879,39.0881],[53.1021,38.7551],[53.03,39.0613]]],[[[50.1703,44.8301],[49.9861,44.9468],[50.052,45.0656],[50.1703,44.8301]]],[[[-79.9779,56.2021],[-80.105,56.2005],[-80.0599,56.3044],[-79.5459,56.5303],[-79.9779,56.2021]]],[[[-80.1083,59.7648],[-80.043,59.8778],[-79.8817,59.861],[-80.1083,59.7648]]],[[[-18.5503,76.0541],[-18.6533,75.9033],[-19.1064,76.4735],[-18.7632,76.5886],[-19.0727,76.7343],[-18.6734,76.6555],[-18.5503,76.0541]]],[[[-18.0065,77.6369],[-18.2672,77.6567],[-17.8901,77.8684],[-17.6173,77.8066],[-18.0065,77.6369]]],[[[-19.1714,77.9953],[-19.3204,78.1445],[-18.8599,78.1445],[-19.1714,77.9953]]],[[[-18.9178,78.4435],[-19.0634,78.3088],[-18.8937,78.2104],[-19.2711,78.2307],[-19.2892,78.3681],[-18.9178,78.4435]]],[[[-19.4596,81.9532],[-19.6582,82.0941],[-18.6309,81.8197],[-19.4596,81.9532]]],[[[-32.1433,-79.6611],[-32.6012,-79.6611],[-31.9135,-79.5728],[-32.1433,-79.6611]]],[[[-73.8868,-73.1201],[-73.5225,-73.1301],[-74.0147,-73.4063],[-74.1592,-73.308],[-73.8868,-73.1201]]],[[[-104.6871,-73.0965],[-104.5327,-73.1745],[-104.9457,-73.1862],[-105.1554,-73.0053],[-104.6871,-73.0965]]],[[[-94.4914,-72.5224],[-94.3998,-72.6074],[-95.2743,-72.6518],[-94.4914,-72.5224]]],[[[-16.1861,-72.5905],[-16.1028,-72.6874],[-16.3816,-72.69],[-16.5163,-72.5191],[-16.1861,-72.5905]]],[[[-12.6595,-72.0595],[-12.4897,-72.1671],[-12.9674,-72.0563],[-12.6595,-72.0595]]],[[[-60.5307,-71.051],[-60.9573,-70.9773],[-60.587,-70.9251],[-60.5307,-71.051]]],[[[-60.4353,-70.5968],[-60.7165,-70.7106],[-60.9822,-70.6209],[-60.8345,-70.5124],[-60.4353,-70.5968]]],[[[-61.1054,-69.9638],[-61.406,-69.9428],[-61.2682,-69.852],[-61.1054,-69.9638]]],[[[-60.8941,-68.7599],[-61.0211,-68.7067],[-60.652,-68.7758],[-60.8941,-68.7599]]],[[[-67.2882,-67.7301],[-67.7748,-67.6858],[-67.1222,-67.6425],[-67.2882,-67.7301]]],[[[-67.3812,-66.9024],[-67.6031,-66.88],[-67.4066,-66.7365],[-67.2407,-66.8308],[-67.3812,-66.9024]]],[[[-66.7725,-66.1378],[-66.5556,-66.087],[-66.8887,-66.3258],[-66.7725,-66.1378]]],[[[-66.1902,-65.8237],[-65.96,-65.5533],[-65.6248,-65.5349],[-65.913,-65.7058],[-65.8135,-65.8399],[-66.1902,-65.8237]]],[[[-63.2777,-64.8062],[-63.5945,-64.9074],[-63.1571,-64.7245],[-63.2777,-64.8062]]],[[[-57.3146,-64.4365],[-56.8784,-64.3357],[-57.2191,-64.5654],[-57.4476,-64.5344],[-57.3146,-64.4365]]],[[[-57.6431,-63.8494],[-57.0891,-63.8395],[-57.244,-63.9023],[-57.6431,-63.8494]]],[[[-60.8866,-63.8586],[-60.6652,-63.7223],[-60.8022,-63.6658],[-60.5528,-63.6993],[-60.6279,-63.8586],[-60.8866,-63.8586]]],[[[-55.7196,-63.4754],[-55.9649,-63.5815],[-56.2405,-63.4787],[-55.7196,-63.4754]]],[[[-56.546,-63.0993],[-56.4768,-62.9767],[-56.035,-63.0575],[-56.2735,-63.1785],[-56.546,-63.0993]]],[[[-62.6013,-63.0656],[-62.7123,-63.0893],[-62.3063,-62.8752],[-62.6013,-63.0656]]],[[[-59.6942,-62.3785],[-59.3474,-62.4065],[-59.5088,-62.457],[-59.6942,-62.3785]]],[[[-58.9831,-62.2654],[-58.8343,-62.3093],[-59.2178,-62.2921],[-58.9831,-62.2654]]],[[[-55.078,-61.0932],[-54.6515,-61.1065],[-55.2114,-61.2673],[-55.449,-61.115],[-55.078,-61.0932]]],[[[-46.007,-60.6127],[-45.4772,-60.5456],[-45.141,-60.7361],[-46.007,-60.6127]]],[[[-67.5016,-55.8211],[-67.6218,-55.9185],[-67.9139,-55.8366],[-67.5016,-55.8211]]],[[[-67.3761,-55.7509],[-67.5815,-55.7094],[-67.3487,-55.5756],[-67.2526,-55.7639],[-67.3761,-55.7509]]],[[[-63.8884,-54.7299],[-64.7587,-54.8323],[-64.5423,-54.7156],[-63.8884,-54.7299]]],[[[-74.4923,-51.9787],[-74.7356,-52.0846],[-74.5438,-51.9207],[-74.4923,-51.9787]]],[[[-60.9476,-51.9474],[-61.1531,-51.8449],[-60.8629,-51.7609],[-60.9476,-51.9474]]],[[[-75.0611,-51.8823],[-75.0954,-51.7765],[-74.9827,-51.7214],[-75.0611,-51.8823]]],[[[-74.4346,-51.8449],[-74.5028,-51.7072],[-74.0963,-51.8774],[-74.4346,-51.8449]]],[[[-73.9439,-51.7413],[-74.2406,-51.6985],[-74.0821,-51.5382],[-73.9439,-51.7413]]],[[[-60.1699,-51.3925],[-60.3009,-51.2682],[-60.0743,-51.3],[-60.1699,-51.3925]]],[[[-59.7484,-51.2833],[-59.502,-51.2621],[-59.4474,-51.3242],[-59.7484,-51.2833]]],[[[-74.2489,-51.2348],[-74.352,-50.9257],[-74.1969,-51.1754],[-74.2489,-51.2348]]],[[[-75.126,-50.4943],[-75.3456,-50.5607],[-75.2906,-50.7818],[-75.4618,-50.7625],[-75.5138,-50.6491],[-75.3594,-50.5905],[-75.4686,-50.4943],[-75.126,-50.4943]]],[[[-75.1058,-48.9699],[-75.3082,-48.7949],[-75.0914,-48.8707],[-75.1058,-48.9699]]],[[[-75.1824,-47.8315],[-75.3559,-47.7361],[-75.0916,-47.6805],[-75.0237,-47.8033],[-75.1824,-47.8315]]],[[[-74.8852,-47.7121],[-74.9577,-47.7748],[-75.0544,-47.6896],[-74.8852,-47.7121]]],[[[-73.7251,-46.0505],[-73.7755,-46.1995],[-73.9405,-46.0681],[-73.7251,-46.0505]]],[[[-73.7419,-45.7939],[-73.6941,-45.8888],[-73.9343,-45.9719],[-73.7419,-45.7939]]],[[[-73.6662,-45.4369],[-73.6804,-45.7529],[-73.8183,-45.6425],[-73.6662,-45.4369]]],[[[-73.9616,-44.8102],[-74.0714,-44.8542],[-74.1875,-44.8063],[-73.9616,-44.8102]]],[[[-73.9305,-44.7892],[-73.7623,-44.9299],[-73.8832,-44.9282],[-73.9305,-44.7892]]],[[[-73.6047,-44.7449],[-73.6273,-44.8298],[-73.7493,-44.8028],[-73.6047,-44.7449]]],[[[-73.66,-44.6765],[-73.7525,-44.7414],[-73.8214,-44.5787],[-73.6799,-44.5449],[-73.66,-44.6765]]],[[[-74.0299,-44.3546],[-73.9268,-44.3546],[-73.9405,-44.4506],[-74.0299,-44.3546]]],[[[-74.1087,-44.2275],[-73.8936,-44.2394],[-74.0179,-44.3277],[-74.1087,-44.2275]]],[[[-74.1439,-43.8276],[-73.8651,-43.7626],[-73.7623,-43.8889],[-74.1439,-43.8276]]],[[[-74.8182,-43.635],[-74.7379,-43.5302],[-74.5575,-43.6274],[-74.8182,-43.635]]],[[[-61.9072,-39.1367],[-61.8683,-39.2394],[-62.098,-39.0878],[-61.9072,-39.1367]]],[[[167.521,-22.5696],[167.5552,-22.6384],[167.4187,-22.6453],[167.521,-22.5696]]],[[[-175.0655,-21.124],[-175.1488,-21.268],[-175.3648,-21.1139],[-175.0655,-21.124]]],[[[166.6372,-20.4251],[166.4939,-20.7131],[166.5637,-20.402],[166.6372,-20.4251]]],[[[169.8403,-20.1408],[169.8716,-20.2394],[169.738,-20.2089],[169.8403,-20.1408]]],[[[169.4328,-19.4929],[169.4362,-19.6573],[169.2434,-19.342],[169.4328,-19.4929]]],[[[-169.8511,-18.9651],[-169.7829,-19.0689],[-169.9337,-19.1297],[-169.8511,-18.9651]]],[[[178.4303,-18.9553],[178.179,-19.1575],[177.9512,-19.1297],[178.4303,-18.9553]]],[[[179.3455,-17.9988],[179.3503,-18.1188],[179.2328,-17.9448],[179.3455,-17.9988]]],[[[178.7764,-17.6288],[178.8355,-17.6932],[178.7681,-17.7472],[178.7764,-17.6288]]],[[[-180,-16.7867],[-179.8157,-16.7722],[-180,-16.9641],[-180,-16.7867]]],[[[168.1921,-16.8139],[168.1442,-16.573],[168.4807,-16.8002],[168.1921,-16.8139]]],[[[168.1858,-15.5178],[168.2043,-15.9924],[168.1196,-15.6628],[168.1858,-15.5178]]],[[[167.9395,-15.3919],[167.6729,-15.4498],[168.0025,-15.2818],[167.9395,-15.3919]]],[[[168.0964,-14.9804],[168.1921,-15.2063],[168.179,-15.3951],[168.0964,-14.9804]]],[[[-170.591,-14.2648],[-170.7486,-14.3747],[-170.8312,-14.3194],[-170.591,-14.2648]]],[[[167.5149,-14.1406],[167.562,-14.2989],[167.4012,-14.3051],[167.5149,-14.1406]]],[[[167.4528,-13.9186],[167.4889,-13.7082],[167.59,-13.8566],[167.4528,-13.9186]]],[[[166.9239,-11.641],[166.843,-11.7133],[166.7672,-11.6171],[166.9239,-11.641]]],[[[166.1479,-10.694],[165.7565,-10.8122],[165.8781,-10.6568],[166.1479,-10.694]]],[[[134.6482,7.7194],[134.528,7.3576],[134.4876,7.4699],[134.6482,7.7194]]],[[[-78.8922,8.458],[-78.904,8.2192],[-78.9747,8.4444],[-78.8922,8.458]]],[[[138.1924,9.5759],[138.0681,9.4121],[138.1262,9.566],[138.1924,9.5759]]],[[[144.8864,13.6402],[144.6807,13.2468],[144.6242,13.4312],[144.8864,13.6402]]],[[[145.7879,15.2673],[145.7526,15.096],[145.6856,15.1025],[145.7879,15.2673]]],[[[53.657,24.1584],[53.8482,24.2751],[53.9649,24.1726],[53.657,24.1584]]],[[[53.3228,24.2627],[53.1846,24.287],[53.4168,24.4128],[53.3228,24.2627]]],[[[50.5516,26.1942],[50.5653,25.7895],[50.4489,26.1616],[50.5516,26.1942]]],[[[134.3674,34.5543],[134.3469,34.4308],[134.1614,34.4792],[134.3674,34.5543]]],[[[-59.7935,43.9646],[-59.7072,44.0144],[-60.1302,43.9605],[-59.7935,43.9646]]],[[[-66.8615,44.7268],[-66.7432,44.782],[-66.6904,44.62],[-66.906,44.6062],[-66.8615,44.7268]]],[[[-73.8573,45.5494],[-73.5648,45.6987],[-73.7183,45.5624],[-73.8573,45.5494]]],[[[-73.4993,45.7099],[-73.5887,45.4479],[-73.9736,45.4446],[-73.4993,45.7099]]],[[[-70.8433,47.0332],[-70.8743,46.937],[-71.1247,46.877],[-70.8433,47.0332]]],[[[-61.671,47.5465],[-61.9656,47.283],[-61.793,47.2403],[-62.0106,47.2248],[-61.9255,47.4132],[-61.3822,47.6367],[-61.671,47.5465]]],[[[-64.5048,47.8898],[-64.6966,47.7594],[-64.6687,47.8713],[-64.5048,47.8898]]],[[[154.8367,49.6501],[154.8151,49.3102],[154.606,49.2927],[154.8367,49.6501]]],[[[-79.3951,52.0837],[-79.2517,52.0769],[-79.6204,51.9205],[-79.3951,52.0837]]],[[[-78.7576,56.1679],[-78.9364,56.1195],[-78.6708,56.4431],[-78.7576,56.1679]]],[[[59.0017,79.9806],[58.7687,80.0211],[59.5291,80.1209],[59.9273,79.9949],[59.0017,79.9806]]],[[[52.6229,80.1833],[52.1829,80.2761],[53.1496,80.4126],[53.8695,80.2709],[52.6229,80.1833]]],[[[53.798,80.4729],[53.9729,80.5293],[53.8833,80.6107],[54.4651,80.4815],[53.798,80.4729]]],[[[60.2562,81.0364],[61.7017,81.1053],[60.9878,80.922],[60.0227,80.9954],[60.2562,81.0364]]],[[[58.5635,81.3244],[59.0179,81.4034],[59.3854,81.3306],[58.5635,81.3244]]],[[[-162.3398,-82.9238],[-161.5758,-83.0243],[-163.2613,-83.081],[-163.8114,-82.8469],[-162.3398,-82.9238]]],[[[-158.3468,-81.9015],[-157.8086,-82.0392],[-158.0985,-82.0958],[-159.0192,-81.7877],[-158.3468,-81.9015]]],[[[-154.1142,-80.037],[-155.6653,-79.8168],[-153.8946,-80.0209],[-154.1142,-80.037]]],[[[-155.7193,-79.7691],[-155.5817,-79.7829],[-155.8554,-79.7975],[-155.7193,-79.7691]]],[[[-150.4838,-77.3432],[-150.35,-77.3455],[-151.5115,-77.2708],[-150.4838,-77.3432]]],[[[-148.5336,-76.9496],[-148.4352,-76.9737],[-149.3048,-76.912],[-148.5336,-76.9496]]],[[[-146.1648,-76.9313],[-147.0315,-77.0053],[-147.1302,-76.8818],[-146.1648,-76.9313]]],[[[-148.5295,-76.7966],[-149.4907,-76.7669],[-148.3089,-76.7656],[-148.5295,-76.7966]]],[[[-150.2326,-76.7775],[-150.8755,-76.7405],[-150.0781,-76.7385],[-150.2326,-76.7775]]],[[[-146.8104,-76.596],[-147.0638,-76.6281],[-146.8397,-76.7011],[-146.9513,-76.717],[-147.3655,-76.6174],[-147.2406,-76.5055],[-146.8104,-76.596]]],[[[-147.4605,-76.0978],[-146.9083,-76.107],[-146.6613,-76.2756],[-147.4605,-76.0978]]],[[[-145.4404,-75.58],[-145.2008,-75.6858],[-146.1598,-75.5698],[-145.4404,-75.58]]],[[[-132.5712,-74.3884],[-132.3423,-74.4045],[-132.8985,-74.4264],[-132.5712,-74.3884]]],[[[169.9617,-73.5144],[169.4588,-73.5549],[169.7516,-73.3201],[169.9617,-73.5144]]],[[[68.7787,-72.1165],[68.8091,-72.2398],[68.3947,-72.2971],[68.7787,-72.1165]]],[[[-3.2281,-71.0528],[-2.9446,-71.225],[-3.415,-71.13],[-3.2281,-71.0528]]],[[[-5.9398,-70.4226],[-5.8849,-70.5494],[-6.1501,-70.6148],[-6.4538,-70.4444],[-5.9398,-70.4226]]],[[[3.2199,-70.3923],[3.0632,-70.5934],[2.5808,-70.5243],[3.2199,-70.3923]]],[[[72.2004,-70.607],[71.787,-70.6078],[71.6233,-70.3547],[71.8084,-70.2659],[72.2004,-70.607]]],[[[4.0488,-70.303],[4.6218,-70.3527],[4.3314,-70.5045],[4.0488,-70.303]]],[[[1.411,-70.0402],[1.465,-70.1505],[1.1978,-70.4064],[0.9568,-70.1917],[0.9795,-70.0656],[1.411,-70.0402]]],[[[85.6593,-66.7437],[85.9412,-66.8899],[85.613,-66.9866],[85.2586,-66.7662],[85.6593,-66.7437]]],[[[48.7737,-66.7205],[48.7634,-66.7833],[48.2816,-66.7672],[48.7737,-66.7205]]],[[[86.5486,-66.7031],[86.6758,-66.7197],[86.2305,-66.7304],[86.5486,-66.7031]]],[[[98.5886,-66.388],[98.9533,-66.4181],[98.7912,-66.4874],[98.5886,-66.388]]],[[[162.6261,-66.4625],[162.2902,-66.3976],[162.2979,-66.2548],[162.6261,-66.4625]]],[[[96.9172,-66.0544],[97.0309,-66.1406],[96.9085,-66.2114],[96.2966,-66.1835],[96.9172,-66.0544]]],[[[92.4963,-65.7031],[92.669,-65.7848],[92.2358,-65.7507],[92.4963,-65.7031]]],[[[103.2913,-65.392],[103.416,-65.4487],[103.1722,-65.4606],[102.7522,-65.1783],[103.0931,-65.1736],[103.2913,-65.392]]],[[[105.7041,-10.4308],[105.6946,-10.5649],[105.585,-10.5164],[105.7041,-10.4308]]],[[[126.1741,34.7328],[126.1113,34.7177],[126.0696,34.7697],[126.1741,34.7328]]],[[[126.1687,34.7923],[126.1463,34.7619],[126.0925,34.7876],[126.1687,34.7923]]],[[[126.0794,34.8227],[126.152,34.8712],[126.1159,34.8031],[126.0794,34.8227]]],[[[128.0728,34.8451],[127.9636,34.8598],[128.0178,34.9166],[128.0728,34.8451]]],[[[67.328,69.5727],[67.259,69.4386],[67.0218,69.477],[67.328,69.5727]]],[[[-73.8824,-38.3608],[-73.9121,-38.4099],[-73.9534,-38.3136],[-73.8824,-38.3608]]],[[[180,-16.9628],[179.8901,-16.9539],[180,-16.7853],[180,-16.9628]]],[[[123.6006,-1.6033],[123.4935,-1.7096],[123.5233,-1.4827],[123.6006,-1.6033]]],[[[-16.4772,19.7315],[-16.4842,19.6777],[-16.4969,19.7055],[-16.4772,19.7315]]],[[[113.8464,22.1971],[114.0549,22.3363],[114.0002,22.2161],[113.8464,22.1971]]],[[[113.5468,22.7419],[113.6418,22.6016],[113.4765,22.7195],[113.5468,22.7419]]],[[[-81.3295,24.7033],[-81.3178,24.675],[-81.3409,24.7001],[-81.3295,24.7033]]],[[[36.9421,25.4184],[36.8997,25.361],[36.7765,25.4964],[36.9421,25.4184]]],[[[36.7902,25.4979],[36.6814,25.5535],[36.8792,25.4433],[36.7902,25.4979]]],[[[36.6831,25.5723],[36.4915,25.6451],[36.5436,25.7029],[36.6831,25.5723]]],[[[129.0278,32.8998],[129.0241,32.848],[128.968,32.8737],[129.0278,32.8998]]],[[[166.7114,-45.6163],[166.7393,-45.728],[166.5062,-45.7249],[166.7114,-45.6163]]],[[[173.7844,-40.9072],[173.9649,-40.7088],[173.9216,-40.8668],[173.7844,-40.9072]]],[[[175.5384,-36.2824],[175.3338,-36.2237],[175.3755,-36.0659],[175.5384,-36.2824]]],[[[154.2997,8.1751],[154.2959,8.1059],[154.2385,8.1434],[154.2997,8.1751]]]]}},{"type":"Feature","properties":{},"geometry":{"type":"MultiPolygon","coordinates":[[[[163.9851,-20.0476],[163.9471,-20.066],[163.9497,-20.0022],[163.9851,-20.0476]]],[[[129.6325,-14.8469],[129.6118,-14.8674],[129.583,-14.8038],[129.6325,-14.8469]]],[[[126.501,-13.8737],[126.6108,-13.9011],[126.5151,-13.9049],[126.501,-13.8737]]],[[[134.8853,-12.0576],[134.9263,-12.0681],[134.908,-12.1179],[134.8853,-12.0576]]],[[[134.9653,-12.0265],[134.9487,-12.0547],[134.9085,-12.0226],[134.9653,-12.0265]]],[[[135.122,-11.9297],[135.0461,-11.9415],[135.0539,-11.9194],[135.122,-11.9297]]],[[[133.4769,-11.4548],[133.511,-11.5032],[133.395,-11.5442],[133.4769,-11.4548]]],[[[131.2839,-7.3298],[131.2158,-7.3571],[131.265,-7.2971],[131.2839,-7.3298]]],[[[134.3779,-6.2541],[134.1623,-6.1965],[134.126,-6.0343],[134.3779,-6.2541]]],[[[132.3186,-5.5136],[132.3714,-5.5541],[132.3343,-5.5729],[132.3186,-5.5136]]],[[[129.9273,-4.5305],[129.9334,-4.5629],[129.8591,-4.5548],[129.9273,-4.5305]]],[[[122.3213,-3.5119],[122.3555,-3.5566],[122.2933,-3.5808],[122.3213,-3.5119]]],[[[122.4396,-3.419],[122.4336,-3.4853],[122.4021,-3.4205],[122.4396,-3.419]]],[[[-42.0414,-2.7044],[-42.0852,-2.7587],[-42.186,-2.6764],[-42.0414,-2.7044]]],[[[-43.6273,-2.252],[-43.6348,-2.3999],[-43.7329,-2.4199],[-43.6273,-2.252]]],[[[123.8767,-2.0185],[123.887,-2.0739],[123.8394,-2.0491],[123.8767,-2.0185]]],[[[124.3489,-1.9596],[124.3703,-2.039],[124.3006,-1.9875],[124.3489,-1.9596]]],[[[123.657,-1.9094],[123.6638,-1.9633],[123.6496,-1.9342],[123.657,-1.9094]]],[[[123.738,-1.9079],[123.7117,-1.9571],[123.7129,-1.9117],[123.738,-1.9079]]],[[[-49.288,-1.7585],[-49.4425,-1.8678],[-49.3522,-1.7224],[-49.288,-1.7585]]],[[[108.6773,-1.7138],[108.7232,-1.6936],[108.7781,-1.7027],[108.6773,-1.7138]]],[[[109.1702,-1.2576],[109.1442,-1.3115],[109.1008,-1.3006],[109.1702,-1.2576]]],[[[109.2546,-1.1694],[109.2598,-1.2022],[109.2234,-1.2271],[109.2546,-1.1694]]],[[[104.48,-0.2713],[104.4925,-0.3088],[104.4065,-0.3118],[104.48,-0.2713]]],[[[102.8391,0.291],[102.9273,0.3109],[102.8753,0.2841],[102.8391,0.291]]],[[[103.0796,0.6244],[103.0715,0.5772],[103.0366,0.6575],[103.0796,0.6244]]],[[[103.5064,0.7019],[103.5179,0.6676],[103.472,0.623],[103.5064,0.7019]]],[[[103.1128,0.793],[103.0923,0.7224],[103.0772,0.7609],[103.1128,0.793]]],[[[104.5646,0.7982],[104.6135,0.7659],[104.5112,0.7503],[104.5646,0.7982]]],[[[103.6677,0.8397],[103.7249,0.7665],[103.7009,0.7657],[103.6677,0.8397]]],[[[103.4622,0.9189],[103.469,0.8696],[103.4071,0.9114],[103.4622,0.9189]]],[[[120.6492,1.0725],[120.6834,1.0446],[120.6076,1.0725],[120.6492,1.0725]]],[[[120.3776,1.0799],[120.4065,1.061],[120.3779,1.0241],[120.3776,1.0799]]],[[[127.7859,2.2642],[127.7813,2.2089],[127.7482,2.2474],[127.7859,2.2642]]],[[[-77.9023,2.6962],[-77.785,2.5938],[-77.8881,2.5938],[-77.9023,2.6962]]],[[[-77.8061,2.6621],[-77.8471,2.6484],[-77.8826,2.7246],[-77.8061,2.6621]]],[[[-77.353,4.2653],[-77.5495,4.2048],[-77.4281,4.341],[-77.353,4.2653]]],[[[118.2195,5.8555],[118.2308,5.8319],[118.1655,5.8275],[118.2195,5.8555]]],[[[-81.8077,7.2874],[-81.7667,7.2874],[-81.7934,7.226],[-81.8077,7.2874]]],[[[-82.2118,8.1992],[-82.246,8.1713],[-82.3157,8.2149],[-82.2118,8.1992]]],[[[121.2525,9.6312],[121.2346,9.5943],[121.2109,9.5759],[121.2525,9.6312]]],[[[103.7844,10.515],[103.7947,10.4536],[103.7434,10.4809],[103.7844,10.515]]],[[[106.9363,10.4393],[106.888,10.371],[106.8884,10.5049],[106.9363,10.4393]]],[[[106.9089,10.5324],[106.8538,10.631],[106.9295,10.5976],[106.9089,10.5324]]],[[[119.6321,11.0699],[119.6131,11.0084],[119.5798,11.0978],[119.6321,11.0699]]],[[[119.6131,11.2003],[119.6277,11.173],[119.5701,11.1444],[119.6131,11.2003]]],[[[109.3284,12.2213],[109.3074,12.1872],[109.2453,12.2281],[109.3284,12.2213]]],[[[-71.5245,17.5456],[-71.5211,17.6213],[-71.4671,17.5803],[-71.5245,17.5456]]],[[[-73.6289,18.0942],[-73.6108,18.0576],[-73.7077,18.0942],[-73.6289,18.0942]]],[[[-114.7755,18.3549],[-114.7209,18.3457],[-114.7819,18.3245],[-114.7755,18.3549]]],[[[-73.7965,18.6286],[-73.7146,18.6013],[-73.7695,18.5884],[-73.7965,18.6286]]],[[[-110.8143,19.348],[-110.7877,19.3139],[-110.8302,19.2733],[-110.8143,19.348]]],[[[-106.224,21.3287],[-106.2275,21.2912],[-106.2794,21.3147],[-106.224,21.3287]]],[[[-106.4042,21.4839],[-106.3871,21.4206],[-106.4926,21.469],[-106.4042,21.4839]]],[[[-72.4608,21.7054],[-72.4333,21.6801],[-72.4813,21.6303],[-72.4608,21.7054]]],[[[-106.6638,21.7772],[-106.6578,21.7399],[-106.679,21.727],[-106.6638,21.7772]]],[[[117.4689,23.7531],[117.3205,23.574],[117.3727,23.7667],[117.4689,23.7531]]],[[[-111.5616,24.3781],[-111.463,24.3298],[-111.6733,24.3584],[-111.5616,24.3781]]],[[[-110.7653,25.5939],[-110.8055,25.6444],[-110.7734,25.7128],[-110.7653,25.5939]]],[[[33.9551,26.79],[33.9756,26.79],[34.0036,26.7082],[33.9551,26.79]]],[[[-110.0444,27.087],[-109.9852,27.0696],[-109.938,27.0212],[-110.0444,27.087]]],[[[-110.6042,27.318],[-110.5931,27.417],[-110.5307,27.3004],[-110.6042,27.318]]],[[[-112.8938,28.6777],[-112.7524,28.5911],[-112.7739,28.5758],[-112.8938,28.6777]]],[[[-112.6132,28.7258],[-112.548,28.7285],[-112.5539,28.6723],[-112.6132,28.7258]]],[[[133.1213,36.1098],[133.0791,36.0209],[133.0813,36.0801],[133.1213,36.1098]]],[[[133.0906,36.1179],[133.1136,36.1135],[133.0933,36.1098],[133.0906,36.1179]]],[[[126.2953,37.8025],[126.3182,37.7623],[126.2245,37.7604],[126.2953,37.8025]]],[[[122.3213,39.166],[122.4026,39.2138],[122.4026,39.1591],[122.3213,39.166]]],[[[122.636,39.2343],[122.742,39.2361],[122.6907,39.1933],[122.636,39.2343]]],[[[122.6844,39.2622],[122.5862,39.258],[122.5051,39.2969],[122.6844,39.2622]]],[[[121.4225,39.4745],[121.4217,39.3737],[121.2595,39.3915],[121.4225,39.4745]]],[[[122.9644,39.5154],[122.9898,39.5495],[123.04,39.5297],[122.9644,39.5154]]],[[[-71.3151,41.5808],[-71.3437,41.6706],[-71.3034,41.6264],[-71.3151,41.5808]]],[[[-69.6641,43.7891],[-69.6732,43.8529],[-69.6471,43.8373],[-69.6641,43.7891]]],[[[-69.6693,43.9558],[-69.7148,43.8594],[-69.7226,43.9076],[-69.6693,43.9558]]],[[[-68.6068,44.0886],[-68.6081,44.0235],[-68.6562,44.0105],[-68.6068,44.0886]]],[[[143.8965,44.1581],[143.9404,44.1391],[143.8137,44.1684],[143.8965,44.1581]]],[[[-68.8112,44.1485],[-68.9427,44.1173],[-68.8568,44.1811],[-68.8112,44.1485]]],[[[-68.3906,44.1628],[-68.4323,44.129],[-68.5065,44.1602],[-68.3906,44.1628]]],[[[-68.9206,44.237],[-68.9427,44.2904],[-68.901,44.3113],[-68.9206,44.237]]],[[[-68.4896,44.3477],[-68.5299,44.3308],[-68.5117,44.379],[-68.4896,44.3477]]],[[[-68.8685,44.3816],[-68.9036,44.3191],[-68.9114,44.366],[-68.8685,44.3816]]],[[[-67.5664,44.461],[-67.5846,44.4441],[-67.6146,44.5144],[-67.5664,44.461]]],[[[-67.2838,44.6199],[-67.276,44.6029],[-67.3216,44.6029],[-67.2838,44.6199]]],[[[-67.0451,44.9272],[-67.0382,44.9549],[-66.9896,44.8976],[-67.0451,44.9272]]],[[[-66.901,44.8894],[-66.9818,44.8725],[-66.9049,44.9558],[-66.901,44.8894]]],[[[-66.9635,44.961],[-67.0169,44.9792],[-66.9388,45.0248],[-66.9635,44.961]]],[[[-55.8772,47.266],[-55.9499,47.2681],[-55.8881,47.2949],[-55.8772,47.266]]],[[[-54.0951,47.6191],[-54.0611,47.6564],[-54.0815,47.4782],[-54.0951,47.6191]]],[[[-53.5677,48.1908],[-53.6188,48.0821],[-53.9314,48.2084],[-53.5677,48.1908]]],[[[-54.6569,49.4657],[-54.6986,49.4077],[-54.7499,49.4243],[-54.6569,49.4657]]],[[[-55.7257,49.5619],[-55.6571,49.5414],[-55.7332,49.5135],[-55.7257,49.5619]]],[[[-55.579,49.6097],[-55.7257,49.5818],[-55.6717,49.637],[-55.579,49.6097]]],[[[-59.3506,50.6035],[-59.296,50.5723],[-59.3411,50.538],[-59.3506,50.6035]]],[[[-55.5278,50.9727],[-55.5476,50.8908],[-55.6234,50.9119],[-55.5278,50.9727]]],[[[-58.3984,51.2545],[-58.5629,51.2334],[-58.4795,51.278],[-58.3984,51.2545]]],[[[-128.2482,52.0217],[-128.2907,52.1247],[-128.1453,52.1936],[-128.2482,52.0217]]],[[[-128.2278,52.2128],[-128.3398,52.0793],[-128.5224,52.1576],[-128.2278,52.2128]]],[[[-129.5573,53.0012],[-129.6205,52.9582],[-129.6535,53.0222],[-129.5573,53.0012]]],[[[-129.5641,53.0563],[-129.5436,53.0086],[-129.6876,53.0639],[-129.5641,53.0563]]],[[[-130.2292,54.1184],[-130.2528,54.1907],[-130.1625,54.161],[-130.2292,54.1184]]],[[[-130.3533,54.2676],[-130.4691,54.3039],[-130.4206,54.3319],[-130.3533,54.2676]]],[[[-130.3521,54.2677],[-130.305,54.3337],[-130.253,54.3113],[-130.3521,54.2677]]],[[[-130.7602,54.362],[-130.6876,54.3996],[-130.6911,54.3671],[-130.7602,54.362]]],[[[-130.4312,54.79],[-130.1674,55.0165],[-130.2698,54.8315],[-130.4312,54.79]]],[[[-131.8185,55.4138],[-131.6361,55.2993],[-131.7229,55.1401],[-131.8185,55.4138]]],[[[-133.9195,55.9208],[-133.856,55.9423],[-133.8425,55.8664],[-133.9195,55.9208]]],[[[-61.9314,57.7954],[-62.1058,57.8386],[-61.9314,57.9151],[-61.9314,57.7954]]],[[[-153.3017,57.8332],[-153.5419,57.9356],[-153.3267,57.9266],[-153.3017,57.8332]]],[[[-151.8661,58.2578],[-151.7934,58.2447],[-151.8462,58.1752],[-151.8661,58.2578]]],[[[-152.2497,58.9225],[-152.3633,58.9157],[-152.3291,58.9709],[-152.2497,58.9225]]],[[[-150.3348,59.457],[-150.3144,59.4222],[-150.4435,59.4023],[-150.3348,59.457]]],[[[-64.079,59.7995],[-63.9629,59.7518],[-64.2031,59.7449],[-64.079,59.7995]]],[[[-148.005,60.0466],[-148.0812,59.9717],[-148.245,59.9435],[-148.005,60.0466]]],[[[28.6346,60.6014],[28.5755,60.5804],[28.561,60.6295],[28.6346,60.6014]]],[[[-147.4977,60.6567],[-147.4288,60.7114],[-147.3127,60.684],[-147.4977,60.6567]]],[[[-147.9291,60.7182],[-147.8471,60.694],[-147.9359,60.6629],[-147.9291,60.7182]]],[[[-109.2117,67.7897],[-109.0398,67.7897],[-109.1361,67.7681],[-109.2117,67.7897]]],[[[-114.1373,67.8876],[-113.9265,67.8791],[-114.2965,67.8996],[-114.1373,67.8876]]],[[[-113.446,67.9268],[-113.248,67.92],[-113.6037,67.9063],[-113.446,67.9268]]],[[[-111.0893,67.8654],[-110.8082,67.961],[-110.8787,67.8925],[-111.0893,67.8654]]],[[[-98.9667,68.0709],[-98.954,67.9851],[-99.0834,68.0572],[-98.9667,68.0709]]],[[[-109.856,68.1596],[-109.568,68.2496],[-109.782,68.1426],[-109.856,68.1596]]],[[[14.1992,68.3152],[14.2005,68.2488],[14.0404,68.3126],[14.1992,68.3152]]],[[[-100.0907,68.3725],[-100.121,68.2786],[-100.234,68.324],[-100.0907,68.3725]]],[[[-110.6443,68.5507],[-110.5207,68.5507],[-110.7605,68.5662],[-110.6443,68.5507]]],[[[-113.9674,68.6121],[-113.762,68.5978],[-113.7958,68.5817],[-113.9674,68.6121]]],[[[-114.1462,68.6741],[-114.0478,68.6272],[-114.1068,68.6284],[-114.1462,68.6741]]],[[[-114.4739,68.8933],[-114.3305,68.8862],[-114.3822,68.8692],[-114.4739,68.8933]]],[[[55.3695,68.9479],[55.5066,68.9138],[55.2254,68.9138],[55.3695,68.9479]]],[[[54.6433,69.0093],[54.6857,68.9687],[54.5708,68.9641],[54.6433,69.0093]]],[[[-102.126,69.715],[-102.1593,69.6542],[-102.2358,69.6846],[-102.126,69.715]]],[[[-124.9592,70.1675],[-125.1237,70.1266],[-125.0846,70.1649],[-124.9592,70.1675]]],[[[-113.1655,70.3122],[-112.9464,70.2904],[-113.1634,70.2834],[-113.1655,70.3122]]],[[[-100.7412,70.3122],[-100.7692,70.2569],[-100.8722,70.2978],[-100.7412,70.3122]]],[[[-116.6641,70.4971],[-116.7529,70.478],[-116.8319,70.5107],[-116.6641,70.4971]]],[[[-116.2634,70.5517],[-116.1256,70.5381],[-116.4962,70.5238],[-116.2634,70.5517]]],[[[-116.7221,70.5585],[-116.5098,70.5517],[-116.7445,70.5424],[-116.7221,70.5585]]],[[[-115.886,70.5822],[-115.8792,70.5462],[-116.0641,70.5517],[-115.886,70.5822]]],[[[-117.0572,70.5716],[-116.8798,70.5517],[-117.3043,70.5716],[-117.0572,70.5716]]],[[[-125.9489,71.9632],[-125.9969,71.977],[-125.9636,71.9828],[-125.9489,71.9632]]],[[[-110.5071,72.5938],[-110.5426,72.5721],[-110.5959,72.6007],[-110.5071,72.5938]]],[[[-110.3972,72.6205],[-110.3489,72.6075],[-110.4935,72.6205],[-110.3972,72.6205]]],[[[-110.3147,72.6552],[-110.303,72.6332],[-110.4109,72.6422],[-110.3147,72.6552]]],[[[-45.0539,-60.7031],[-45.0671,-60.6311],[-45.0002,-60.7009],[-45.0539,-60.7031]]],[[[-105.4595,-26.4648],[-105.4709,-26.4577],[-105.4635,-26.457],[-105.4595,-26.4648]]],[[[-79.9018,-26.3474],[-79.8902,-26.3561],[-79.9094,-26.3582],[-79.9018,-26.3474]]],[[[-80.0957,-26.266],[-80.0904,-26.2745],[-80.1078,-26.275],[-80.0957,-26.266]]],[[[-130.1204,-25.0683],[-130.1011,-25.0644],[-130.0863,-25.0751],[-130.1204,-25.0683]]],[[[-124.7862,-24.6646],[-124.7971,-24.6671],[-124.7781,-24.6725],[-124.7862,-24.6646]]],[[[-136.1658,-22.0243],[-136.1859,-22.0344],[-136.1636,-22.0136],[-136.1658,-22.0243]]],[[[-136.3772,-21.4684],[-136.4134,-21.4714],[-136.3915,-21.4562],[-136.3772,-21.4684]]],[[[-136.5494,-21.3368],[-136.5294,-21.3499],[-136.5431,-21.3598],[-136.5494,-21.3368]]],[[[-136.6362,-21.3416],[-136.6516,-21.3229],[-136.6399,-21.3264],[-136.6362,-21.3416]]],[[[-136.7344,-21.3121],[-136.7522,-21.3085],[-136.7386,-21.2995],[-136.7344,-21.3121]]],[[[-29.3382,-20.5842],[-29.3443,-20.551],[-29.3169,-20.5688],[-29.3382,-20.5842]]],[[[-28.8833,-20.5187],[-28.8805,-20.5108],[-28.8771,-20.5117],[-28.8833,-20.5187]]],[[[-140.414,-19.6142],[-140.3874,-19.657],[-140.4124,-19.6638],[-140.414,-19.6142]]],[[[-139.2023,-19.3507],[-139.2148,-19.3346],[-139.1959,-19.3409],[-139.2023,-19.3507]]],[[[-138.7967,-19.2903],[-138.8121,-19.2838],[-138.7946,-19.2817],[-138.7967,-19.2903]]],[[[-141.2662,-19.2035],[-141.2372,-19.1936],[-141.2304,-19.2271],[-141.2662,-19.2035]]],[[[-140.7218,-19.1337],[-140.6962,-19.1193],[-140.6609,-19.1524],[-140.7218,-19.1337]]],[[[-138.8016,-18.7652],[-138.7932,-18.7789],[-138.8297,-18.7599],[-138.8016,-18.7652]]],[[[-143.0921,-17.8533],[-143.0723,-17.8404],[-143.0603,-17.8678],[-143.0921,-17.8533]]],[[[-150.6553,-17.6687],[-150.6432,-17.6554],[-150.645,-17.678],[-150.6553,-17.6687]]],[[[-141.4385,-17.3681],[-141.4818,-17.3486],[-141.435,-17.3893],[-141.4385,-17.3681]]],[[[-138.4417,-17.3664],[-138.4637,-17.3569],[-138.4261,-17.3249],[-138.4417,-17.3664]]],[[[42.7518,-17.0761],[42.7244,-17.0636],[42.7588,-17.0606],[42.7518,-17.0761]]],[[[-143.0848,-17.0046],[-143.0904,-16.9895],[-143.062,-17.009],[-143.0848,-17.0046]]],[[[-149.5836,-16.9871],[-149.5682,-16.9822],[-149.5869,-17.0004],[-149.5836,-16.9871]]],[[[-153.934,-16.7975],[-153.9202,-16.8317],[-153.9332,-16.8191],[-153.934,-16.7975]]],[[[-144.2007,-16.6484],[-144.1881,-16.6457],[-144.1696,-16.6672],[-144.2007,-16.6484]]],[[[-152.2447,-16.4438],[-152.2563,-16.4513],[-152.2636,-16.4472],[-152.2447,-16.4438]]],[[[-145.8989,-15.8881],[-145.9505,-15.8396],[-145.9143,-15.8635],[-145.8989,-15.8881]]],[[[-140.889,-15.8198],[-140.8524,-15.8155],[-140.8797,-15.8383],[-140.889,-15.8198]]],[[[-148.2508,-15.8674],[-148.2621,-15.8024],[-148.2299,-15.8481],[-148.2508,-15.8674]]],[[[-146.4866,-15.8034],[-146.4819,-15.8269],[-146.503,-15.7917],[-146.4866,-15.8034]]],[[[-154.5232,-15.8194],[-154.537,-15.7922],[-154.5191,-15.7956],[-154.5232,-15.8194]]],[[[-144.6498,-15.7302],[-144.6204,-15.747],[-144.6419,-15.7551],[-144.6498,-15.7302]]],[[[-145.4559,-15.4796],[-145.4379,-15.4964],[-145.5496,-15.4521],[-145.4559,-15.4796]]],[[[-146.1942,-15.3595],[-146.203,-15.3888],[-146.2172,-15.3237],[-146.1942,-15.3595]]],[[[-146.6208,-15.2398],[-146.639,-15.2326],[-146.5978,-15.2716],[-146.6208,-15.2398]]],[[[-147.2563,-15.2325],[-147.2423,-15.2324],[-147.2374,-15.2442],[-147.2563,-15.2325]]],[[[-147.779,-15.2164],[-147.7741,-15.2135],[-147.7371,-15.2353],[-147.779,-15.2164]]],[[[-147.459,-15.1214],[-147.5309,-15.069],[-147.4925,-15.0911],[-147.459,-15.1214]]],[[[-147.932,-15.0808],[-147.9378,-15.0709],[-147.9366,-15.0663],[-147.932,-15.0808]]],[[[-145.9224,-14.4338],[-145.9437,-14.4418],[-145.9662,-14.4431],[-145.9224,-14.4338]]],[[[-141.1746,-14.1896],[-141.1893,-14.1902],[-141.2128,-14.165],[-141.1746,-14.1896]]],[[[46.5098,-9.72],[46.5007,-9.7465],[46.4797,-9.7511],[46.5098,-9.72]]],[[[47.5073,-9.7131],[47.5129,-9.6944],[47.5158,-9.7001],[47.5073,-9.7131]]],[[[53.334,-5.4202],[53.3416,-5.4299],[53.3447,-5.441],[53.334,-5.4202]]],[[[55.6597,-3.7911],[55.6659,-3.8118],[55.6519,-3.8012],[55.6597,-3.7911]]],[[[168.1011,5.5993],[168.1245,5.631],[168.1279,5.6016],[168.1011,5.5993]]],[[[171.7246,6.1017],[171.7451,6.0791],[171.7228,6.0834],[171.7246,6.1017]]],[[[171.9097,7.0988],[171.9154,7.1251],[171.9289,7.1183],[171.9097,7.0988]]],[[[-82.362,8.0869],[-82.3207,8.1303],[-82.3182,8.0999],[-82.362,8.0869]]],[[[-79.0844,8.3825],[-79.1301,8.4049],[-79.1182,8.4291],[-79.0844,8.3825]]],[[[97.8718,9.3796],[97.8436,9.425],[97.8684,9.4204],[97.8718,9.3796]]],[[[99.6987,9.5422],[99.7035,9.5213],[99.6681,9.5192],[99.6987,9.5422]]],[[[99.6843,9.62],[99.6781,9.6104],[99.6753,9.6245],[99.6843,9.62]]],[[[98.0575,9.7969],[98.0183,9.7949],[98.0154,9.8264],[98.0575,9.7969]]],[[[73.6463,10.0847],[73.6326,10.0573],[73.6375,10.0871],[73.6463,10.0847]]],[[[-85.1313,10.0987],[-85.1588,10.0762],[-85.1991,10.1177],[-85.1313,10.0987]]],[[[73.6623,10.1446],[73.6579,10.1391],[73.6546,10.1415],[73.6623,10.1446]]],[[[98.2287,10.52],[98.1927,10.4824],[98.1897,10.5156],[98.2287,10.52]]],[[[72.6497,10.5668],[72.6275,10.5548],[72.6486,10.574],[72.6497,10.5668]]],[[[72.5488,10.7794],[72.5412,10.7729],[72.5409,10.7765],[72.5488,10.7794]]],[[[73.6714,10.8297],[73.6844,10.8275],[73.6729,10.8247],[73.6714,10.8297]]],[[[98.4295,10.9777],[98.4514,11.0019],[98.4403,10.9656],[98.4295,10.9777]]],[[[72.75,11.1191],[72.7395,11.1088],[72.7395,11.114],[72.75,11.1191]]],[[[73.0132,11.5022],[73.0056,11.4796],[73.0044,11.4965],[73.0132,11.5022]]],[[[72.7162,11.6942],[72.7009,11.6864],[72.7051,11.6923],[72.7162,11.6942]]],[[[97.4645,11.7825],[97.4443,11.8002],[97.4769,11.7882],[97.4645,11.7825]]],[[[-66.6083,11.7831],[-66.7045,11.7831],[-66.6151,11.824],[-66.6083,11.7831]]],[[[-66.1322,11.824],[-66.114,11.7799],[-66.1943,11.8177],[-66.1322,11.824]]],[[[-83.7262,11.8786],[-83.7361,11.9418],[-83.7069,11.987],[-83.7262,11.8786]]],[[[-83.0539,12.1439],[-83.0325,12.1908],[-83.0211,12.1818],[-83.0539,12.1439]]],[[[93.8728,12.2689],[93.8519,12.2716],[93.8606,12.2812],[93.8728,12.2689]]],[[[-61.428,12.4547],[-61.4962,12.4404],[-61.428,12.5297],[-61.428,12.4547]]],[[[-81.7115,12.5229],[-81.7169,12.5632],[-81.691,12.5913],[-81.7115,12.5229]]],[[[97.8369,12.7724],[97.8528,12.8065],[97.868,12.7748],[97.8369,12.7724]]],[[[-61.194,13.0369],[-61.2424,12.9748],[-61.2772,12.9885],[-61.194,13.0369]]],[[[-87.6151,13.2901],[-87.6671,13.256],[-87.6738,13.2839],[-87.6151,13.2901]]],[[[-87.6223,13.3689],[-87.5913,13.3044],[-87.659,13.3317],[-87.6223,13.3689]]],[[[-81.3826,13.3192],[-81.3653,13.374],[-81.3463,13.3487],[-81.3826,13.3192]]],[[[94.2809,13.4435],[94.2749,13.4203],[94.2619,13.4293],[94.2809,13.4435]]],[[[-82.7673,14.4141],[-82.7325,14.3696],[-82.8083,14.3664],[-82.7673,14.4141]]],[[[-86.8787,16.1273],[-86.8787,16.0932],[-86.9974,16.084],[-86.8787,16.1273]]],[[[-60.9892,16.3464],[-61.0916,16.3054],[-61.0391,16.3445],[-60.9892,16.3464]]],[[[-169.5303,16.7602],[-169.5174,16.7624],[-169.5333,16.7548],[-169.5303,16.7602]]],[[[-87.8383,17.3885],[-87.8142,17.3813],[-87.8036,17.2923],[-87.8383,17.3885]]],[[[-83.9412,17.4186],[-83.9123,17.4111],[-83.9303,17.4094],[-83.9412,17.4186]]],[[[-62.9971,17.5256],[-62.9451,17.4854],[-62.9587,17.4646],[-62.9971,17.5256]]],[[[-88.0773,17.6418],[-88.0536,17.6063],[-88.0438,17.553],[-88.0773,17.6418]]],[[[-88.1605,17.6828],[-88.0711,17.7343],[-88.1037,17.6818],[-88.1605,17.6828]]],[[[-62.8389,17.882],[-62.8661,17.9291],[-62.7917,17.9155],[-62.8389,17.882]]],[[[-67.8559,18.1147],[-67.8732,18.0535],[-67.9378,18.0942],[-67.8559,18.1147]]],[[[-65.2788,18.2792],[-65.3341,18.3406],[-65.2567,18.3239],[-65.2788,18.2792]]],[[[-87.3312,18.5324],[-87.3345,18.4544],[-87.3794,18.4025],[-87.3312,18.5324]]],[[[-87.2692,18.7385],[-87.2482,18.6762],[-87.2629,18.6286],[-87.2692,18.7385]]],[[[-64.3365,18.7243],[-64.4086,18.7447],[-64.3203,18.7462],[-64.3365,18.7243]]],[[[-80.0378,19.704],[-79.9643,19.7049],[-80.1132,19.6587],[-80.0378,19.704]]],[[[-79.8719,19.7046],[-79.7459,19.7576],[-79.7266,19.7371],[-79.8719,19.7046]]],[[[-78.3331,20.5546],[-78.339,20.518],[-78.4634,20.6024],[-78.3331,20.5546]]],[[[-78.4361,20.726],[-78.5118,20.6911],[-78.5454,20.7042],[-78.4361,20.726]]],[[[-78.8266,20.7532],[-78.7508,20.726],[-78.7923,20.7199],[-78.8266,20.7532]]],[[[-75.5171,20.7943],[-75.4822,20.7378],[-75.5777,20.7695],[-75.5171,20.7943]]],[[[-78.9259,20.8078],[-78.847,20.7731],[-78.9327,20.8389],[-78.9259,20.8078]]],[[[-79.0252,20.8867],[-78.9889,20.8391],[-79.0798,20.8973],[-79.0252,20.8867]]],[[[-79.0736,20.9177],[-79.1156,20.9108],[-79.2244,21.0058],[-79.0736,20.9177]]],[[[-79.3889,21.1232],[-79.2926,21.0748],[-79.3407,21.0729],[-79.3889,21.1232]]],[[[-71.1381,21.5136],[-71.1289,21.4722],[-71.1449,21.4316],[-71.1381,21.5136]]],[[[-81.3723,21.7054],[-81.5607,21.603],[-81.5514,21.6276],[-81.3723,21.7054]]],[[[-97.6514,21.7879],[-97.6017,21.7519],[-97.6849,21.8625],[-97.6514,21.7879]]],[[[-77.8471,22.2603],[-77.8342,22.2959],[-77.7577,22.1784],[-77.8471,22.2603]]],[[[-74.2838,22.6718],[-74.3856,22.5414],[-74.3767,22.5844],[-74.2838,22.6718]]],[[[-78.9842,22.6377],[-79.0872,22.6718],[-78.9766,22.6685],[-78.9842,22.6377]]],[[[-97.8153,22.7202],[-97.7886,22.7748],[-97.7961,22.7238],[-97.8153,22.7202]]],[[[-79.8954,22.9592],[-79.9497,22.9284],[-79.9574,22.953],[-79.8954,22.9592]]],[[[-80.3205,22.9865],[-80.2497,23.0109],[-80.2318,22.9592],[-80.3205,22.9865]]],[[[-80.197,23.1243],[-80.1313,23.087],[-80.225,23.0895],[-80.197,23.1243]]],[[[-80.8282,23.1789],[-80.8306,23.1356],[-80.9717,23.1107],[-80.8282,23.1789]]],[[[-80.4919,23.1926],[-80.4952,23.1684],[-80.5806,23.1789],[-80.4919,23.1926]]],[[[-75.6536,23.4595],[-75.577,23.4459],[-75.5238,23.4049],[-75.6536,23.4595]]],[[[-76.3252,23.974],[-76.4015,24.1174],[-76.3768,24.1014],[-76.3252,23.974]]],[[[-77.8807,24.1863],[-77.9734,24.1962],[-77.7987,24.2546],[-77.8807,24.1863]]],[[[-77.9216,24.262],[-77.9359,24.2272],[-78.0169,24.2484],[-77.9216,24.262]]],[[[-76.463,24.2136],[-76.4932,24.2188],[-76.5449,24.2956],[-76.463,24.2136]]],[[[-77.7677,24.3266],[-77.7392,24.3671],[-77.6824,24.3528],[-77.7677,24.3266]]],[[[-81.7053,24.5978],[-81.6501,24.5761],[-81.7257,24.5562],[-81.7053,24.5978]]],[[[-80.1902,25.481],[-80.238,25.406],[-80.197,25.4947],[-80.1902,25.481]]],[[[-80.1629,25.6728],[-80.1833,25.7138],[-80.1561,25.7349],[-80.1629,25.6728]]],[[[-77.8192,25.7076],[-77.8805,25.769],[-77.8807,25.7895],[-77.8192,25.7076]]],[[[-77.538,26.3066],[-77.5727,26.2687],[-77.5796,26.3376],[-77.538,26.3066]]],[[[-82.2602,26.7013],[-82.246,26.6945],[-82.2255,26.6113],[-82.2602,26.7013]]],[[[-82.2738,26.8031],[-82.2664,26.715],[-82.2875,26.8031],[-82.2738,26.8031]]],[[[-82.6575,27.3968],[-82.6543,27.4197],[-82.5892,27.3244],[-82.6575,27.3968]]],[[[-80.6365,28.1811],[-80.6486,28.2227],[-80.629,28.1811],[-80.6365,28.1811]]],[[[-96.3697,28.4069],[-96.3129,28.4586],[-96.2325,28.4895],[-96.3697,28.4069]]],[[[-80.6775,28.5789],[-80.6498,28.2252],[-80.7374,28.4848],[-80.6775,28.5789]]],[[[-90.9437,29.0608],[-90.8796,29.0513],[-90.9151,29.0513],[-90.9437,29.0608]]],[[[-90.3465,29.0581],[-90.3108,29.0824],[-90.2838,29.086],[-90.3465,29.0581]]],[[[-89.963,29.271],[-89.9555,29.2573],[-90.0306,29.2164],[-89.963,29.271]]],[[[-89.1678,29.5037],[-89.1662,29.4824],[-89.2218,29.4696],[-89.1678,29.5037]]],[[[-85.1418,29.6409],[-85.2128,29.6887],[-85.0861,29.6857],[-85.1418,29.6409]]],[[[-89.4552,29.7917],[-89.4273,29.744],[-89.49,29.7365],[-89.4552,29.7917]]],[[[-89.3044,29.8054],[-89.2907,29.7712],[-89.337,29.8066],[-89.3044,29.8054]]],[[[-84.617,29.8054],[-84.5863,29.8],[-84.6647,29.7787],[-84.617,29.8054]]],[[[-89.2344,29.9484],[-89.2355,29.9316],[-89.2939,29.9201],[-89.2344,29.9484]]],[[[-89.2729,29.9821],[-89.2958,29.9422],[-89.3279,29.9159],[-89.2729,29.9821]]],[[[-89.433,30.1457],[-89.4249,30.1426],[-89.4313,30.1334],[-89.433,30.1457]]],[[[-88.9408,30.2175],[-88.9427,30.2138],[-88.9693,30.2106],[-88.9408,30.2175]]],[[[-88.503,30.2163],[-88.503,30.2238],[-88.4274,30.2163],[-88.503,30.2163]]],[[[-89.058,30.2578],[-89.0846,30.1958],[-89.1536,30.2299],[-89.058,30.2578]]],[[[-79.3404,33.0602],[-79.3684,33.0057],[-79.3631,33.043],[-79.3404,33.0602]]],[[[-77.97,33.8896],[-77.97,33.848],[-78.0178,33.8759],[-77.97,33.8896]]],[[[-77.8744,34.0881],[-77.8442,34.1667],[-77.8192,34.1775],[-77.8744,34.0881]]],[[[-77.4319,34.4997],[-77.3525,34.5223],[-77.6342,34.3625],[-77.4319,34.4997]]],[[[-76.8975,34.6982],[-76.6815,34.7051],[-77.0998,34.6498],[-76.8975,34.6982]]],[[[-76.0781,35.0716],[-76.0372,35.0613],[-76.147,34.9925],[-76.0781,35.0716]]],[[[-75.6561,37.4615],[-75.7192,37.3683],[-75.6765,37.4551],[-75.6561,37.4615]]],[[[-75.622,37.5711],[-75.6022,37.5624],[-75.6706,37.4771],[-75.622,37.5711]]],[[[-76.0054,38.0265],[-76.0264,37.9135],[-76.0514,37.9941],[-76.0054,38.0265]]],[[[-76.0332,38.1486],[-76.079,38.1828],[-76.0486,38.2004],[-76.0332,38.1486]]],[[[-74.3588,39.4472],[-74.3934,39.3891],[-74.4481,39.4199],[-74.3588,39.4472]]],[[[-73.2561,40.6391],[-73.5741,40.5751],[-73.3394,40.6446],[-73.2561,40.6391]]],[[[-72.8815,40.7344],[-72.7571,40.7688],[-73.305,40.6299],[-72.8815,40.7344]]],[[[-71.5595,41.201],[-71.5491,41.152],[-71.6137,41.1552],[-71.5595,41.201]]],[[[-71.9987,41.2517],[-72.0221,41.2769],[-71.9207,41.2914],[-71.9987,41.2517]]],[[[-70.5006,41.3936],[-70.4557,41.4296],[-70.4467,41.3674],[-70.5006,41.3936]]],[[[-69.973,41.6537],[-69.9594,41.6326],[-70.0215,41.5507],[-69.973,41.6537]]],[[[-123.974,46.4929],[-123.9641,46.4068],[-123.9978,46.4534],[-123.974,46.4929]]],[[[-122.7293,48.0967],[-122.6815,48.0073],[-122.7308,48.0424],[-122.7293,48.0967]]],[[[-122.6937,48.5859],[-122.7143,48.5419],[-122.7354,48.5904],[-122.6937,48.5859]]],[[[-123.2869,48.6127],[-123.3029,48.597],[-123.3375,48.6484],[-123.2869,48.6127]]],[[[-122.6214,48.6685],[-122.6551,48.6647],[-122.7152,48.7391],[-122.6214,48.6685]]],[[[-125.9499,49.2008],[-125.9689,49.1487],[-126.035,49.2018],[-125.9499,49.2008]]],[[[-126.0833,49.3149],[-126.2235,49.2771],[-126.2314,49.3786],[-126.0833,49.3149]]],[[[-123.3307,49.3729],[-123.4294,49.3467],[-123.35,49.4175],[-123.3307,49.3729]]],[[[-124.6074,49.5309],[-124.6629,49.4943],[-124.7038,49.5212],[-124.6074,49.5309]]],[[[-127.2406,50.0217],[-127.2723,49.978],[-127.3186,49.9996],[-127.2406,50.0217]]],[[[-126.5377,50.5838],[-126.6149,50.5527],[-126.6709,50.5896],[-126.5377,50.5838]]],[[[-126.3365,50.6035],[-126.2267,50.5693],[-126.6245,50.5346],[-126.3365,50.6035]]],[[[-127.8456,50.9229],[-127.875,50.8904],[-127.983,50.9167],[-127.8456,50.9229]]],[[[-127.5453,51.0898],[-127.542,51.0522],[-127.6117,51.0751],[-127.5453,51.0898]]],[[[-132.2296,52.9952],[-132.3031,52.9667],[-132.3826,53.0041],[-132.2296,52.9952]]],[[[-166.0946,53.9807],[-166.1539,53.9553],[-166.1961,53.981],[-166.0946,53.9807]]],[[[-132.9785,54.246],[-133.0005,54.1901],[-133.0818,54.2318],[-132.9785,54.246]]],[[[-159.5215,54.7923],[-159.5693,54.7546],[-159.6042,54.8123],[-159.5215,54.7923]]],[[[-161.3336,55.1915],[-161.3605,55.163],[-161.4397,55.1973],[-161.3336,55.1915]]],[[[-161.559,55.2545],[-161.5641,55.2079],[-161.6917,55.2116],[-161.559,55.2545]]],[[[-160.0362,55.3262],[-160.04,55.3071],[-160.1091,55.3258],[-160.0362,55.3262]]],[[[-159.3127,55.8112],[-159.3021,55.7592],[-159.3623,55.7863],[-159.3127,55.8112]]],[[[-156.6804,56.039],[-156.6949,56.0093],[-156.7462,56.0349],[-156.6804,56.039]]],[[[-156.7799,56.1896],[-156.7921,56.153],[-156.8093,56.1901],[-156.7799,56.1896]]],[[[-157.8123,56.3429],[-157.8333,56.3137],[-157.8984,56.3391],[-157.8123,56.3429]]],[[[-153.8338,57.502],[-153.8436,57.4362],[-153.8878,57.509],[-153.8338,57.502]]],[[[-152.3439,57.9233],[-152.5048,57.9257],[-152.4323,57.9692],[-152.3439,57.9233]]],[[[-152.7444,57.9838],[-152.7641,57.9301],[-152.8607,57.9547],[-152.7444,57.9838]]],[[[-160.2587,58.6786],[-160.2772,58.6367],[-160.3012,58.7294],[-160.2587,58.6786]]],[[[-160.3846,58.7309],[-160.4331,58.6846],[-160.406,58.7513],[-160.3846,58.7309]]],[[[-44.598,59.9641],[-44.5149,59.9777],[-44.5427,59.9449],[-44.598,59.9641]]],[[[-44.2036,60.1074],[-44.2081,60.1753],[-44.0084,60.0466],[-44.2036,60.1074]]],[[[-45.3038,60.1422],[-45.2697,60.1845],[-45.2213,60.1701],[-45.3038,60.1422]]],[[[-45.1529,60.3824],[-45.4114,60.1945],[-45.3498,60.3895],[-45.1529,60.3824]]],[[[-45.0561,60.3824],[-45.1322,60.4338],[-45.0021,60.4506],[-45.0561,60.3824]]],[[[-44.9953,60.4131],[-45.0084,60.3476],[-45.1182,60.3135],[-44.9953,60.4131]]],[[[-45.3584,60.478],[-45.3953,60.4272],[-45.4403,60.4308],[-45.3584,60.478]]],[[[-45.9747,60.6697],[-45.7829,60.6629],[-45.9785,60.6233],[-45.9747,60.6697]]],[[[-64.6103,60.6902],[-64.6256,60.6146],[-64.7135,60.5976],[-64.6103,60.6902]]],[[[-45.8928,60.6977],[-46.0894,60.6429],[-46.2075,60.6766],[-45.8928,60.6977]]],[[[-47.3179,60.8131],[-47.2223,60.7864],[-47.3589,60.7927],[-47.3179,60.8131]]],[[[-47.0026,60.807],[-47.0026,60.7728],[-47.051,60.8001],[-47.0026,60.807]]],[[[-47.2223,60.8131],[-47.1951,60.8271],[-47.1466,60.8131],[-47.2223,60.8131]]],[[[-47.1944,60.841],[-47.0845,60.8684],[-47.1173,60.8269],[-47.1944,60.841]]],[[[-47.1814,60.8758],[-47.2558,60.8513],[-47.2279,60.8792],[-47.1814,60.8758]]],[[[-47.1739,60.882],[-47.1125,60.9304],[-47.0715,60.9304],[-47.1739,60.882]]],[[[-47.051,60.8957],[-47.0119,60.9263],[-46.9617,60.9304],[-47.051,60.8957]]],[[[-46.5297,60.9919],[-46.4263,60.9381],[-46.5166,60.9372],[-46.5297,60.9919]]],[[[-150.2108,61.173],[-150.1962,61.1413],[-150.2764,61.1274],[-150.2108,61.173]]],[[[-48.9348,61.2656],[-48.847,61.3046],[-48.7231,61.2935],[-48.9348,61.2656]]],[[[-49.1648,61.7014],[-49.0865,61.6429],[-49.2166,61.6567],[-49.1648,61.7014]]],[[[-92.2719,62.4074],[-92.1415,62.3965],[-92.3749,62.3903],[-92.2719,62.4074]]],[[[-92.5767,62.404],[-92.5289,62.433],[-92.4022,62.4108],[-92.5767,62.404]]],[[[-77.723,62.5883],[-77.6205,62.5883],[-77.8335,62.6026],[-77.723,62.5883]]],[[[-91.5929,62.6509],[-91.586,62.6262],[-91.6891,62.6708],[-91.5929,62.6509]]],[[[-91.1341,62.6845],[-90.984,62.664],[-91.2714,62.692],[-91.1341,62.6845]]],[[[-164.5869,63.0644],[-164.567,63.0463],[-164.6118,63.0467],[-164.5869,63.0644]]],[[[-50.6861,63.0991],[-50.6793,63.0237],[-50.7584,63.0681],[-50.6861,63.0991]]],[[[-90.6202,63.4796],[-90.7022,63.4449],[-90.7568,63.5001],[-90.6202,63.4796]]],[[[-90.6749,63.5212],[-90.8118,63.5001],[-90.9697,63.5548],[-90.6749,63.5212]]],[[[-91.4631,63.6168],[-91.2987,63.5678],[-91.4534,63.5586],[-91.4631,63.6168]]],[[[-72.4744,63.7055],[-72.5997,63.6467],[-72.7829,63.6645],[-72.4744,63.7055]]],[[[-92.9777,63.9042],[-92.9717,63.8747],[-93.0937,63.911],[-92.9777,63.9042]]],[[[-81.4688,64.1916],[-81.4991,64.2368],[-81.3826,64.2132],[-81.4688,64.1916]]],[[[-73.2764,64.2194],[-73.1733,64.2058],[-73.3998,64.1649],[-73.2764,64.2194]]],[[[-90.182,69.1192],[-90.138,69.05],[-90.2768,69.114],[-90.182,69.1192]]],[[[-91.8536,69.8597],[-91.6413,69.8597],[-91.8402,69.8249],[-91.8536,69.8597]]],[[[-95.7663,72.875],[-95.7495,72.8032],[-95.8558,72.8607],[-95.7663,72.875]]],[[[-81.328,76.1497],[-81.4651,76.164],[-81.2044,76.1845],[-81.328,76.1497]]],[[[-89.3801,76.4451],[-89.6265,76.4514],[-89.525,76.4804],[-89.3801,76.4451]]],[[[-83.9923,76.4254],[-84.1378,76.5141],[-83.9112,76.4719],[-83.9923,76.4254]]],[[[69.9456,-49.5422],[69.8358,-49.5012],[69.9206,-49.497],[69.9456,-49.5422]]],[[[68.7951,-49.3435],[68.6434,-49.3435],[68.6913,-49.3156],[68.7951,-49.3435]]],[[[69.5895,-49.1996],[69.5342,-49.1928],[69.6781,-49.1518],[69.5895,-49.1996]]],[[[69.466,-48.8842],[69.4045,-48.829],[69.5199,-48.857],[69.466,-48.8842]]],[[[68.6707,-48.6242],[68.668,-48.6453],[68.6101,-48.6376],[68.6707,-48.6242]]],[[[68.8086,-48.6037],[68.781,-48.5846],[68.8186,-48.5667],[68.8086,-48.6037]]],[[[37.8611,-46.6362],[37.9778,-46.6157],[37.9387,-46.6544],[37.8611,-46.6362]]],[[[32.9067,-26.0578],[32.9826,-25.969],[32.9613,-26.0441],[32.9067,-26.0578]]],[[[45.2622,-12.7634],[45.2826,-12.7434],[45.2826,-12.8049],[45.2622,-12.7634]]],[[[56.5242,-10.33],[56.5357,-10.3239],[56.5693,-10.4065],[56.5242,-10.33]]],[[[46.2839,-9.3513],[46.3152,-9.3264],[46.4271,-9.3377],[46.2839,-9.3513]]],[[[56.2471,-7.1926],[56.2588,-7.1402],[56.2874,-7.11],[56.2471,-7.1926]]],[[[12.9053,-5.8695],[12.9693,-5.888],[12.7451,-5.9402],[12.9053,-5.8695]]],[[[55.2603,-4.5001],[55.228,-4.4875],[55.2254,-4.4449],[55.2603,-4.5001]]],[[[55.7176,-4.3301],[55.7044,-4.2902],[55.787,-4.3306],[55.7176,-4.3301]]],[[[-32.4034,-3.8378],[-32.3997,-3.862],[-32.4628,-3.8784],[-32.4034,-3.8378]]],[[[5.6262,-1.4562],[5.6331,-1.4158],[5.6428,-1.4628],[5.6262,-1.4562]]],[[[8.9972,-0.6276],[9.0066,-0.7621],[8.9495,-0.6617],[8.9972,-0.6276]]],[[[-15.6653,11.4945],[-15.6796,11.4404],[-15.7351,11.4499],[-15.6653,11.4945]]],[[[33.376,31.1895],[33.4759,31.1417],[33.2698,31.2168],[33.376,31.1895]]],[[[33.0786,31.2271],[33.2625,31.2236],[32.9347,31.1479],[33.0786,31.2271]]],[[[-16.487,32.4917],[-16.5423,32.5805],[-16.5067,32.5442],[-16.487,32.4917]]],[[[-16.34,33.0572],[-16.2891,33.1087],[-16.2754,33.0602],[-16.34,33.0572]]],[[[10.9641,34.6567],[11.1108,34.6595],[11.0557,34.621],[10.9641,34.6567]]],[[[24.1284,34.8553],[24.1353,34.815],[24.0464,34.8491],[24.1284,34.8553]]],[[[23.278,35.8974],[23.3307,35.8649],[23.3333,35.8292],[23.278,35.8974]]],[[[25.7356,36.3835],[25.8552,36.3636],[25.7464,36.358],[25.7356,36.3835]]],[[[24.8682,36.6652],[24.9637,36.5963],[24.8498,36.6469],[24.8682,36.6652]]],[[[25.1463,36.7199],[25.1834,36.7062],[25.0674,36.6379],[25.1463,36.7199]]],[[[21.7642,36.754],[21.7778,36.6994],[21.7505,36.7124],[21.7642,36.754]]],[[[24.6423,36.7888],[24.6594,36.7506],[24.6082,36.7813],[24.6423,36.7888]]],[[[21.6958,36.7404],[21.7009,36.7911],[21.7293,36.795],[21.6958,36.7404]]],[[[24.6082,36.8359],[24.5728,36.7819],[24.5212,36.8174],[24.6082,36.8359]]],[[[25.4231,36.8325],[25.4784,36.8707],[25.4778,36.8351],[25.4231,36.8325]]],[[[25.6087,36.8837],[25.6497,36.9116],[25.6844,36.8912],[25.6087,36.8837]]],[[[-7.9557,36.9805],[-7.8533,36.9868],[-7.9039,36.9659],[-7.9557,36.9805]]],[[[25.0811,36.9526],[25.0259,37.0079],[25.0728,37.0422],[25.0811,36.9526]]],[[[25.8074,37.1034],[25.7805,37.124],[25.8346,37.1376],[25.8074,37.1034]]],[[[23.1284,37.2884],[23.1624,37.2442],[23.0944,37.2747],[23.1284,37.2884]]],[[[23.4773,37.5559],[23.5256,37.5218],[23.4363,37.5218],[23.4773,37.5559]]],[[[-0.7327,37.7477],[-0.7265,37.6652],[-0.7512,37.7133],[-0.7327,37.7477]]],[[[12.2732,37.9395],[12.3688,37.9252],[12.2997,37.9193],[12.2732,37.9395]]],[[[14.9663,38.4329],[14.9868,38.3641],[14.9483,38.3964],[14.9663,38.4329]]],[[[14.9077,38.4739],[14.9248,38.5224],[14.9793,38.4875],[14.9077,38.4739]]],[[[14.8633,38.549],[14.7938,38.5716],[14.867,38.5811],[14.8633,38.549]]],[[[20.9411,38.6042],[20.9076,38.549],[20.8939,38.549],[20.9411,38.6042]]],[[[25.5889,38.6117],[25.5608,38.5353],[25.5232,38.5974],[25.5889,38.6117]]],[[[23.4363,39.1461],[23.4705,39.2138],[23.5129,39.1785],[23.4363,39.1461]]],[[[20.1404,39.2417],[20.2019,39.1796],[20.1384,39.2093],[20.1404,39.2417]]],[[[25.0122,39.5639],[25.0474,39.5454],[24.9849,39.467],[25.0122,39.5639]]],[[[-31.1173,39.7283],[-31.0802,39.6933],[-31.1316,39.6588],[-31.1173,39.7283]]],[[[26.0606,39.8376],[26.075,39.7849],[25.978,39.8342],[26.0606,39.8376]]],[[[10.8958,42.3867],[10.9233,42.3187],[10.8618,42.3663],[10.8958,42.3867]]],[[[9.4566,42.6474],[9.4821,42.6201],[9.4768,42.6191],[9.4566,42.6474]]],[[[16.8582,42.784],[16.9364,42.7555],[16.8343,42.7309],[16.8582,42.784]]],[[[9.8401,43.0652],[9.8015,43.0078],[9.8069,43.0664],[9.8401,43.0652]]],[[[15.6789,43.648],[15.6038,43.6747],[15.6502,43.673],[15.6789,43.648]]],[[[15.2612,43.8671],[15.3957,43.7724],[15.3089,43.8056],[15.2612,43.8671]]],[[[14.8428,44.1483],[14.8638,44.1481],[14.8224,44.1687],[14.8428,44.1483]]],[[[12.3521,45.4055],[12.4309,45.4157],[12.3215,45.348],[12.3521,45.4055]]],[[[-2.3372,46.7316],[-2.269,46.6974],[-2.3714,46.7043],[-2.3372,46.7316]]],[[[-5.0503,48.4788],[-5.088,48.4472],[-5.1328,48.4583],[-5.0503,48.4788]]],[[[-0.9599,50.8083],[-0.9388,50.781],[-1.0207,50.7884],[-0.9599,50.8083]]],[[[-179.1435,51.2751],[-179.0616,51.2477],[-179.119,51.2154],[-179.1435,51.2751]]],[[[-178.9858,51.3842],[-178.9042,51.3538],[-178.9869,51.3075],[-178.9858,51.3842]]],[[[-175.991,51.8845],[-175.9569,51.851],[-176.1077,51.8845],[-175.991,51.8845]]],[[[-175.7241,51.9739],[-175.6621,51.9596],[-175.7397,51.9346],[-175.7241,51.9739]]],[[[-175.8675,51.9875],[-175.8764,51.9689],[-175.95,51.9739],[-175.8675,51.9875]]],[[[-171.2564,52.5294],[-171.2222,52.4631],[-171.3116,52.4643],[-171.2564,52.5294]]],[[[-170.0703,52.9192],[-169.9946,52.9056],[-170.0561,52.8571],[-170.0703,52.9192]]],[[[-169.6935,53.0359],[-169.7481,52.9465],[-169.7533,53.0248],[-169.6935,53.0359]]],[[[-9.6627,53.2755],[-9.6583,53.2327],[-9.7104,53.2386],[-9.6627,53.2755]]],[[[-4.5773,53.272],[-4.694,53.3096],[-4.6263,53.3209],[-4.5773,53.272]]],[[[6.4412,53.5566],[6.5101,53.5436],[6.4964,53.5362],[6.4412,53.5566]]],[[[6.8738,53.6728],[7.047,53.6942],[7.0855,53.687],[6.8738,53.6728]]],[[[7.1331,53.7081],[7.2329,53.7294],[7.3467,53.7232],[7.1331,53.7081]]],[[[7.3665,53.728],[7.4035,53.7367],[7.4356,53.728],[7.3665,53.728]]],[[[8.1201,53.7211],[8.1524,53.7392],[8.196,53.728],[8.1201,53.7211]]],[[[7.5174,53.7621],[7.6272,53.7509],[7.4819,53.7271],[7.5174,53.7621]]],[[[7.6609,53.7621],[7.6863,53.781],[7.8128,53.7831],[7.6609,53.7621]]],[[[7.8738,53.7764],[7.8767,53.7949],[7.9556,53.7829],[7.8738,53.7764]]],[[[11.3757,53.9818],[11.4979,54.0228],[11.4577,53.9614],[11.3757,53.9818]]],[[[-165.2667,54.0911],[-165.2941,54.0439],[-165.4858,54.0775],[-165.2667,54.0911]]],[[[11.5285,54.0751],[11.6159,54.1121],[11.5396,54.057],[11.5285,54.0751]]],[[[8.9631,54.5237],[8.888,54.4685],[8.8128,54.4821],[8.9631,54.5237]]],[[[13.1434,54.5981],[13.0614,54.4685],[13.1023,54.5961],[13.1434,54.5981]]],[[[8.3324,54.6938],[8.4014,54.633],[8.3303,54.6314],[8.3324,54.6938]]],[[[-159.2845,54.9408],[-159.2088,54.9185],[-159.2866,54.8717],[-159.2845,54.9408]]],[[[-8.5249,55.0097],[-8.484,54.9755],[-8.5658,54.9755],[-8.5249,55.0097]]],[[[-6.2364,55.3113],[-6.1719,55.2932],[-6.1948,55.2629],[-6.2364,55.3113]]],[[[-163.139,55.4035],[-163.1951,55.4127],[-163.1428,55.4411],[-163.139,55.4035]]],[[[8.4764,55.3454],[8.3744,55.4633],[8.4634,55.4274],[8.4764,55.3454]]],[[[-6.2057,56.1027],[-6.1743,56.0438],[-6.2699,56.0375],[-6.2057,56.1027]]],[[[-5.6883,56.2021],[-5.6737,56.1789],[-5.7491,56.1611],[-5.6883,56.2021]]],[[[-5.6331,56.2635],[-5.6374,56.1893],[-5.6667,56.2225],[-5.6331,56.2635]]],[[[-5.6331,56.3188],[-5.5846,56.3256],[-5.6217,56.2761],[-5.6331,56.3188]]],[[[-5.558,56.4143],[-5.5028,56.4211],[-5.558,56.3865],[-5.558,56.4143]]],[[[-6.16,56.4695],[-6.2637,56.4832],[-6.2153,56.5036],[-6.16,56.4695]]],[[[11.5122,56.6955],[11.6494,56.7296],[11.5811,56.6812],[11.5122,56.6955]]],[[[8.8259,56.7438],[8.5147,56.7382],[8.9289,56.9766],[8.8259,56.7438]]],[[[-6.6064,57.0517],[-6.5375,57.0728],[-6.4897,57.0586],[-6.6064,57.0517]]],[[[-5.9586,57.2845],[-6.0139,57.3175],[-5.9294,57.3072],[-5.9586,57.2845]]],[[[-5.9683,57.5179],[-5.99,57.5329],[-5.9619,57.5773],[-5.9683,57.5179]]],[[[-7.2226,57.7097],[-7.1802,57.7347],[-7.152,57.7263],[-7.2226,57.7097]]],[[[-8.621,57.8332],[-8.5522,57.8189],[-8.5909,57.8048],[-8.621,57.8332]]],[[[-7.0446,57.9021],[-6.9974,57.9151],[-7.0092,57.8896],[-7.0446,57.9021]]],[[[11.7388,58.0585],[11.5947,57.9356],[11.4979,58.0281],[11.7388,58.0585]]],[[[-6.8733,58.2168],[-6.88,58.2578],[-6.7912,58.2099],[-6.8733,58.2168]]],[[[11.807,58.2304],[11.7082,58.0982],[11.4066,58.1311],[11.807,58.2304]]],[[[19.3317,58.3676],[19.2503,58.3428],[19.1878,58.395],[19.3317,58.3676]]],[[[-2.542,59.1206],[-2.6861,59.0892],[-2.6655,59.1552],[-2.542,59.1206]]],[[[18.4304,59.2583],[18.3447,59.2993],[18.6123,59.2583],[18.4304,59.2583]]],[[[5.2769,59.2993],[5.2086,59.1429],[5.1859,59.4147],[5.2769,59.2993]]],[[[-1.6513,59.529],[-1.5831,59.56],[-1.5967,59.532],[-1.6513,59.529]]],[[[5.3071,59.7586],[5.1528,59.5916],[5.0706,59.7828],[5.3071,59.7586]]],[[[5.4891,59.861],[5.3897,59.7586],[5.2502,59.9094],[5.4891,59.861]]],[[[-43.2065,59.9709],[-43.371,59.9156],[-43.316,60.005],[-43.2065,59.9709]]],[[[-44.0084,59.9914],[-44.3988,59.9094],[-44.2001,60.0279],[-44.0084,59.9914]]],[[[5.6192,60.0739],[5.6399,59.9156],[5.3618,59.9953],[5.6192,60.0739]]],[[[22.4084,60.0528],[22.3828,59.9926],[22.3489,60.0632],[22.4084,60.0528]]],[[[20.2776,60.1422],[20.2776,60.0665],[20.2019,60.0876],[20.2776,60.1422]]],[[[21.3533,60.2111],[21.4489,60.1837],[21.2707,60.1906],[21.3533,60.2111]]],[[[22.0589,60.2111],[22.0093,60.1373],[21.9354,60.1763],[22.0589,60.2111]]],[[[25.8142,60.2077],[25.8762,60.2172],[25.8356,60.196],[25.8142,60.2077]]],[[[20.4279,60.2657],[20.3929,60.1968],[20.3454,60.2377],[20.4279,60.2657]]],[[[20.8189,60.2322],[20.7873,60.2863],[20.853,60.2657],[20.8189,60.2322]]],[[[25.6223,60.2383],[25.5817,60.2964],[25.6844,60.2452],[25.6223,60.2383]]],[[[21.7259,60.4817],[21.6909,60.4841],[21.7642,60.5258],[21.7259,60.4817]]],[[[-0.7846,60.6151],[-0.8562,60.5673],[-0.9388,60.6287],[-0.7846,60.6151]]],[[[-47.722,60.7591],[-47.9005,60.6824],[-48.236,60.8001],[-47.722,60.7591]]],[[[21.2644,60.882],[21.27,60.968],[21.3743,60.9304],[21.2644,60.882]]],[[[-42.4939,61.4512],[-42.3903,61.4853],[-42.4681,61.4389],[-42.4939,61.4512]]],[[[-42.0824,61.8764],[-42.1175,61.7788],[-42.2879,61.7597],[-42.0824,61.8764]]],[[[-41.918,62.8148],[-41.8155,62.808],[-41.9169,62.7792],[-41.918,62.8148]]],[[[21.3185,63.2878],[21.2292,63.3288],[21.346,63.3638],[21.3185,63.2878]]],[[[-51.2233,63.5137],[-51.3959,63.4665],[-51.3164,63.5299],[-51.2233,63.5137]]],[[[-40.7733,63.6441],[-40.6635,63.6441],[-40.7997,63.6098],[-40.7733,63.6441]]],[[[20.8392,63.7676],[20.8649,63.7968],[20.9204,63.7737],[20.8392,63.7676]]],[[[-35.5515,66.2069],[-35.387,66.2485],[-35.4845,66.1849],[-35.5515,66.2069]]],[[[-33.8657,66.8232],[-33.9757,66.8307],[-33.9051,66.881],[-33.8657,66.8232]]],[[[-33.4753,67.187],[-33.3381,67.2069],[-33.4499,67.1415],[-33.4753,67.187]]],[[[-33.2494,67.3577],[-33.2561,67.2978],[-33.3313,67.3378],[-33.2494,67.3577]]],[[[-51.8341,68.6052],[-51.8863,68.6048],[-51.8639,68.6121],[-51.8341,68.6052]]],[[[21.668,69.9484],[21.7362,69.9484],[21.6958,69.9279],[21.668,69.9484]]],[[[19.9002,70.0168],[19.9479,70.0268],[19.9959,70.0168],[19.9002,70.0168]]],[[[21.041,70.0613],[21.0466,70.0391],[20.9553,70.0241],[21.041,70.0613]]],[[[96.8631,-12.1817],[96.8306,-12.1799],[96.8215,-12.1266],[96.8631,-12.1817]]],[[[115.8459,-4.7641],[115.8068,-4.8219],[115.7734,-4.8151],[115.8459,-4.7641]]],[[[100.5085,-3.1222],[100.5288,-3.1835],[100.4937,-3.1603],[100.5085,-3.1222]]],[[[103.5187,0.8184],[103.5234,0.7778],[103.4212,0.8732],[103.5187,0.8184]]],[[[104.7986,1.0315],[104.8435,1.0182],[104.8328,0.9551],[104.7986,1.0315]]],[[[107.562,1.0372],[107.6016,1.0098],[107.5596,0.9702],[107.562,1.0372]]],[[[96.6441,2.127],[96.6717,2.102],[96.6229,2.0706],[96.6441,2.127]]],[[[106.2432,2.7605],[106.2195,2.7584],[106.2033,2.8191],[106.2432,2.7605]]],[[[107.8071,3.0149],[107.8112,2.9868],[107.7451,2.9835],[107.8071,3.0149]]],[[[108.0051,4.7724],[107.9934,4.6913],[107.9373,4.6914],[108.0051,4.7724]]],[[[95.1774,5.6284],[95.1091,5.622],[95.1418,5.6641],[95.1774,5.6284]]],[[[99.2478,6.5749],[99.2173,6.5369],[99.1585,6.5544],[99.2478,6.5749]]],[[[99.4054,7.2663],[99.4539,7.239],[99.3833,7.1941],[99.4054,7.2663]]],[[[93.5659,7.9993],[93.574,7.9249],[93.5108,7.9802],[93.5659,7.9993]]],[[[98.6375,8.1713],[98.6209,8.09],[98.5796,8.1061],[98.6375,8.1713]]],[[[93.6077,8.548],[93.6282,8.4866],[93.6014,8.4382],[93.6077,8.548]]],[[[79.7308,9.5002],[79.666,9.4913],[79.6587,9.5554],[79.7308,9.5002]]],[[[98.4116,9.7683],[98.3981,9.7062],[98.3849,9.7279],[98.4116,9.7683]]],[[[106.4981,9.8912],[106.521,9.8377],[106.4224,9.939],[106.4981,9.8912]]],[[[98.1858,10.1212],[98.2409,10.1678],[98.1858,10.0421],[98.1858,10.1212]]],[[[97.9115,10.4945],[97.9435,10.4438],[97.9102,10.4019],[97.9115,10.4945]]],[[[106.8743,10.4604],[106.7707,10.4643],[106.752,10.6658],[106.8743,10.4604]]],[[[98.4937,10.8911],[98.5532,10.8328],[98.5271,10.7869],[98.4937,10.8911]]],[[[97.8904,10.885],[97.9518,10.9191],[97.9092,10.8572],[97.8904,10.885]]],[[[98.2752,11.248],[98.2473,11.2145],[98.22,11.2691],[98.2752,11.248]]],[[[103.0303,11.5019],[103.0303,11.4262],[102.9959,11.5137],[103.0303,11.5019]]],[[[92.2668,11.5895],[92.2521,11.5292],[92.2173,11.5981],[92.2668,11.5895]]],[[[97.6644,11.906],[97.6719,11.8377],[97.6428,11.8677],[97.6644,11.906]]],[[[98.2542,11.8581],[98.2654,11.9085],[98.2891,11.8824],[98.2542,11.8581]]],[[[98.2678,11.9339],[98.2461,11.9254],[98.2358,11.9683],[98.2678,11.9339]]],[[[93.1033,12.1905],[93.0942,12.091],[93.0593,12.1536],[93.1033,12.1905]]],[[[98.5142,12.4956],[98.4956,12.4058],[98.4743,12.425],[98.5142,12.4956]]],[[[98.2542,12.5676],[98.2899,12.5263],[98.2605,12.4953],[98.2542,12.5676]]],[[[97.8228,12.5875],[97.8499,12.5946],[97.8499,12.5373],[97.8228,12.5875]]],[[[93.0391,13.6675],[93.0527,13.6402],[92.9906,13.6675],[93.0391,13.6675]]],[[[97.9319,13.8593],[97.9177,13.7836],[97.9187,13.8533],[97.9319,13.8593]]],[[[93.396,14.1404],[93.3948,14.0764],[93.3748,14.0647],[93.396,14.1404]]],[[[93.6758,14.8592],[93.7244,14.9138],[93.7044,14.871],[93.6758,14.8592]]],[[[97.6644,15.5656],[97.6644,15.5041],[97.6509,15.5922],[97.6644,15.5656]]],[[[110.5959,20.9587],[110.5892,20.8835],[110.5475,20.9177],[110.5959,20.9587]]],[[[107.5254,20.9103],[107.4639,20.8141],[107.4707,20.883],[107.5254,20.9103]]],[[[107.7451,21.0202],[107.7928,20.986],[107.7383,20.9376],[107.7451,21.0202]]],[[[107.6213,21.116],[107.5796,20.9831],[107.5594,20.986],[107.6213,21.116]]],[[[107.8135,21.3605],[107.8171,21.3485],[107.7114,21.3076],[107.8135,21.3605]]],[[[107.8687,21.3901],[107.9983,21.4038],[107.8412,21.3485],[107.8687,21.3901]]],[[[88.0505,21.7054],[88.1467,21.8699],[88.1394,21.6303],[88.0505,21.7054]]],[[[88.0809,21.8494],[88.1189,21.945],[88.125,21.8887],[88.0809,21.8494]]],[[[90.5935,21.9866],[90.6066,21.9388],[90.5036,21.8625],[90.5935,21.9866]]],[[[90.3322,21.9388],[90.3943,22.0002],[90.3229,21.8439],[90.3322,21.9388]]],[[[90.3875,22.048],[90.3396,21.9723],[90.3587,22.0227],[90.3875,22.048]]],[[[90.4352,22.0412],[90.4862,21.9768],[90.4155,21.9005],[90.4352,22.0412]]],[[[121.5635,22.0446],[121.5389,22.0182],[121.492,22.0822],[121.5635,22.0446]]],[[[90.5444,22.0617],[90.4917,22.0801],[90.6135,22.164],[90.5444,22.0617]]],[[[90.9417,22.205],[90.9567,22.1448],[90.9294,22.1169],[90.9417,22.205]]],[[[90.9764,22.1858],[90.9829,22.2592],[90.9978,22.2351],[90.9764,22.1858]]],[[[90.9529,22.2268],[90.9764,22.3633],[90.9944,22.3021],[90.9529,22.2268]]],[[[90.6196,22.4247],[90.6587,22.3795],[90.6401,22.3087],[90.6196,22.4247]]],[[[90.6475,22.4247],[90.6535,22.4835],[90.6673,22.439],[90.6475,22.4247]]],[[[91.1586,22.5034],[91.201,22.4722],[91.1137,22.4614],[91.1586,22.5034]]],[[[90.6453,22.8493],[90.4557,22.7674],[90.4734,22.8651],[90.6453,22.8493]]],[[[90.5104,23.069],[90.4695,23.0076],[90.4557,23.0628],[90.5104,23.069]]],[[[123.0026,24.4743],[122.9984,24.4395],[122.9386,24.4442],[123.0026,24.4743]]],[[[141.3578,24.7896],[141.2896,24.727],[141.2995,24.7859],[141.3578,24.7896]]],[[[131.2551,25.875],[131.2525,25.819],[131.2121,25.829],[131.2551,25.875]]],[[[142.1932,27.0917],[142.2332,27.0943],[142.2346,27.05],[142.1932,27.0917]]],[[[129.7149,29.6545],[129.7538,29.6454],[129.721,29.6061],[129.7149,29.6545]]],[[[129.8936,29.8747],[129.9204,29.8196],[129.8402,29.8497],[129.8936,29.8747]]],[[[132.2437,33.7933],[132.273,33.7685],[132.1883,33.7797],[132.2437,33.7933]]],[[[139.2704,34.396],[139.3025,34.3997],[139.2678,34.3227],[139.2704,34.396]]],[[[125.989,34.7133],[125.9769,34.6564],[125.916,34.6876],[125.989,34.7133]]],[[[126.0072,34.781],[125.8926,34.7366],[125.9129,34.7769],[126.0072,34.781]]],[[[126.1106,35.0512],[126.0691,35.1024],[126.1652,35.1435],[126.1106,35.0512]]],[[[133.0125,36.0148],[133.0791,35.9936],[133.0278,35.9936],[133.0125,36.0148]]],[[[126.5633,37.5144],[126.4434,37.4206],[126.3555,37.4662],[126.5633,37.5144]]],[[[126.3567,37.6951],[126.282,37.6993],[126.32,37.7472],[126.3567,37.6951]]],[[[124.8835,38.5286],[124.904,38.4944],[124.7903,38.5174],[124.8835,38.5286]]],[[[145.3115,43.5933],[145.2835,43.5179],[145.2024,43.6138],[145.3115,43.5933]]],[[[144.4483,43.9422],[144.4551,43.9422],[144.449,43.942],[144.4483,43.9422]]],[[[153.987,48.9654],[153.9607,48.9267],[153.9021,48.9565],[153.987,48.9654]]],[[[178.2522,51.8299],[178.3962,51.7685],[178.3415,51.7685],[178.2522,51.8299]]],[[[175.8818,52.378],[175.991,52.3581],[175.9289,52.3393],[175.8818,52.378]]],[[[174.0967,52.7138],[174.1139,52.741],[174.1823,52.7069],[174.0967,52.7138]]],[[[142.5497,54.3022],[142.5872,54.3133],[142.6042,54.3102],[142.5497,54.3022]]],[[[-162.4091,54.4064],[-162.4354,54.372],[-162.4854,54.4139],[-162.4091,54.4064]]],[[[-158.7086,55.8315],[-158.9087,55.8413],[-158.8281,55.8967],[-158.7086,55.8315]]],[[[23.9434,58.1132],[24.0134,58.1535],[24.0025,58.1085],[23.9434,58.1132]]],[[[18.7158,59.2088],[18.738,59.1977],[18.6597,59.1769],[18.7158,59.2088]]],[[[18.797,59.2949],[18.7752,59.2522],[18.7227,59.2624],[18.797,59.2949]]],[[[155.5077,59.3281],[155.5669,59.3404],[155.6,59.3194],[155.5077,59.3281]]],[[[18.676,59.3403],[18.7471,59.3319],[18.6775,59.2995],[18.676,59.3403]]],[[[18.1067,59.385],[18.2493,59.3667],[18.1655,59.3406],[18.1067,59.385]]],[[[18.8543,59.4025],[18.8695,59.3935],[18.8477,59.3894],[18.8543,59.4025]]],[[[18.9424,59.3936],[18.9377,59.3732],[18.8994,59.4007],[18.9424,59.3936]]],[[[18.9258,59.434],[18.8939,59.4072],[18.8606,59.4245],[18.9258,59.434]]],[[[24.5159,59.5981],[24.5428,59.5478],[24.4891,59.5596],[24.5159,59.5981]]],[[[18.9777,59.6339],[18.8586,59.5958],[18.9378,59.6491],[18.9777,59.6339]]],[[[18.8543,59.6011],[18.7568,59.5727],[18.9243,59.6569],[18.8543,59.6011]]],[[[18.9963,59.8098],[18.8858,59.7939],[18.9592,59.8637],[18.9963,59.8098]]],[[[20.8753,59.9141],[20.8975,59.9401],[20.9202,59.9092],[20.8753,59.9141]]],[[[20.9836,59.9428],[20.9828,59.9215],[20.9133,59.9484],[20.9836,59.9428]]],[[[23.9152,59.9735],[23.8942,59.9497],[23.8474,59.9547],[23.9152,59.9735]]],[[[29.7914,59.9949],[29.7869,59.9751],[29.6574,60.0255],[29.7914,59.9949]]],[[[27.885,60.0111],[27.8026,59.9993],[27.8201,60.0308],[27.885,60.0111]]],[[[27.0222,60.0422],[26.9847,60.0177],[26.95,60.0996],[27.0222,60.0422]]],[[[22.9575,60.1108],[22.8455,60.0822],[22.8916,60.1191],[22.9575,60.1108]]],[[[21.9915,60.13],[21.9876,60.112],[21.9299,60.1246],[21.9915,60.13]]],[[[20.6834,60.1305],[20.6716,60.1092],[20.6355,60.1439],[20.6834,60.1305]]],[[[18.724,60.1966],[18.8069,60.1606],[18.7244,60.1555],[18.724,60.1966]]],[[[20.6838,60.2294],[20.7163,60.2093],[20.6707,60.1992],[20.6838,60.2294]]],[[[21.9832,60.285],[21.979,60.2893],[22.0083,60.2973],[21.9832,60.285]]],[[[21.9569,60.2814],[21.8753,60.3049],[21.9738,60.3093],[21.9569,60.2814]]],[[[28.7118,60.295],[28.6242,60.2702],[28.5414,60.3474],[28.7118,60.295]]],[[[28.5169,60.3377],[28.5037,60.311],[28.4255,60.3608],[28.5169,60.3377]]],[[[20.7774,60.3265],[20.7327,60.3144],[20.7572,60.3661],[20.7774,60.3265]]],[[[21.3381,60.3834],[21.3553,60.3518],[21.2944,60.3705],[21.3381,60.3834]]],[[[26.6021,60.4465],[26.6365,60.4149],[26.5072,60.4035],[26.6021,60.4465]]],[[[-169.81,63.0646],[-169.7771,63.0351],[-169.9319,63.1391],[-169.81,63.0646]]],[[[-170.2962,63.2394],[-170.7078,63.3952],[-170.4855,63.3447],[-170.2962,63.2394]]],[[[35.9431,64.4051],[36.0449,64.3603],[35.9531,64.3398],[35.9431,64.4051]]],[[[-169.0834,65.8159],[-168.9946,65.8159],[-169.0765,65.7551],[-169.0834,65.8159]]],[[[12.8753,66.2856],[12.825,66.2159],[12.7002,66.2432],[12.8753,66.2856]]],[[[12.9408,66.4602],[12.8989,66.355],[12.8008,66.3847],[12.9408,66.4602]]],[[[32.386,67.1323],[32.3937,67.1003],[32.3377,67.1249],[32.386,67.1323]]],[[[15.1662,67.9868],[15.2303,68.0367],[15.2866,67.977],[15.1662,67.9868]]],[[[20.8942,70.0796],[20.793,70.119],[20.8569,70.1449],[20.8942,70.0796]]],[[[19.5387,70.0937],[19.335,70.1279],[19.408,70.1621],[19.5387,70.0937]]],[[[162.3817,70.6815],[162.4841,70.6541],[162.2378,70.6541],[162.3817,70.6815]]],[[[161.6623,70.7913],[161.4631,70.805],[161.5305,70.8416],[161.6623,70.7913]]],[[[82.1366,75.1423],[82.1504,75.0952],[82.0267,75.1287],[82.1366,75.1423]]],[[[136.9751,75.5917],[136.9698,75.609],[137.0813,75.5682],[136.9751,75.5917]]],[[[30.0696,79.008],[30.3371,78.9943],[30.1362,78.9689],[30.0696,79.008]]],[[[36.5936,80.1588],[36.6526,80.1749],[36.8537,80.1519],[36.5936,80.1588]]],[[[148.299,-42.3056],[148.3298,-42.3571],[148.2307,-42.2994],[148.299,-42.3056]]],[[[146.6268,-38.756],[146.5389,-38.7971],[146.4714,-38.7472],[146.6268,-38.756]]],[[[136.4473,-35.1481],[136.4985,-35.1721],[136.4475,-35.1694],[136.4473,-35.1481]]],[[[137.3692,-34.4724],[137.3548,-34.538],[137.3362,-34.5153],[137.3692,-34.4724]]],[[[134.5464,-33.7122],[134.479,-33.7836],[134.4863,-33.7117],[134.5464,-33.7122]]],[[[133.5657,-32.3212],[133.5794,-32.2597],[133.6755,-32.2394],[133.5657,-32.3212]]],[[[159.0444,-31.5192],[159.1065,-31.5676],[159.0896,-31.589],[159.0444,-31.5192]]],[[[-177.9095,-29.2786],[-177.958,-29.2228],[-177.8654,-29.2512],[-177.9095,-29.2786]]],[[[167.9841,-29.0178],[167.9264,-29.0663],[167.9265,-28.9975],[167.9841,-29.0178]]],[[[152.9624,-25.2696],[153.0064,-25.3277],[152.9939,-25.3385],[152.9624,-25.2696]]],[[[113.1519,-24.9269],[113.1108,-24.9611],[113.1519,-24.7556],[113.1519,-24.9269]]],[[[-147.7242,-23.8718],[-147.6479,-23.8518],[-147.6689,-23.8718],[-147.7242,-23.8718]]],[[[151.3723,-23.8202],[151.3626,-23.8718],[151.3333,-23.7502],[151.3723,-23.8202]]],[[[-149.4817,-23.3578],[-149.4632,-23.3958],[-149.5187,-23.395],[-149.4817,-23.3578]]],[[[-135.0194,-23.1176],[-134.943,-23.0836],[-134.9845,-23.1388],[-135.0194,-23.1176]]],[[[-151.3869,-22.4225],[-151.3559,-22.4566],[-151.3718,-22.5144],[-151.3869,-22.4225]]],[[[149.7278,-22.3405],[149.7663,-22.3647],[149.7248,-22.4399],[149.7278,-22.3405]]],[[[-157.9346,-21.8775],[-157.8871,-21.9264],[-157.961,-21.9239],[-157.9346,-21.8775]]],[[[150.2932,-21.7409],[150.3689,-21.7267],[150.3428,-21.7717],[150.2932,-21.7409]]],[[[-140.6719,-21.6589],[-140.6037,-21.7068],[-140.6583,-21.7127],[-140.6719,-21.6589]]],[[[150.3001,-21.6789],[150.2461,-21.6789],[150.2461,-21.6236],[150.3001,-21.6789]]],[[[149.0941,-20.4182],[149.1151,-20.4797],[149.0531,-20.5281],[149.0941,-20.4182]]],[[[148.4504,-19.9658],[148.481,-20.0046],[148.4702,-20.0476],[148.4504,-19.9658]]],[[[-157.708,-19.7672],[-157.7217,-19.8559],[-157.7421,-19.8046],[-157.708,-19.7672]]],[[[-178.9722,-18.9651],[-178.9436,-18.9264],[-178.931,-18.9714],[-178.9722,-18.9651]]],[[[139.0892,-16.8276],[139.1581,-16.8276],[139.1077,-16.8625],[139.0892,-16.8276]]],[[[-151.0058,-16.7692],[-151.0133,-16.8207],[-151.0399,-16.79],[-151.0058,-16.7692]]],[[[-151.0263,-16.7081],[-151.0076,-16.7405],[-151.0474,-16.766],[-151.0263,-16.7081]]],[[[-151.7804,-16.4781],[-151.7536,-16.4838],[-151.7469,-16.526],[-151.7804,-16.4781]]],[[[-146.3873,-16.1082],[-146.3377,-16.1134],[-146.3389,-16.1628],[-146.3873,-16.1082]]],[[[124.418,-15.2541],[124.4317,-15.3087],[124.3362,-15.3001],[124.418,-15.2541]]],[[[124.9282,-14.9736],[124.927,-15.0292],[124.8638,-14.9726],[124.9282,-14.9736]]],[[[135.7668,-14.8682],[135.6872,-14.9029],[135.7278,-14.8345],[135.7668,-14.8682]]],[[[136.8075,-13.8185],[136.8103,-13.8083],[136.8181,-13.8014],[136.8075,-13.8185]]],[[[96.9022,-12.2],[96.8885,-12.1874],[96.9162,-12.1618],[96.9022,-12.2]]],[[[136.817,-12.0761],[136.821,-12.138],[136.7971,-12.1084],[136.817,-12.0761]]],[[[132.3875,-12.0719],[132.4058,-12.133],[132.3399,-12.0986],[132.3875,-12.0719]]],[[[136.4642,-11.8937],[136.4985,-11.7981],[136.4832,-11.8894],[136.4642,-11.8937]]],[[[136.6052,-11.746],[136.5816,-11.7981],[136.5195,-11.7907],[136.6052,-11.746]]],[[[159.8047,-11.2905],[159.8532,-11.3245],[159.7933,-11.3024],[159.8047,-11.2905]]],[[[142.2622,-10.5778],[142.3252,-10.6124],[142.2744,-10.6408],[142.2622,-10.5778]]],[[[161.741,-10.2726],[161.7306,-10.2067],[161.7688,-10.2522],[161.741,-10.2726]]],[[[123.4658,-10.1498],[123.4134,-10.3326],[123.3218,-10.339],[123.4658,-10.1498]]],[[[167.1733,-9.8864],[167.1702,-9.8591],[167.196,-9.8859],[167.1733,-9.8864]]],[[[167.0918,-9.8033],[167.1045,-9.8019],[167.1082,-9.8046],[167.0918,-9.8033]]],[[[159.8289,-9.1726],[159.8045,-9.1301],[159.8327,-9.1037],[159.8289,-9.1726]]],[[[-157.9407,-8.9807],[-157.9786,-8.976],[-158.0083,-8.9529],[-157.9407,-8.9807]]],[[[160.0791,-9.023],[160.0926,-8.9405],[160.1131,-8.9944],[160.0791,-9.023]]],[[[162.7386,-8.3884],[162.7349,-8.3738],[162.7576,-8.3785],[162.7386,-8.3884]]],[[[156.8106,-8.0554],[156.8413,-8.113],[156.7857,-8.0862],[156.8106,-8.0554]]],[[[-140.6925,-8.0151],[-140.7064,-7.9631],[-140.6384,-7.9597],[-140.6925,-8.0151]]],[[[177.1526,-7.1974],[177.1501,-7.1882],[177.153,-7.195],[177.1526,-7.1974]]],[[[52.7419,-6.9943],[52.7472,-7.0051],[52.7422,-7.0017],[52.7419,-6.9943]]],[[[71.3504,-6.6525],[71.3621,-6.6529],[71.3552,-6.6563],[71.3504,-6.6525]]],[[[71.2614,-6.3886],[71.2673,-6.37],[71.2676,-6.3827],[71.2614,-6.3886]]],[[[176.3143,-6.3023],[176.3229,-6.2888],[176.3224,-6.2951],[176.3143,-6.3023]]],[[[71.3384,-6.1959],[71.3605,-6.1773],[71.3511,-6.2003],[71.3384,-6.1959]]],[[[177.3441,-6.121],[177.3372,-6.1082],[177.3566,-6.1145],[177.3441,-6.121]]],[[[55.3828,-5.8539],[55.3818,-5.8655],[55.3801,-5.8691],[55.3828,-5.8539]]],[[[104.8328,-5.76],[104.8384,-5.8204],[104.7704,-5.752],[104.8328,-5.76]]],[[[176.1353,-5.6928],[176.1404,-5.6872],[176.1484,-5.7067],[176.1353,-5.6928]]],[[[71.7732,-5.4402],[71.7624,-5.4317],[71.7717,-5.4334],[71.7732,-5.4402]]],[[[72.2214,-5.3278],[72.231,-5.3193],[72.2283,-5.3248],[72.2214,-5.3278]]],[[[71.7371,-5.2853],[71.7471,-5.27],[71.7455,-5.2787],[71.7371,-5.2853]]],[[[71.7603,-5.2366],[71.7686,-5.2341],[71.7664,-5.2392],[71.7603,-5.2366]]],[[[71.9662,-5.2348],[71.9627,-5.227],[71.9665,-5.2275],[71.9662,-5.2348]]],[[[149.1219,-4.8831],[149.1804,-4.8792],[149.1561,-4.924],[149.1219,-4.8831]]],[[[146.2029,-4.8246],[146.2433,-4.7874],[146.2638,-4.8352],[146.2029,-4.8246]]],[[[131.7331,-4.693],[131.7544,-4.7365],[131.7365,-4.7663],[131.7331,-4.693]]],[[[131.6062,-4.4304],[131.6804,-4.524],[131.6609,-4.5343],[131.6062,-4.4304]]],[[[131.366,-4.1222],[131.305,-4.1153],[131.2815,-4.07],[131.366,-4.1222]]],[[[131.235,-3.9876],[131.2396,-4.0471],[131.2092,-3.9789],[131.235,-3.9876]]],[[[128.7962,-3.6428],[128.7617,-3.6996],[128.7463,-3.6598],[128.7962,-3.6428]]],[[[153.1917,-3.471],[153.2334,-3.4443],[153.2601,-3.499],[153.1917,-3.471]]],[[[153.3016,-3.3686],[153.3433,-3.4163],[153.2676,-3.4033],[153.3016,-3.3686]]],[[[154.642,-3.2623],[154.7318,-3.4608],[154.5532,-3.2063],[154.642,-3.2623]]],[[[131.5994,-2.6349],[131.6546,-2.6132],[131.5982,-2.6539],[131.5994,-2.6349]]],[[[176.7861,-2.6082],[176.8509,-2.6541],[176.8273,-2.6562],[176.7861,-2.6082]]],[[[151.9824,-2.6628],[151.9995,-2.5945],[152.0374,-2.6423],[151.9824,-2.6628]]],[[[175.9817,-2.506],[175.9732,-2.4897],[175.9932,-2.5103],[175.9817,-2.506]]],[[[175.5915,-1.8742],[175.5863,-1.9225],[175.5523,-1.8193],[175.5915,-1.8742]]],[[[175.0588,-1.4363],[175.0606,-1.5317],[175.0125,-1.5492],[175.0588,-1.4363]]],[[[176.4094,-1.3327],[176.4448,-1.3738],[176.464,-1.4363],[176.4094,-1.3327]]],[[[176.0093,-1.3342],[175.9836,-1.3674],[175.9421,-1.2848],[176.0093,-1.3342]]],[[[73.1631,-0.6818],[73.1725,-0.6886],[73.1659,-0.6884],[73.1631,-0.6818]]],[[[73.2041,-0.6712],[73.1914,-0.6828],[73.1952,-0.6745],[73.2041,-0.6712]]],[[[73.1243,-0.6562],[73.127,-0.6663],[73.1239,-0.6647],[73.1243,-0.6562]]],[[[73.24,-0.6256],[73.2273,-0.6428],[73.23,-0.6233],[73.24,-0.6256]]],[[[73.2468,-0.5886],[73.2446,-0.6072],[73.2363,-0.5924],[73.2468,-0.5886]]],[[[73.4351,-0.2836],[73.4445,-0.3043],[73.4352,-0.2936],[73.4351,-0.2836]]],[[[122.2176,-0.2472],[122.1444,-0.233],[122.1771,-0.1964],[122.2176,-0.2472]]],[[[173.6206,0.1334],[173.6062,0.216],[173.6287,0.2191],[173.6206,0.1334]]],[[[73.0955,0.228],[73.1043,0.2196],[73.1029,0.2134],[73.0955,0.228]]],[[[73.209,0.24],[73.2174,0.2377],[73.2127,0.2321],[73.209,0.24]]],[[[73.0368,0.2699],[73.0404,0.2593],[73.0361,0.2609],[73.0368,0.2699]]],[[[73.3791,0.2852],[73.3696,0.28],[73.3711,0.286],[73.3791,0.2852]]],[[[72.9837,0.3052],[72.986,0.2996],[72.9812,0.3021],[72.9837,0.3052]]],[[[104.4055,0.3388],[104.4051,0.2921],[104.3394,0.3655],[104.4055,0.3388]]],[[[73.5134,0.3878],[73.5086,0.3806],[73.5066,0.3878],[73.5134,0.3878]]],[[[72.9583,0.4033],[72.9612,0.394],[72.9578,0.3968],[72.9583,0.4033]]],[[[173.8323,0.4487],[173.9216,0.3798],[173.8049,0.4344],[173.8323,0.4487]]],[[[72.9409,0.4963],[72.9406,0.4873],[72.937,0.4936],[72.9409,0.4963]]],[[[73.492,0.508],[73.4946,0.499],[73.4898,0.5026],[73.492,0.508]]],[[[73.3879,0.6418],[73.3848,0.6356],[73.3836,0.6389],[73.3879,0.6418]]],[[[104.2158,0.7082],[104.2705,0.675],[104.2774,0.6262],[104.2158,0.7082]]],[[[73.3731,0.7631],[73.37,0.757],[73.3688,0.7604],[73.3731,0.7631]]],[[[172.9872,0.8323],[172.99,0.8254],[172.9834,0.8313],[172.9872,0.8323]]],[[[172.9778,0.8363],[172.9754,0.8317],[172.9694,0.8397],[172.9778,0.8363]]],[[[73.3539,0.8477],[73.3511,0.8406],[73.3498,0.8441],[73.3539,0.8477]]],[[[172.9832,1.5312],[172.949,1.6273],[172.9629,1.6206],[172.9832,1.5312]]],[[[72.8314,3.5106],[72.8351,3.5054],[72.8311,3.5036],[72.8314,3.5106]]],[[[72.7937,3.5169],[72.7988,3.5119],[72.7912,3.5109],[72.7937,3.5169]]],[[[72.9284,3.5519],[72.9116,3.5417],[72.9199,3.5522],[72.9284,3.5519]]],[[[72.9419,3.6188],[72.9456,3.6137],[72.9416,3.6119],[72.9419,3.6188]]],[[[72.6926,3.727],[72.6946,3.715],[72.6897,3.718],[72.6926,3.727]]],[[[73.4773,3.9421],[73.4675,3.9337],[73.4692,3.937],[73.4773,3.9421]]],[[[72.7031,4.0033],[72.7046,3.9964],[72.6991,3.9995],[72.7031,4.0033]]],[[[73.5081,4.1036],[73.5083,4.0933],[73.5023,4.1008],[73.5081,4.1036]]],[[[72.9705,4.2659],[72.9758,4.2604],[72.9725,4.2604],[72.9705,4.2659]]],[[[73.7028,4.4347],[73.7009,4.4323],[73.6974,4.4314],[73.7028,4.4347]]],[[[73.7028,4.453],[73.6999,4.4492],[73.7,4.4516],[73.7028,4.453]]],[[[73.3767,4.4744],[73.3773,4.4653],[73.3739,4.467],[73.3767,4.4744]]],[[[168.6854,4.5738],[168.7681,4.6291],[168.7414,4.5858],[168.6854,4.5738]]],[[[73.405,4.635],[73.403,4.6274],[73.4012,4.6298],[73.405,4.635]]],[[[73.4905,4.7233],[73.4885,4.716],[73.4867,4.7182],[73.4905,4.7233]]],[[[72.9793,4.8955],[72.9695,4.8805],[72.9727,4.8944],[72.9793,4.8955]]],[[[72.9175,4.8986],[72.9229,4.8991],[72.9209,4.8979],[72.9175,4.8986]]],[[[73.4473,4.9713],[73.4365,4.9699],[73.4412,4.9749],[73.4473,4.9713]]],[[[72.9129,5.0341],[72.9092,5.0306],[72.9102,5.0327],[72.9129,5.0341]]],[[[72.9277,5.0365],[72.9271,5.0339],[72.9243,5.033],[72.9277,5.0365]]],[[[73.0448,5.1218],[73.0435,5.1188],[73.0413,5.1184],[73.0448,5.1218]]],[[[73.0491,5.1333],[73.0514,5.1267],[73.0476,5.1264],[73.0491,5.1333]]],[[[73.0913,5.1614],[73.091,5.1585],[73.0877,5.1579],[73.0913,5.1614]]],[[[73.1039,5.173],[73.1105,5.1703],[73.1071,5.171],[73.1039,5.173]]],[[[72.8601,5.2379],[72.8592,5.2355],[72.8566,5.2344],[72.8601,5.2379]]],[[[73.1318,5.2446],[73.1318,5.2425],[73.1284,5.2412],[73.1318,5.2446]]],[[[73.4998,5.2469],[73.4972,5.245],[73.4938,5.246],[73.4998,5.2469]]],[[[73.5936,5.2827],[73.5829,5.2756],[73.57,5.2768],[73.5936,5.2827]]],[[[73.1128,5.2986],[73.1092,5.2952],[73.1092,5.2967],[73.1128,5.2986]]],[[[73.4701,5.3077],[73.4642,5.3068],[73.4671,5.3083],[73.4701,5.3077]]],[[[73.6296,5.3328],[73.6272,5.3311],[73.6233,5.3319],[73.6296,5.3328]]],[[[73.6467,5.3432],[73.6399,5.3422],[73.6434,5.3439],[73.6467,5.3432]]],[[[72.9531,5.3528],[72.9524,5.3501],[72.9496,5.3493],[72.9531,5.3528]]],[[[73.3975,5.3622],[73.4012,5.3561],[73.3962,5.3571],[73.3975,5.3622]]],[[[73.3233,5.3682],[73.3301,5.3668],[73.3192,5.3629],[73.3233,5.3682]]],[[[73.3508,5.4277],[73.3446,5.4267],[73.3475,5.4288],[73.3508,5.4277]]],[[[73.5374,5.4514],[73.5349,5.4499],[73.5313,5.4504],[73.5374,5.4514]]],[[[73.363,5.4631],[73.3631,5.4594],[73.3607,5.4578],[73.363,5.4631]]],[[[72.9431,5.4676],[72.9382,5.4615],[72.937,5.4656],[72.9431,5.4676]]],[[[73.0159,5.4929],[73.011,5.4868],[73.0098,5.4909],[73.0159,5.4929]]],[[[73.4624,5.5436],[73.4593,5.5417],[73.4563,5.5427],[73.4624,5.5436]]],[[[73.0056,5.7133],[72.9998,5.707],[72.9988,5.712],[73.0056,5.7133]]],[[[172.0298,6.0541],[171.9624,6.0518],[171.9484,6.0678],[172.0298,6.0541]]],[[[72.9494,6.3498],[72.9531,6.3435],[72.9485,6.3444],[72.9494,6.3498]]],[[[72.8926,6.4521],[72.8963,6.4458],[72.8909,6.4482],[72.8926,6.4521]]],[[[168.5768,7.4041],[168.5552,7.4303],[168.5625,7.4643],[168.5768,7.4041]]],[[[117.0305,8.0683],[116.9959,8.103],[117.0454,8.1358],[117.0305,8.0683]]],[[[117.1677,8.1781],[117.2057,8.1555],[117.1618,8.1567],[117.1677,8.1781]]],[[[117.2428,8.3153],[117.1901,8.262],[117.1895,8.2995],[117.2428,8.3153]]],[[[121.8416,20.346],[121.8932,20.3137],[121.8693,20.2762],[121.8416,20.346]]],[[[140.87,27.2182],[140.8679,27.234],[140.8742,27.2382],[140.87,27.2182]]],[[[-79.8619,53.9129],[-79.9069,53.9177],[-79.9301,53.9409],[-79.8619,53.9129]]],[[[-80.4708,59.491],[-80.5422,59.3713],[-80.5533,59.4501],[-80.4708,59.491]]],[[[-25.5619,71.1072],[-25.3412,71.0787],[-25.3077,71.0173],[-25.5619,71.1072]]],[[[-21.3259,73.1481],[-21.1683,73.1344],[-21.4625,73.1214],[-21.3259,73.1481]]],[[[-18.2052,78.7368],[-18.1618,78.8293],[-18.0003,78.7658],[-18.2052,78.7368]]],[[[-73.8238,-73.3875],[-73.7794,-73.3591],[-73.7351,-73.3701],[-73.8238,-73.3875]]],[[[-67.135,-68.1381],[-67.2008,-68.1726],[-67.255,-68.1448],[-67.135,-68.1381]]],[[[-67.04,-67.8614],[-66.8554,-67.8722],[-66.9011,-67.8884],[-67.04,-67.8614]]],[[[-67.7445,-67.3608],[-67.6905,-67.3188],[-67.6042,-67.3146],[-67.7445,-67.3608]]],[[[-67.6566,-67.0888],[-67.5404,-67.0989],[-67.6334,-67.1415],[-67.6566,-67.0888]]],[[[-67.161,-66.3888],[-67.1475,-66.3253],[-67.0271,-66.3419],[-67.161,-66.3888]]],[[[-67.1018,-66.2617],[-67.0716,-66.235],[-66.8768,-66.2638],[-67.1018,-66.2617]]],[[[-65.7408,-65.9684],[-65.802,-65.9926],[-65.7799,-65.948],[-65.7408,-65.9684]]],[[[-65.9001,-65.8767],[-65.9144,-65.9169],[-66.0338,-65.9246],[-65.9001,-65.8767]]],[[[-62.8468,-64.809],[-62.9005,-64.8239],[-63.031,-64.8064],[-62.8468,-64.809]]],[[[-62.0228,-64.6249],[-62.0367,-64.6612],[-62.077,-64.6511],[-62.0228,-64.6249]]],[[[-62.149,-64.5803],[-62.0146,-64.5529],[-62.093,-64.6209],[-62.149,-64.5803]]],[[[-57.6525,-64.4503],[-57.564,-64.4423],[-57.5875,-64.471],[-57.6525,-64.4503]]],[[[-59.8375,-63.5546],[-59.7779,-63.5948],[-59.8716,-63.5838],[-59.8375,-63.5546]]],[[[-26.7328,-57.0593],[-26.6903,-57.0506],[-26.6503,-57.0798],[-26.7328,-57.0593]]],[[[-67.0943,-55.8261],[-67.0784,-55.9101],[-67.17,-55.8738],[-67.0943,-55.8261]]],[[[-67.2321,-55.7714],[-67.157,-55.7783],[-67.2285,-55.7984],[-67.2321,-55.7714]]],[[[-70.014,-55.3059],[-70.0065,-55.3744],[-70.1102,-55.2923],[-70.014,-55.3059]]],[[[-37.0831,-54.4659],[-37.0182,-54.5034],[-37.0865,-54.5108],[-37.0831,-54.4659]]],[[[-70.3846,-54.1881],[-70.2187,-54.2346],[-70.5211,-54.1744],[-70.3846,-54.1881]]],[[[-38.087,-54.0037],[-38.0624,-53.9881],[-38.0262,-53.9894],[-38.087,-54.0037]]],[[[-73.3924,-53.414],[-73.4818,-53.5717],[-73.8033,-53.4345],[-73.3924,-53.414]]],[[[-73.331,-52.694],[-73.3692,-52.7286],[-73.3998,-52.7282],[-73.331,-52.694]]],[[[-73.7698,-52.3793],[-74.0928,-52.1666],[-73.8153,-52.2411],[-73.7698,-52.3793]]],[[[-74.3446,-52.0641],[-74.3878,-52.0772],[-74.4072,-52.0431],[-74.3446,-52.0641]]],[[[-74.9063,-50.7966],[-74.8045,-50.6663],[-74.6605,-50.8239],[-74.9063,-50.7966]]],[[[-74.6087,-50.5148],[-74.6735,-50.5769],[-74.681,-50.5148],[-74.6087,-50.5148]]],[[[-74.4721,-48.456],[-74.3031,-48.4799],[-74.429,-48.5258],[-74.4721,-48.456]]],[[[-74.5438,-48.322],[-74.5582,-48.1223],[-74.3726,-48.2532],[-74.5438,-48.322]]],[[[-73.7077,-45.9236],[-73.6832,-46.0177],[-73.8195,-45.9987],[-73.7077,-45.9236]]],[[[-73.9268,-45.7454],[-74.0156,-45.914],[-74.0946,-45.7639],[-73.9268,-45.7454]]],[[[-74.5544,-45.5748],[-74.5839,-45.7353],[-74.6857,-45.7433],[-74.5544,-45.5748]]],[[[-73.8859,-45.4711],[-74.1426,-45.575],[-74.064,-45.4233],[-73.8859,-45.4711]]],[[[-74.5544,-45.5468],[-74.4457,-45.4282],[-74.5013,-45.5881],[-74.5544,-45.5468]]],[[[-74.3414,-45.3377],[-74.378,-45.401],[-74.5258,-45.295],[-74.3414,-45.3377]]],[[[-74.2735,-45.2079],[-74.3253,-45.3023],[-74.4203,-45.2321],[-74.2735,-45.2079]]],[[[-74.3414,-44.8063],[-74.3935,-44.857],[-74.5277,-44.7433],[-74.3414,-44.8063]]],[[[-74.4823,-44.6363],[-74.469,-44.6972],[-74.6695,-44.6702],[-74.4823,-44.6363]]],[[[-74.1937,-44.4923],[-74.1542,-44.5597],[-74.3689,-44.5411],[-74.1937,-44.4923]]],[[[-74.393,-44.547],[-74.5411,-44.4538],[-74.2595,-44.4129],[-74.393,-44.547]]],[[[-73.7897,-44.4228],[-73.867,-44.4661],[-73.911,-44.3967],[-73.7897,-44.4228]]],[[[-73.7265,-44.4251],[-73.7897,-44.3824],[-73.6541,-44.3508],[-73.7265,-44.4251]]],[[[-73.2628,-44.3884],[-73.249,-44.3067],[-73.1772,-44.3678],[-73.2628,-44.3884]]],[[[-73.8654,-44.3341],[-73.9753,-44.2896],[-73.8057,-44.2664],[-73.8654,-44.3341]]],[[[-74.3866,-44.2499],[-74.29,-44.2973],[-74.4099,-44.2844],[-74.3866,-44.2499]]],[[[-73.7419,-44.2651],[-73.6662,-44.2651],[-73.722,-44.3028],[-73.7419,-44.2651]]],[[[-74.277,-44.149],[-74.3374,-44.1899],[-74.3856,-44.1596],[-74.277,-44.149]]],[[[-73.8828,-44.1183],[-73.8592,-44.1948],[-74.0162,-44.1428],[-73.8828,-44.1183]]],[[[-74.2974,-44.0119],[-74.208,-44.0193],[-74.2983,-44.0319],[-74.2974,-44.0119]]],[[[-73.2279,-44.0119],[-73.2842,-43.9357],[-73.1597,-43.8815],[-73.2279,-44.0119]]],[[[-73.6115,-42.9362],[-73.5528,-42.9186],[-73.3651,-42.9908],[-73.6115,-42.9362]]],[[[-73.4123,-42.5256],[-73.6463,-42.3738],[-73.5432,-42.3792],[-73.4123,-42.5256]]],[[[-73.0876,-42.2475],[-73.1416,-42.3137],[-73.1939,-42.2491],[-73.0876,-42.2475]]],[[[115.66,-32.1498],[115.6805,-32.2394],[115.66,-32.2325],[115.66,-32.1498]]],[[[-144.2838,-27.5792],[-144.3384,-27.6337],[-144.3394,-27.5593],[-144.2838,-27.5792]]],[[[166.8018,-22.3989],[166.8434,-22.4244],[166.8018,-22.4631],[166.8018,-22.3989]]],[[[-138.8496,-21.8713],[-138.9322,-21.8713],[-138.9119,-21.8639],[-138.8496,-21.8713]]],[[[-135.4575,-21.528],[-135.5258,-21.4871],[-135.4849,-21.4968],[-135.4575,-21.528]]],[[[166.425,-20.7199],[166.4181,-20.7404],[166.3909,-20.7267],[166.425,-20.7199]]],[[[164.2246,-20.1376],[164.1692,-20.1233],[164.1637,-20.0619],[164.2246,-20.1376]]],[[[-174.3611,-19.8014],[-174.3059,-19.7672],[-174.3202,-19.8193],[-174.3611,-19.8014]]],[[[-175.0693,-19.712],[-175.0593,-19.8014],[-175.0995,-19.7498],[-175.0693,-19.712]]],[[[-174.3058,-19.733],[-174.2574,-19.6847],[-174.2717,-19.7491],[-174.3058,-19.733]]],[[[-174.2609,-19.6305],[-174.2643,-19.6505],[-174.293,-19.5927],[-174.2609,-19.6305]]],[[[179.7775,-19.1228],[179.802,-19.1843],[179.7459,-19.1901],[179.7775,-19.1228]]],[[[178.5265,-18.8766],[178.5083,-18.9264],[178.4719,-18.9072],[178.5265,-18.8766]]],[[[177.6488,-18.4929],[177.6631,-18.5885],[177.619,-18.5119],[177.6488,-18.4929]]],[[[178.1223,-18.3693],[178.1501,-18.3578],[178.1423,-18.4119],[178.1223,-18.3693]]],[[[179.4308,-17.794],[179.4226,-17.8505],[179.3918,-17.7931],[179.4308,-17.794]]],[[[178.7258,-17.7247],[178.7727,-17.7804],[178.7347,-17.7676],[178.7258,-17.7247]]],[[[179.0054,-17.6214],[179.0197,-17.6008],[179.0408,-17.6562],[179.0054,-17.6214]]],[[[-142.5775,-17.6214],[-142.6395,-17.5326],[-142.5582,-17.5992],[-142.5775,-17.6214]]],[[[168.2054,-17.5812],[168.2389,-17.5219],[168.2954,-17.5265],[168.2054,-17.5812]]],[[[-143.4136,-17.457],[-143.475,-17.4303],[-143.4377,-17.4332],[-143.4136,-17.457]]],[[[-145.3805,-17.485],[-145.4351,-17.4172],[-145.4056,-17.443],[-145.3805,-17.485]]],[[[168.3228,-17.4474],[168.3386,-17.4145],[168.3721,-17.4791],[168.3228,-17.4474]]],[[[-145.5785,-17.3831],[-145.5914,-17.3577],[-145.5929,-17.3248],[-145.5785,-17.3831]]],[[[177.0939,-17.2453],[177.1629,-17.2658],[177.1118,-17.3103],[177.0939,-17.2453]]],[[[168.3911,-17.0672],[168.3228,-17.0895],[168.3884,-17.0412],[168.3911,-17.0672]]],[[[168.5593,-16.9436],[168.5339,-16.8945],[168.5784,-16.8769],[168.5593,-16.9436]]],[[[177.4437,-16.8679],[177.3954,-16.9368],[177.3958,-16.8661],[177.4437,-16.8679]]],[[[178.334,-16.7934],[178.2902,-16.8344],[178.28,-16.7867],[178.334,-16.7934]]],[[[179.9175,-16.6555],[179.8833,-16.6555],[179.9517,-16.6078],[179.9175,-16.6555]]],[[[178.5882,-16.573],[178.6226,-16.573],[178.5925,-16.5956],[178.5882,-16.573]]],[[[168.3296,-16.5396],[168.2954,-16.498],[168.3494,-16.498],[168.3296,-16.5396]]],[[[-143.8176,-16.5396],[-143.9342,-16.4503],[-143.862,-16.4672],[-143.8176,-16.5396]]],[[[168.2131,-16.4781],[168.261,-16.4298],[168.2438,-16.4946],[168.2131,-16.4781]]],[[[-144.2565,-16.4781],[-144.2912,-16.4161],[-144.2601,-16.4423],[-144.2565,-16.4781]]],[[[179.3623,-16.3266],[179.3775,-16.339],[179.3281,-16.3336],[179.3623,-16.3266]]],[[[-144.3731,-16.3404],[-144.426,-16.3328],[-144.4346,-16.3199],[-144.3731,-16.3404]]],[[[-145.6139,-16.0529],[-145.7089,-16.0605],[-145.6313,-16.0383],[-145.6139,-16.0529]]],[[[-140.1102,-15.9772],[-140.1723,-15.9772],[-140.1255,-15.9533],[-140.1102,-15.9772]]],[[[-145.1676,-15.9505],[-145.2359,-15.8884],[-145.22,-15.8984],[-145.1676,-15.9505]]],[[[167.2057,-15.7512],[167.0757,-15.6496],[167.2336,-15.6415],[167.2057,-15.7512]]],[[[-175.6313,-15.5595],[-175.6178,-15.6015],[-175.6689,-15.6215],[-175.6313,-15.5595]]],[[[167.1232,-14.9636],[167.0964,-14.9289],[167.1574,-14.9562],[167.1232,-14.9636]]],[[[-148.0458,-14.9977],[-148.1761,-14.9221],[-148.0891,-14.9368],[-148.0458,-14.9977]]],[[[-148.628,-14.8947],[-148.6907,-14.8538],[-148.6406,-14.8649],[-148.628,-14.8947]]],[[[-145.1949,-14.662],[-145.2604,-14.7023],[-145.2296,-14.6204],[-145.1949,-14.662]]],[[[-146.2569,-14.4975],[-146.2711,-14.4355],[-146.2318,-14.4568],[-146.2569,-14.4975]]],[[[-145.0031,-14.5112],[-145.0031,-14.443],[-144.8796,-14.4118],[-145.0031,-14.5112]]],[[[-145.8466,-14.3671],[-145.9143,-14.3466],[-145.8354,-14.3427],[-145.8466,-14.3671]]],[[[-169.4639,-14.2232],[-169.5043,-14.2706],[-169.5427,-14.2367],[-169.4639,-14.2232]]],[[[167.7026,-13.6198],[167.7129,-13.6682],[167.635,-13.6935],[167.7026,-13.6198]]],[[[167.3293,-13.5105],[167.3687,-13.5434],[167.3156,-13.5515],[167.3293,-13.5105]]],[[[166.5752,-13.2363],[166.6441,-13.2301],[166.613,-13.2682],[166.5752,-13.2363]]],[[[122.3608,-8.4329],[122.4092,-8.4867],[122.3522,-8.4802],[122.3608,-8.4329]]],[[[121.7103,-8.2888],[121.7453,-8.3117],[121.709,-8.3547],[121.7103,-8.2888]]],[[[158.2832,-7.4118],[158.249,-7.4732],[158.1943,-7.4384],[158.2832,-7.4118]]],[[[154.1921,-4.4646],[154.2541,-4.5265],[154.2323,-4.5807],[154.1921,-4.4646]]],[[[154.1514,-4.4381],[154.1345,-4.3772],[154.1447,-4.3691],[154.1514,-4.4381]]],[[[152.4866,-4.1363],[152.4927,-4.2109],[152.4313,-4.163],[152.4866,-4.1363]]],[[[153.7192,-3.9992],[153.7329,-4.0407],[153.6789,-4.0265],[153.7192,-3.9992]]],[[[121.2175,5.8207],[121.135,5.8071],[121.1629,5.848],[121.2175,5.8207]]],[[[121.6289,6.6574],[121.6164,6.5614],[121.5825,6.6317],[121.6289,6.6574]]],[[[134.2715,7.0745],[134.28,7.0205],[134.2344,6.9843],[134.2715,7.0745]]],[[[134.4639,7.2943],[134.3929,7.2245],[134.3491,7.2378],[134.4639,7.2943]]],[[[134.4714,7.3625],[134.5222,7.3113],[134.4495,7.3284],[134.4714,7.3625]]],[[[72.1727,10.8092],[72.179,10.8487],[72.2,10.8781],[72.1727,10.8092]]],[[[121.4064,12.0624],[121.3718,12.0111],[121.3587,12.1147],[121.4064,12.0624]]],[[[53.2483,12.1213],[53.2869,12.1273],[53.3103,12.1114],[53.2483,12.1213]]],[[[53.0531,12.1749],[53.0718,12.1303],[52.9853,12.1627],[53.0531,12.1749]]],[[[43.429,12.6738],[43.4358,12.6321],[43.3901,12.6663],[43.429,12.6738]]],[[[111.1965,15.7754],[111.1963,15.7857],[111.2075,15.7893],[111.1965,15.7754]]],[[[111.7634,16.0434],[111.7534,16.0474],[111.7614,16.0487],[111.7634,16.0434]]],[[[55.8362,17.4909],[55.863,17.5189],[55.8908,17.5045],[55.8362,17.4909]]],[[[37.2653,20.855],[37.2835,20.8328],[37.2544,20.7498],[37.2653,20.855]]],[[[67.3755,24.0627],[67.4853,24.0485],[67.4269,24.0075],[67.3755,24.0627]]],[[[54.5264,26.3096],[54.521,26.251],[54.4881,26.298],[54.5264,26.3096]]],[[[127.8098,26.7354],[127.8112,26.707],[127.7586,26.7129],[127.8098,26.7354]]],[[[56.3223,26.8344],[56.4041,26.8931],[56.3792,26.8387],[56.3223,26.8344]]],[[[127.9954,27.0917],[127.9758,27.0397],[127.9258,27.0098],[127.9954,27.0917]]],[[[56.473,27.106],[56.5047,27.0617],[56.4346,27.0548],[56.473,27.106]]],[[[50.3058,29.2713],[50.3347,29.2587],[50.3264,29.2089],[50.3058,29.2713]]],[[[48.0789,30.0041],[48.0108,29.9805],[48.0547,30.0245],[48.0789,30.0041]]],[[[130.2201,30.4716],[130.2125,30.4207],[130.1418,30.4893],[130.2201,30.4716]]],[[[-65.6078,43.4835],[-65.6288,43.4221],[-65.6561,43.463],[-65.6078,43.4835]]],[[[-73.889,45.3967],[-73.9316,45.3669],[-73.9845,45.4064],[-73.889,45.3967]]],[[[-73.9318,45.4888],[-73.9432,45.5076],[-73.8865,45.5234],[-73.9318,45.4888]]],[[[-63.8847,50.1994],[-63.927,50.2214],[-63.9015,50.254],[-63.8847,50.1994]]],[[[-79.7582,53.5225],[-79.7656,53.5467],[-79.7036,53.5163],[-79.7582,53.5225]]],[[[-77.9216,58.3328],[-77.6683,58.2447],[-77.7383,58.2504],[-77.9216,58.3328]]],[[[-78.6416,58.6283],[-78.4567,58.5389],[-78.6962,58.6966],[-78.6416,58.6283]]],[[[1.9513,-70.6043],[2.1452,-70.6501],[2.054,-70.6735],[1.9513,-70.6043]]],[[[-28.2133,-56.714],[-28.1686,-56.716],[-28.1871,-56.7263],[-28.2133,-56.714]]],[[[77.5329,-38.7092],[77.5493,-38.7311],[77.5164,-38.7354],[77.5329,-38.7092]]],[[[-130.7453,-23.9244],[-130.7421,-23.9278],[-130.7508,-23.9347],[-130.7453,-23.9244]]],[[[-176.2135,-22.3239],[-176.1981,-22.332],[-176.2102,-22.3388],[-176.2135,-22.3239]]],[[[40.3797,-22.3239],[40.3391,-22.3596],[40.3364,-22.3205],[40.3797,-22.3239]]],[[[-136.7388,-21.3172],[-136.7423,-21.3201],[-136.7469,-21.3162],[-136.7388,-21.3172]]],[[[154.3913,-21.03],[154.3885,-21.0291],[154.3913,-21.0287],[154.3913,-21.03]]],[[[-139.1354,-20.7997],[-139.1415,-20.8032],[-139.1479,-20.8049],[-139.1354,-20.7997]]],[[[-157.3128,-20.1552],[-157.3403,-20.1757],[-157.349,-20.1433],[-157.3128,-20.1552]]],[[[-158.0783,-19.9942],[-158.1151,-20.0157],[-158.1352,-19.9765],[-158.0783,-19.9942]]],[[[-158.2683,-19.8326],[-158.2811,-19.822],[-158.2764,-19.8235],[-158.2683,-19.8326]]],[[[-178.2268,-19.84],[-178.229,-19.829],[-178.2161,-19.8152],[-178.2268,-19.84]]],[[[-158.2877,-19.8106],[-158.2974,-19.8173],[-158.296,-19.8145],[-158.2877,-19.8106]]],[[[-158.9252,-19.2692],[-158.9556,-19.2453],[-158.9181,-19.2612],[-158.9252,-19.2692]]],[[[-178.4198,-19.1674],[-178.3929,-19.1275],[-178.392,-19.1658],[-178.4198,-19.1674]]],[[[-178.8996,-18.8771],[-178.9306,-18.8821],[-178.8799,-18.8543],[-178.8996,-18.8771]]],[[[-174.6538,-18.8175],[-174.6496,-18.7796],[-174.6268,-18.7975],[-174.6538,-18.8175]]],[[[-178.5072,-18.6652],[-178.4992,-18.6337],[-178.4861,-18.6518],[-178.5072,-18.6652]]],[[[-179.3226,-17.7702],[-179.2981,-17.7232],[-179.2808,-17.7602],[-179.3226,-17.7702]]],[[[-179.1566,-17.4714],[-179.1755,-17.4397],[-179.1456,-17.4242],[-179.1566,-17.4714]]],[[[-179.1573,-17.2727],[-179.1344,-17.2521],[-179.1308,-17.277],[-179.1573,-17.2727]]],[[[-144.1068,-16.7239],[-144.0801,-16.7172],[-144.0509,-16.7595],[-144.1068,-16.7239]]],[[[-168.1616,-14.5329],[-168.1731,-14.5237],[-168.1605,-14.5209],[-168.1616,-14.5329]]],[[[-169.6762,-14.1749],[-169.6356,-14.177],[-169.6601,-14.1891],[-169.6762,-14.1749]]],[[[166.6727,-13.455],[166.6738,-13.4076],[166.6887,-13.4234],[166.6727,-13.455]]],[[[168.8123,-12.2663],[168.8259,-12.2815],[168.8024,-12.2906],[168.8123,-12.2663]]],[[[-171.0728,-11.0525],[-171.0815,-11.0661],[-171.0856,-11.0514],[-171.0728,-11.0525]]],[[[-165.8245,-10.8818],[-165.8077,-10.8813],[-165.8187,-10.8915],[-165.8245,-10.8818]]],[[[152.0945,-10.402],[152.0991,-10.3909],[152.1101,-10.3913],[152.0945,-10.402]]],[[[165.7453,-10.4216],[165.7229,-10.4129],[165.7322,-10.3899],[165.7453,-10.4216]]],[[[-160.9862,-10.3821],[-160.9799,-10.381],[-160.9381,-10.4228],[-160.9862,-10.3821]]],[[[151.8696,-10.3448],[151.8684,-10.3378],[151.8775,-10.3342],[151.8696,-10.3448]]],[[[151.8527,-10.2595],[151.8623,-10.2503],[151.8566,-10.2649],[151.8527,-10.2595]]],[[[-161.088,-10.0351],[-161.0701,-10.0274],[-161.0873,-10.0446],[-161.088,-10.0351]]],[[[179.9067,-9.3993],[179.9053,-9.4207],[179.8986,-9.3868],[179.9067,-9.3993]]],[[[179.8678,-9.3432],[179.8733,-9.3469],[179.877,-9.363],[179.8678,-9.3432]]],[[[160.6358,-7.891],[160.648,-7.9269],[160.6076,-7.8888],[160.6358,-7.891]]],[[[130.0667,-7.7626],[130.0803,-7.7874],[130.0256,-7.7726],[130.0667,-7.7626]]],[[[130.0078,-7.7249],[129.9972,-7.7482],[129.9826,-7.7048],[130.0078,-7.7249]]],[[[129.6751,-7.5715],[129.6585,-7.5351],[129.7139,-7.5582],[129.6751,-7.5715]]],[[[129.125,-6.9933],[129.1448,-6.9621],[129.1504,-6.9915],[129.125,-6.9933]]],[[[129.4845,-6.7553],[129.5291,-6.7231],[129.5116,-6.7697],[129.4845,-6.7553]]],[[[130.0137,-6.3284],[129.9978,-6.3097],[130.0261,-6.3185],[130.0137,-6.3284]]],[[[127.5513,-5.5124],[127.5552,-5.5066],[127.5614,-5.5173],[127.5513,-5.5124]]],[[[127.5549,-5.4905],[127.557,-5.4998],[127.5459,-5.4953],[127.5549,-5.4905]]],[[[127.79,-5.4096],[127.7985,-5.4002],[127.8034,-5.4076],[127.79,-5.4096]]],[[[127.7769,-5.3488],[127.7791,-5.3429],[127.7852,-5.353],[127.7769,-5.3488]]],[[[131.9865,-5.3176],[132.0163,-5.3308],[131.9656,-5.3888],[131.9865,-5.3176]]],[[[129.7578,-4.5226],[129.7783,-4.5245],[129.7703,-4.5393],[129.7578,-4.5226]]],[[[144.6003,-3.4998],[144.6198,-3.5163],[144.5959,-3.5173],[144.6003,-3.4998]]],[[[144.0616,-3.2153],[144.0958,-3.1885],[144.1345,-3.2301],[144.0616,-3.2153]]],[[[142.8181,-1.7333],[142.8335,-1.697],[142.8655,-1.7033],[142.8181,-1.7333]]],[[[73.0975,-0.5997],[73.1187,-0.6413],[73.105,-0.5792],[73.0975,-0.5997]]],[[[-160.03,-0.3762],[-160.0089,-0.3725],[-160.0248,-0.3888],[-160.03,-0.3762]]],[[[-176.4858,0.1965],[-176.4753,0.1931],[-176.4793,0.1903],[-176.4858,0.1965]]],[[[-176.4595,0.2259],[-176.4592,0.2192],[-176.4639,0.2219],[-176.4595,0.2259]]],[[[134.3103,0.7565],[134.3469,0.752],[134.3225,0.7305],[134.3103,0.7565]]],[[[-176.6362,0.7902],[-176.639,0.807],[-176.6361,0.8034],[-176.6362,0.7902]]],[[[-29.408,0.8848],[-29.349,0.8526],[-29.4103,0.8349],[-29.408,0.8848]]],[[[154.8081,0.9278],[154.8176,0.9222],[154.8018,0.9182],[154.8081,0.9278]]],[[[154.7149,0.9656],[154.7329,0.967],[154.7268,0.9606],[154.7149,0.9656]]],[[[154.7931,0.9721],[154.7923,0.9629],[154.7782,0.9688],[154.7931,0.9721]]],[[[131.2363,1.0194],[131.2371,1.025],[131.2449,1.0353],[131.2363,1.0194]]],[[[131.2556,1.0688],[131.2712,1.072],[131.2549,1.0443],[131.2556,1.0688]]],[[[126.3949,1.3393],[126.3809,1.2834],[126.3472,1.3233],[126.3949,1.3393]]],[[[-91.8192,1.3864],[-91.8109,1.3772],[-91.8177,1.3681],[-91.8192,1.3864]]],[[[-91.822,1.3945],[-91.8175,1.3948],[-91.8205,1.3913],[-91.822,1.3945]]],[[[-92.0116,1.6586],[-92.0061,1.6644],[-91.9998,1.6512],[-92.0116,1.6586]]],[[[73.365,1.7911],[73.3758,1.7886],[73.3682,1.7829],[73.365,1.7911]]],[[[73.4002,1.8063],[73.4021,1.7956],[73.3944,1.7947],[73.4002,1.8063]]],[[[73.4526,1.8268],[73.4636,1.8263],[73.4567,1.8204],[73.4526,1.8268]]],[[[73.5181,1.8427],[73.4981,1.8288],[73.5023,1.8349],[73.5181,1.8427]]],[[[73.5365,1.8701],[73.5324,1.8601],[73.5315,1.8635],[73.5365,1.8701]]],[[[73.2517,1.8924],[73.2437,1.8887],[73.244,1.8941],[73.2517,1.8924]]],[[[73.5531,1.9324],[73.5488,1.9114],[73.5409,1.8924],[73.5531,1.9324]]],[[[73.5501,1.9764],[73.5498,1.9655],[73.5477,1.9683],[73.5501,1.9764]]],[[[73.3172,1.9914],[73.3233,1.9865],[73.3184,1.9831],[73.3172,1.9914]]],[[[73.5442,2.0266],[73.543,2.0222],[73.5403,2.0225],[73.5442,2.0266]]],[[[73.387,2.033],[73.387,2.0286],[73.3862,2.0303],[73.387,2.033]]],[[[173.2897,2.0338],[173.3045,1.9616],[173.2575,1.9746],[173.2897,2.0338]]],[[[73.5557,2.0825],[73.5514,2.0724],[73.5513,2.0781],[73.5557,2.0825]]],[[[73.5676,2.1099],[73.5854,2.1096],[73.5618,2.0947],[73.5676,2.1099]]],[[[125.3493,2.1078],[125.4085,2.1223],[125.3491,2.0712],[125.3493,2.1078]]],[[[73.0437,2.1664],[73.0414,2.1647],[73.0383,2.1645],[73.0437,2.1664]]],[[[73.1039,2.1865],[73.1023,2.181],[73.0995,2.182],[73.1039,2.1865]]],[[[73.1155,2.1997],[73.1209,2.1918],[73.115,2.1918],[73.1155,2.1997]]],[[[72.9484,2.2749],[72.9463,2.2724],[72.9431,2.273],[72.9484,2.2749]]],[[[72.9261,2.3275],[72.927,2.3161],[72.9225,2.3196],[72.9261,2.3275]]],[[[73.344,2.348],[73.3436,2.3442],[73.3421,2.3421],[73.344,2.348]]],[[[73.3543,2.4372],[73.3662,2.4115],[73.3626,2.3849],[73.3543,2.4372]]],[[[73.3148,2.5058],[73.3152,2.4941],[73.3115,2.4993],[73.3148,2.5058]]],[[[73.1455,2.5533],[73.1438,2.5504],[73.141,2.5504],[73.1455,2.5533]]],[[[72.9001,2.6822],[72.9064,2.6797],[72.9045,2.6757],[72.9001,2.6822]]],[[[72.8726,2.6942],[72.8737,2.6837],[72.867,2.689],[72.8726,2.6942]]],[[[73.0223,2.7417],[73.0322,2.745],[73.028,2.7382],[73.0223,2.7417]]],[[[73.3535,2.7783],[73.3514,2.7707],[73.3485,2.7754],[73.3535,2.7783]]],[[[73.3993,2.7857],[73.3906,2.7754],[73.3919,2.7815],[73.3993,2.7857]]],[[[73.5486,2.8927],[73.551,2.8906],[73.5491,2.8881],[73.5486,2.8927]]],[[[73.3604,2.9039],[73.3607,2.8975],[73.3573,2.8998],[73.3604,2.9039]]],[[[73.0085,2.9533],[73.0149,2.9474],[73.009,2.9464],[73.0085,2.9533]]],[[[73.5642,2.9547],[73.562,2.9461],[73.5613,2.9485],[73.5642,2.9547]]],[[[73.5859,2.9616],[73.5775,2.9512],[73.5785,2.9573],[73.5859,2.9616]]],[[[72.8701,2.9692],[72.8651,2.9582],[72.8649,2.9609],[72.8701,2.9692]]],[[[72.9016,3.0838],[72.906,3.0804],[72.8999,3.0768],[72.9016,3.0838]]],[[[73.613,3.1068],[73.6126,3.103],[73.6084,3.1004],[73.613,3.1068]]],[[[72.9779,3.1102],[72.9818,3.105],[72.9782,3.1027],[72.9779,3.1102]]],[[[73.0422,3.2055],[73.0469,3.2021],[73.0407,3.1985],[73.0422,3.2055]]],[[[73.0317,3.253],[73.0357,3.2478],[73.032,3.2456],[73.0317,3.253]]],[[[72.8333,3.3125],[72.8377,3.3091],[72.8314,3.3056],[72.8333,3.3125]]],[[[73.5164,3.3612],[73.5188,3.3591],[73.5192,3.3564],[73.5164,3.3612]]],[[[73.7476,3.4511],[73.7532,3.4464],[73.7485,3.4482],[73.7476,3.4511]]],[[[73.5059,3.5012],[73.5086,3.4965],[73.5061,3.4977],[73.5059,3.5012]]],[[[72.9524,3.7338],[72.9558,3.7287],[72.952,3.7269],[72.9524,3.7338]]],[[[72.9458,3.7721],[72.9494,3.767],[72.9453,3.7652],[72.9458,3.7721]]],[[[154.8792,3.7519],[154.8767,3.768],[154.8919,3.7788],[154.8792,3.7519]]],[[[154.7893,3.7918],[154.7918,3.7766],[154.7737,3.7663],[154.7893,3.7918]]],[[[72.9446,3.8369],[72.9481,3.8317],[72.9441,3.8299],[72.9446,3.8369]]],[[[73.4373,3.8466],[73.4323,3.8417],[73.4325,3.8468],[73.4373,3.8466]]],[[[73.4435,3.9206],[73.443,3.9188],[73.4382,3.9164],[73.4435,3.9206]]],[[[73.3451,3.9447],[73.3415,3.942],[73.3415,3.9431],[73.3451,3.9447]]],[[[-81.6117,3.959],[-81.6014,3.9883],[-81.5823,3.9915],[-81.6117,3.959]]],[[[73.4226,4.1184],[73.4214,4.1164],[73.419,4.1157],[73.4226,4.1184]]],[[[72.9452,4.2663],[72.9586,4.2625],[72.9544,4.2615],[72.9452,4.2663]]],[[[73.5959,4.3423],[73.5925,4.3402],[73.5891,4.3406],[73.5959,4.3423]]],[[[73.6115,4.3631],[73.6095,4.3556],[73.6077,4.3581],[73.6115,4.3631]]],[[[73.638,4.3706],[73.6336,4.3647],[73.6317,4.3685],[73.638,4.3706]]],[[[73.668,4.3935],[73.6662,4.3859],[73.6643,4.3883],[73.668,4.3935]]],[[[72.957,4.4383],[72.9561,4.4221],[72.9471,4.4231],[72.957,4.4383]]],[[[73.5536,4.6205],[73.5516,4.613],[73.5498,4.6154],[73.5536,4.6205]]],[[[-160.4104,4.7092],[-160.4012,4.7231],[-160.3789,4.7133],[-160.4104,4.7092]]],[[[132.2204,5.2922],[132.2202,5.3102],[132.2267,5.3043],[132.2204,5.2922]]],[[[153.6677,5.286],[153.6853,5.3097],[153.7107,5.3146],[153.6677,5.286]]],[[[73.6296,5.4185],[73.6367,5.4029],[73.6325,5.3861],[73.6296,5.4185]]],[[[73.0056,5.4632],[73.001,5.4562],[72.999,5.4611],[73.0056,5.4632]]],[[[72.884,5.4941],[72.8792,5.4879],[72.8777,5.4921],[72.884,5.4941]]],[[[126.5912,5.5571],[126.6029,5.564],[126.5955,5.5484],[126.5912,5.5571]]],[[[73.0191,5.6178],[73.014,5.6116],[73.0129,5.6157],[73.0191,5.6178]]],[[[169.1145,5.6381],[169.1165,5.6492],[169.1206,5.6474],[169.1145,5.6381]]],[[[73.0147,5.677],[73.0098,5.6708],[73.0086,5.675],[73.0147,5.677]]],[[[73.3928,5.7377],[73.3807,5.7146],[73.3796,5.7152],[73.3928,5.7377]]],[[[72.9868,5.7707],[72.9858,5.7656],[72.9828,5.7625],[72.9868,5.7707]]],[[[157.1619,5.7739],[157.1585,5.7792],[157.1639,5.7787],[157.1619,5.7739]]],[[[73.3823,5.795],[73.3807,5.7841],[73.3768,5.7873],[73.3823,5.795]]],[[[72.9766,5.8136],[72.9751,5.8044],[72.971,5.8105],[72.9766,5.8136]]],[[[73.4498,5.8407],[73.4334,5.8307],[73.4431,5.8413],[73.4498,5.8407]]],[[[72.9636,5.8643],[72.9665,5.8502],[72.9619,5.8567],[72.9636,5.8643]]],[[[73.429,5.9114],[73.4263,5.9033],[73.4232,5.9069],[73.429,5.9114]]],[[[72.9317,5.9691],[72.9302,5.9569],[72.9258,5.9633],[72.9317,5.9691]]],[[[73.3898,5.9703],[73.3953,5.9578],[73.3845,5.9647],[73.3898,5.9703]]],[[[72.9157,5.9813],[72.9098,5.9779],[72.9097,5.9821],[72.9157,5.9813]]],[[[73.2507,6.0834],[73.249,6.0795],[73.2455,6.0798],[73.2507,6.0834]]],[[[73.2521,6.1112],[73.2468,6.1077],[73.2489,6.1102],[73.2521,6.1112]]],[[[73.2205,6.1321],[73.219,6.1293],[73.2152,6.1286],[73.2205,6.1321]]],[[[73.2703,6.1569],[73.2651,6.1506],[73.2654,6.1536],[73.2703,6.1569]]],[[[73.2191,6.1723],[73.214,6.1688],[73.2158,6.1712],[73.2191,6.1723]]],[[[73.2708,6.1894],[73.2681,6.1787],[73.266,6.185],[73.2708,6.1894]]],[[[73.0342,6.2224],[73.029,6.2188],[73.0304,6.221],[73.0342,6.2224]]],[[[73.2417,6.2397],[73.2402,6.2289],[73.2363,6.2321],[73.2417,6.2397]]],[[[73.1284,6.2869],[73.1261,6.284],[73.1229,6.2834],[73.1284,6.2869]]],[[[73.2152,6.2948],[73.2131,6.2892],[73.2088,6.2864],[73.2152,6.2948]]],[[[73.0833,6.3086],[73.0814,6.3056],[73.0781,6.3051],[73.0833,6.3086]]],[[[73.197,6.3275],[73.201,6.3183],[73.1942,6.3216],[73.197,6.3275]]],[[[73.1245,6.3325],[73.1193,6.3289],[73.1209,6.331],[73.1245,6.3325]]],[[[73.1873,6.3508],[73.1802,6.3471],[73.181,6.3498],[73.1873,6.3508]]],[[[73.0205,6.369],[73.0242,6.3627],[73.0193,6.3636],[73.0205,6.369]]],[[[72.6908,6.4116],[72.6859,6.4065],[72.6859,6.4116],[72.6908,6.4116]]],[[[72.9028,6.4402],[72.9066,6.4338],[72.902,6.4348],[72.9028,6.4402]]],[[[73.0488,6.4413],[73.0462,6.4363],[73.0431,6.4337],[73.0488,6.4413]]],[[[72.9621,6.559],[72.9558,6.5553],[72.9568,6.56],[72.9621,6.559]]],[[[72.924,6.5653],[72.9277,6.5589],[72.9231,6.5599],[72.924,6.5653]]],[[[73.03,6.5823],[73.0282,6.5752],[73.0256,6.5793],[73.03,6.5823]]],[[[73.0448,6.6219],[73.0384,6.6181],[73.0394,6.6229],[73.0448,6.6219]]],[[[73.0695,6.668],[73.0618,6.661],[73.0623,6.6669],[73.0695,6.668]]],[[[73.106,6.7099],[73.0959,6.6984],[73.0967,6.7061],[73.106,6.7099]]],[[[149.3158,6.6969],[149.3235,6.7195],[149.3247,6.7071],[149.3158,6.6969]]],[[[157.9364,6.7172],[157.9392,6.7274],[157.9489,6.7317],[157.9364,6.7172]]],[[[73.0366,6.7597],[73.0347,6.7526],[73.032,6.7566],[73.0366,6.7597]]],[[[72.9185,6.764],[72.9123,6.7602],[72.9133,6.7649],[72.9185,6.764]]],[[[73.1595,6.7865],[73.1528,6.7492],[73.1317,6.725],[73.1595,6.7865]]],[[[73.1817,6.8305],[73.1973,6.8281],[73.1838,6.8212],[73.1817,6.8305]]],[[[72.9957,6.8415],[72.9894,6.8376],[72.9902,6.8424],[72.9957,6.8415]]],[[[73.1444,6.8434],[73.138,6.8397],[73.139,6.8444],[73.1444,6.8434]]],[[[72.9761,6.8529],[72.9741,6.8459],[72.9715,6.8498],[72.9761,6.8529]]],[[[73.0982,6.8522],[73.0918,6.8483],[73.0929,6.8531],[73.0982,6.8522]]],[[[72.9647,6.8607],[72.9583,6.857],[72.9592,6.8616],[72.9647,6.8607]]],[[[73.1062,6.8967],[73.1043,6.8896],[73.1017,6.8935],[73.1062,6.8967]]],[[[73.214,6.9186],[73.2039,6.885],[73.2019,6.9022],[73.214,6.9186]]],[[[134.1597,6.8845],[134.1397,6.9343],[134.1732,6.9249],[134.1597,6.8845]]],[[[72.926,6.9574],[72.9263,6.9538],[72.9246,6.9517],[72.926,6.9574]]],[[[73.1985,6.9713],[73.1932,6.951],[73.1919,6.9676],[73.1985,6.9713]]],[[[72.8919,6.991],[72.8919,6.9877],[72.8905,6.9854],[72.8919,6.991]]],[[[72.9797,7.0277],[72.9815,7.014],[72.9773,7.019],[72.9797,7.0277]]],[[[72.95,7.0565],[72.9485,7.0508],[72.9478,7.0539],[72.95,7.0565]]],[[[171.7922,7.055],[171.786,7.0382],[171.7642,7.0195],[171.7922,7.055]]],[[[72.9129,7.0927],[72.9119,7.0832],[72.9066,7.091],[72.9129,7.0927]]],[[[72.8838,7.1072],[72.8845,7.1037],[72.8825,7.1016],[72.8838,7.1072]]],[[[151.8568,7.3166],[151.8545,7.3701],[151.8656,7.3507],[151.8568,7.3166]]],[[[149.1857,7.3716],[149.1808,7.3812],[149.1882,7.3798],[149.1857,7.3716]]],[[[168.9656,7.5747],[168.9385,7.5964],[168.9656,7.5954],[168.9656,7.5747]]],[[[167.4017,8.3178],[167.4077,8.3073],[167.3997,8.3108],[167.4017,8.3178]]],[[[150.4075,8.5755],[150.4046,8.586],[150.4094,8.5847],[150.4075,8.5755]]],[[[149.6687,8.5747],[149.6678,8.6042],[149.6873,8.616],[149.6687,8.5747]]],[[[167.7316,8.7246],[167.7303,8.7353],[167.7402,8.7438],[167.7316,8.7246]]],[[[119.9597,8.8806],[119.9606,8.8771],[119.9583,8.8772],[119.9597,8.8806]]],[[[119.9692,8.8809],[119.9683,8.8841],[119.9719,8.8824],[119.9692,8.8809]]],[[[119.9653,8.8872],[119.9649,8.885],[119.9632,8.887],[119.9653,8.8872]]],[[[119.9678,8.8915],[119.9673,8.8894],[119.9657,8.8914],[119.9678,8.8915]]],[[[170.8517,8.8978],[170.8374,8.8891],[170.8446,8.9008],[170.8517,8.8978]]],[[[150.1182,8.9763],[150.1243,8.9855],[150.133,8.9861],[150.1182,8.9763]]],[[[170.2402,9.4498],[170.2388,9.4667],[170.2439,9.4664],[170.2402,9.4498]]],[[[97.87,9.4252],[97.8533,9.4614],[97.8953,9.4674],[97.87,9.4252]]],[[[140.5142,9.7678],[140.5329,9.7719],[140.5154,9.7612],[140.5142,9.7678]]],[[[115.3672,10.2375],[115.366,10.2392],[115.3679,10.2392],[115.3672,10.2375]]],[[[170.8747,10.2746],[170.8786,10.2872],[170.8788,10.2751],[170.8747,10.2746]]],[[[108.9426,10.5519],[108.9608,10.5029],[108.9302,10.5146],[108.9426,10.5519]]],[[[165.5402,11.6338],[165.5469,11.631],[165.5537,11.6198],[165.5402,11.6338]]],[[[165.2822,11.6958],[165.2822,11.7084],[165.2868,11.7109],[165.2822,11.6958]]],[[[-66.75,11.7776],[-66.8278,11.7462],[-66.8546,11.7514],[-66.75,11.7776]]],[[[-66.7334,11.8699],[-66.7538,11.8624],[-66.8179,11.8711],[-66.7334,11.8699]]],[[[-67.658,11.9849],[-67.6376,11.98],[-67.672,11.9931],[-67.658,11.9849]]],[[[-67.6804,12.0251],[-67.6815,12.0258],[-67.6791,12.0281],[-67.6804,12.0251]]],[[[-67.6776,12.0278],[-67.6772,12.03],[-67.6764,12.0278],[-67.6776,12.0278]]],[[[-67.6772,12.0502],[-67.6747,12.0484],[-67.6761,12.0444],[-67.6772,12.0502]]],[[[-67.6814,12.0637],[-67.681,12.0618],[-67.6844,12.0635],[-67.6814,12.0637]]],[[[-67.6873,12.0656],[-67.6888,12.069],[-67.6871,12.0675],[-67.6873,12.0656]]],[[[121.724,12.914],[121.6991,12.9053],[121.6886,12.9472],[121.724,12.914]]],[[[121.0886,13.5303],[121.0435,13.5676],[121.0858,13.5706],[121.0886,13.5303]]],[[[169.0108,14.6102],[169.0073,14.6028],[168.9873,14.5869],[169.0108,14.6102]]],[[[-63.6399,15.696],[-63.6436,15.7006],[-63.6346,15.7006],[-63.6399,15.696]]],[[[145.7892,16.6755],[145.7691,16.6948],[145.8045,16.6931],[145.7892,16.6755]]],[[[145.855,17.2858],[145.8359,17.3052],[145.8682,17.3017],[145.855,17.2858]]],[[[145.8543,17.5669],[145.8342,17.6058],[145.863,17.5985],[145.8543,17.5669]]],[[[-63.428,18.5928],[-63.4288,18.6013],[-63.4236,18.6],[-63.428,18.5928]]],[[[166.6194,19.2816],[166.6348,19.3057],[166.6524,19.2842],[166.6194,19.2816]]],[[[145.4056,19.6528],[145.3821,19.6841],[145.4099,19.6845],[145.4056,19.6528]]],[[[145.2507,20.0097],[145.2388,20.0504],[145.2728,20.0324],[145.2507,20.0097]]],[[[144.9157,20.5172],[144.9021,20.54],[144.9197,20.5554],[144.9157,20.5172]]],[[[109.1009,21.0212],[109.1227,21.0654],[109.1277,21.0322],[109.1009,21.0212]]],[[[121.9367,21.0656],[121.9297,21.0645],[121.9348,21.0732],[121.9367,21.0656]]],[[[121.9474,21.1162],[121.9543,21.1184],[121.9491,21.1069],[121.9474,21.1162]]],[[[121.4607,22.659],[121.5028,22.6695],[121.4961,22.6347],[121.4607,22.659]]],[[[-161.9479,23.038],[-161.9448,23.0462],[-161.9404,23.0456],[-161.9479,23.038]]],[[[-79.514,23.4957],[-79.5176,23.494],[-79.5384,23.5102],[-79.514,23.4957]]],[[[-79.5633,23.5467],[-79.5546,23.5331],[-79.5944,23.5747],[-79.5633,23.5467]]],[[[-164.7043,23.5793],[-164.6991,23.5705],[-164.7085,23.5745],[-164.7043,23.5793]]],[[[141.453,24.2224],[141.4707,24.2192],[141.4631,24.2121],[141.453,24.2224]]],[[[153.973,24.2897],[153.9856,24.2911],[153.9837,24.2829],[153.973,24.2897]]],[[[54.2664,24.2945],[54.1846,24.3371],[54.2324,24.3576],[54.2664,24.2945]]],[[[-167.9968,25.0011],[-167.9999,25.0164],[-167.9956,25.0117],[-167.9968,25.0011]]],[[[141.2874,25.4177],[141.2748,25.4511],[141.2975,25.4453],[141.2874,25.4177]]],[[[-79.2687,25.5386],[-79.2665,25.5378],[-79.2621,25.5281],[-79.2687,25.5386]]],[[[-79.2889,25.5591],[-79.2794,25.5517],[-79.2799,25.5478],[-79.2889,25.5591]]],[[[-171.7228,25.773],[-171.7294,25.7519],[-171.7391,25.7563],[-171.7228,25.773]]],[[[131.2897,25.9514],[131.3279,25.9371],[131.3096,25.9228],[131.2897,25.9514]]],[[[-173.965,26.0714],[-173.9599,26.0553],[-173.9656,26.0586],[-173.965,26.0714]]],[[[127.2222,26.5989],[127.2442,26.5864],[127.2149,26.5775],[127.2222,26.5989]]],[[[-113.2447,26.7246],[-113.1744,26.7204],[-113.1381,26.6651],[-113.2447,26.7246]]],[[[128.4544,27.0475],[128.4486,27.0207],[128.3963,27.0408],[128.4544,27.0475]]],[[[142.1892,27.1455],[142.1909,27.1852],[142.2041,27.1739],[142.1892,27.1455]]],[[[142.1953,27.5991],[142.1795,27.6125],[142.1831,27.6195],[142.1953,27.5991]]],[[[142.0806,27.7169],[142.0823,27.7299],[142.0851,27.7261],[142.0806,27.7169]]],[[[128.2366,27.8665],[128.2415,27.8454],[128.2323,27.8529],[128.2366,27.8665]]],[[[-177.3289,28.2111],[-177.3212,28.2059],[-177.3353,28.2043],[-177.3289,28.2111]]],[[[-177.3577,28.2144],[-177.3896,28.1977],[-177.378,28.2128],[-177.3577,28.2144]]],[[[-178.2904,28.4017],[-178.2879,28.393],[-178.3044,28.3879],[-178.2904,28.4017]]],[[[129.5916,29.4501],[129.6081,29.4692],[129.6123,29.4433],[129.5916,29.4501]]],[[[129.5277,29.9023],[129.5545,29.8975],[129.5399,29.8899],[129.5277,29.9023]]],[[[129.9437,29.9653],[129.9006,29.9726],[129.909,29.9993],[129.9437,29.9653]]],[[[-16.028,30.0336],[-16.023,30.0292],[-16.0273,30.0296],[-16.028,30.0336]]],[[[-15.8644,30.1525],[-15.8598,30.1333],[-15.8747,30.1379],[-15.8644,30.1525]]],[[[140.3076,30.4912],[140.3259,30.4852],[140.3065,30.4736],[140.3076,30.4912]]],[[[129.4282,30.8464],[129.4338,30.8446],[129.4295,30.8409],[129.4282,30.8464]]],[[[129.9463,30.8447],[129.9395,30.8134],[129.904,30.8344],[129.9463,30.8447]]],[[[140.0435,31.4431],[140.0444,31.4451],[140.0457,31.4433],[140.0435,31.4431]]],[[[140.0413,31.4442],[140.0414,31.4465],[140.0431,31.4446],[140.0413,31.4442]]],[[[139.7564,32.4523],[139.7571,32.4704],[139.7738,32.441],[139.7564,32.4523]]],[[[139.2991,33.6501],[139.2962,33.6511],[139.2991,33.6507],[139.2991,33.6501]]],[[[139.6228,33.8856],[139.6229,33.8568],[139.5813,33.8625],[139.6228,33.8856]]],[[[127.3091,34.0201],[127.28,34.0574],[127.2957,34.0615],[127.3091,34.0201]]],[[[127.5319,34.4506],[127.4946,34.4143],[127.4534,34.4706],[127.5319,34.4506]]],[[[127.783,34.507],[127.7075,34.5339],[127.7481,34.5511],[127.783,34.507]]],[[[126.1001,34.5967],[126.0352,34.5339],[126.0601,34.6208],[126.1001,34.5967]]],[[[126.0381,34.5695],[126.0286,34.6342],[126.0604,34.5843],[126.0381,34.5695]]],[[[125.4458,34.6885],[125.3988,34.632],[125.4129,34.692],[125.4458,34.6885]]],[[[126.2464,34.9162],[126.2224,34.932],[126.2532,34.9335],[126.2464,34.9162]]],[[[126.1784,35.0485],[126.1724,35.0236],[126.1278,35.0482],[126.1784,35.0485]]],[[[128.8428,35.0219],[128.8267,34.9924],[128.8044,35.0563],[128.8428,35.0219]]],[[[126.2581,35.5706],[126.259,35.5984],[126.3073,35.6166],[126.2581,35.5706]]],[[[12.8599,35.8722],[12.8726,35.8523],[12.8459,35.8627],[12.8599,35.8722]]],[[[23.8843,36.8436],[23.8843,36.8323],[23.8767,36.8437],[23.8843,36.8436]]],[[[23.4596,36.9214],[23.4639,36.904],[23.4525,36.9164],[23.4596,36.9214]]],[[[126.0999,37.228],[126.1047,37.2675],[126.1592,37.2319],[126.0999,37.228]]],[[[126.4841,37.279],[126.4695,37.2335],[126.4357,37.2384],[126.4841,37.279]]],[[[126.6139,37.2552],[126.5393,37.1981],[126.543,37.285],[126.6139,37.2552]]],[[[125.6882,37.6793],[125.7062,37.6723],[125.6878,37.6518],[125.6882,37.6793]]],[[[125.3288,37.7667],[125.2957,37.7276],[125.2206,37.7038],[125.3288,37.7667]]],[[[125.1477,37.7856],[125.1414,37.7995],[125.1914,37.8155],[125.1477,37.7856]]],[[[125.0304,37.8362],[125.0418,37.8173],[124.9977,37.8084],[125.0304,37.8362]]],[[[124.7165,37.8469],[124.6846,37.8],[124.6765,37.8249],[124.7165,37.8469]]],[[[120.7484,37.9387],[120.7546,37.8967],[120.7224,37.9191],[120.7484,37.9387]]],[[[120.6068,37.9799],[120.6258,37.9726],[120.6229,37.9488],[120.6068,37.9799]]],[[[120.7201,37.9809],[120.7205,37.964],[120.6882,37.9853],[120.7201,37.9809]]],[[[120.7604,38.1705],[120.7466,38.1619],[120.7427,38.1876],[120.7604,38.1705]]],[[[120.8065,38.2882],[120.8074,38.3049],[120.8338,38.3126],[120.8065,38.2882]]],[[[120.9142,38.3841],[120.9069,38.3926],[120.9178,38.3955],[120.9142,38.3841]]],[[[14.3464,38.5351],[14.3572,38.5512],[14.3608,38.539],[14.3464,38.5351]]],[[[14.576,38.5766],[14.5516,38.5616],[14.5425,38.5869],[14.576,38.5766]]],[[[13.1693,38.7173],[13.1974,38.7083],[13.1535,38.6948],[13.1693,38.7173]]],[[[15.2278,38.8103],[15.2175,38.773],[15.187,38.789],[15.2278,38.8103]]],[[[123.1807,39.0919],[123.1607,39.0292],[123.1436,39.0809],[123.1807,39.0919]]],[[[124.6877,39.5272],[124.7078,39.5304],[124.6978,39.5026],[124.6877,39.5272]]],[[[124.687,39.5447],[124.5959,39.5379],[124.6738,39.5706],[124.687,39.5447]]],[[[13.419,40.7956],[13.432,40.8015],[13.4269,40.7908],[13.419,40.7956]]],[[[139.3364,41.5181],[139.3818,41.5136],[139.3456,41.4934],[139.3364,41.5181]]],[[[-122.7054,47.182],[-122.7011,47.124],[-122.7464,47.1537],[-122.7054,47.182]]],[[[-123.2872,48.8128],[-123.1867,48.7364],[-123.307,48.7646],[-123.2872,48.8128]]],[[[-123.089,48.7675],[-123.2235,48.8327],[-123.0536,48.7958],[-123.089,48.7675]]],[[[-2.3638,49.4468],[-2.3544,49.4278],[-2.3781,49.4127],[-2.3638,49.4468]]],[[[-2.1745,49.7314],[-2.1879,49.7106],[-2.2262,49.7078],[-2.1745,49.7314]]],[[[-6.2988,49.9355],[-6.2842,49.9228],[-6.2973,49.9096],[-6.2988,49.9355]]],[[[-6.3336,49.9597],[-6.3325,49.9417],[-6.3489,49.9643],[-6.3336,49.9597]]],[[[-4.6654,51.1836],[-4.6705,51.1601],[-4.6798,51.1806],[-4.6654,51.1836]]],[[[-9.817,51.6389],[-9.9179,51.6194],[-9.8817,51.6411],[-9.817,51.6389]]],[[[-10.3127,51.9255],[-10.3227,51.9033],[-10.429,51.8898],[-10.3127,51.9255]]],[[[-9.6483,53.1017],[-9.8114,53.1376],[-9.6967,53.1365],[-9.6483,53.1017]]],[[[8.6345,54.5426],[8.7009,54.5478],[8.6413,54.4924],[8.6345,54.5426]]],[[[15.7053,56.1164],[15.6968,56.0743],[15.6423,56.1046],[15.7053,56.1164]]],[[[-13.6904,57.5963],[-13.6904,57.5978],[-13.6877,57.5972],[-13.6904,57.5963]]],[[[23.2605,57.8135],[23.2702,57.7856],[23.2178,57.8009],[23.2605,57.8135]]],[[[16.8667,58.3046],[16.8474,58.2755],[16.8325,58.3042],[16.8667,58.3046]]],[[[16.8916,58.3337],[16.7852,58.3801],[16.8597,58.4003],[16.8916,58.3337]]],[[[18.3215,58.9691],[18.3164,58.9269],[18.1936,58.9113],[18.3215,58.9691]]],[[[18.1983,59.0097],[18.0506,58.9609],[18.1035,59.0226],[18.1983,59.0097]]],[[[11.0703,59.0793],[10.9915,59.0336],[11.0033,59.0865],[11.0703,59.0793]]],[[[10.9105,59.1164],[10.8838,59.0722],[10.8291,59.0994],[10.9105,59.1164]]],[[[-1.3151,60.0937],[-1.3679,60.0448],[-1.3457,60.109],[-1.3151,60.0937]]],[[[-2.0532,60.1555],[-2.063,60.118],[-2.1123,60.138],[-2.0532,60.1555]]],[[[-1.0629,60.164],[-1.0839,60.1052],[-1.1349,60.1787],[-1.0629,60.164]]],[[[-0.9188,60.3862],[-0.976,60.3403],[-1.0341,60.3402],[-0.9188,60.3862]]],[[[4.9224,60.8675],[4.7769,60.93],[4.8828,60.93],[4.9224,60.8675]]],[[[4.7214,61.0402],[4.7069,60.9885],[4.6438,61.0576],[4.7214,61.0402]]],[[[-7.5597,62.1077],[-7.5587,62.0961],[-7.6442,62.107],[-7.5597,62.1077]]],[[[-6.3214,62.3081],[-6.2768,62.2963],[-6.3585,62.2458],[-6.3214,62.3081]]],[[[5.636,62.3193],[5.7415,62.3607],[5.7285,62.3266],[5.636,62.3193]]],[[[5.5939,62.3398],[5.5213,62.3349],[5.5099,62.364],[5.5939,62.3398]]],[[[-6.5853,62.2899],[-6.6364,62.2801],[-6.6808,62.3661],[-6.5853,62.2899]]],[[[-6.6547,62.2641],[-6.691,62.2523],[-6.7891,62.3753],[-6.6547,62.2641]]],[[[-6.4092,62.324],[-6.4557,62.296],[-6.5559,62.3909],[-6.4092,62.324]]],[[[18.1247,62.6879],[18.0061,62.7056],[18.1494,62.7498],[18.1247,62.6879]]],[[[8.3148,63.1813],[8.2098,63.1614],[8.1653,63.2134],[8.3148,63.1813]]],[[[22.0262,63.3222],[22.0466,63.2822],[21.9783,63.28],[22.0262,63.3222]]],[[[22.1442,63.2514],[22.0692,63.3185],[22.2313,63.3388],[22.1442,63.2514]]],[[[21.9572,63.3316],[21.9964,63.3847],[22.096,63.3835],[21.9572,63.3316]]],[[[9.16,63.6478],[9.014,63.6267],[9.0579,63.6611],[9.16,63.6478]]],[[[20.8709,63.6694],[20.8259,63.6436],[20.8646,63.6767],[20.8709,63.6694]]],[[[-17.7513,63.7178],[-17.765,63.682],[-17.8233,63.6914],[-17.7513,63.7178]]],[[[20.8981,63.7541],[20.9329,63.7153],[20.8648,63.6831],[20.8981,63.7541]]],[[[22.808,63.7795],[22.7396,63.7205],[22.6815,63.7634],[22.808,63.7795]]],[[[9.9308,64.0275],[9.8923,63.997],[9.8438,64.0332],[9.9308,64.0275]]],[[[40.002,64.7374],[39.9437,64.728],[39.9497,64.7419],[40.002,64.7374]]],[[[36.0129,65.0517],[36.0051,65.0265],[35.8919,65.0407],[36.0129,65.0517]]],[[[36.2114,65.1583],[35.9422,65.1546],[35.9904,65.1912],[36.2114,65.1583]]],[[[22.4081,65.4553],[22.2852,65.4316],[22.3064,65.4554],[22.4081,65.4553]]],[[[22.1536,65.4304],[22.174,65.4743],[22.2332,65.4239],[22.1536,65.4304]]],[[[22.5949,65.5283],[22.6047,65.5103],[22.553,65.5301],[22.5949,65.5283]]],[[[22.2188,65.5068],[22.2114,65.5451],[22.3587,65.504],[22.2188,65.5068]]],[[[22.578,65.5828],[22.6414,65.5891],[22.5974,65.5539],[22.578,65.5828]]],[[[22.5702,65.5948],[22.5681,65.6125],[22.6045,65.6003],[22.5702,65.5948]]],[[[22.9627,65.7163],[22.9719,65.6671],[22.8822,65.7204],[22.9627,65.7163]]],[[[23.7972,65.7537],[23.7383,65.6967],[23.6815,65.7217],[23.7972,65.7537]]],[[[22.7411,65.7136],[22.7468,65.7704],[22.8114,65.7141],[22.7411,65.7136]]],[[[-18.0089,66.5642],[-17.9805,66.539],[-18.0172,66.545],[-18.0089,66.5642]]],[[[54.3298,68.3115],[54.3169,68.2591],[54.1995,68.2565],[54.3298,68.3115]]],[[[53.9123,68.362],[53.9577,68.2934],[53.8657,68.307],[53.9123,68.362]]],[[[49.0491,68.6784],[49.1204,68.663],[48.766,68.6966],[49.0491,68.6784]]],[[[49.5793,68.8193],[49.5505,68.7951],[49.492,68.7924],[49.5793,68.8193]]],[[[54.2668,68.8168],[54.3954,68.7825],[54.2282,68.7962],[54.2668,68.8168]]],[[[49.8143,68.8995],[49.8395,68.9006],[49.7517,68.8774],[49.8143,68.8995]]],[[[54.9743,68.9399],[55.0195,68.9154],[54.9119,68.931],[54.9743,68.9399]]],[[[50.0829,68.9609],[50.0698,68.9431],[50.0007,68.9323],[50.0829,68.9609]]],[[[66.8371,70.3919],[66.5903,70.473],[66.6685,70.5383],[66.8371,70.3919]]],[[[24.8369,71.0949],[24.77,71.0262],[24.6143,71.0566],[24.8369,71.0949]]],[[[53.3698,71.2917],[53.1615,71.3549],[53.2399,71.3544],[53.3698,71.2917]]],[[[156.661,77.1076],[156.4917,77.0982],[156.5503,77.1258],[156.661,77.1076]]],[[[-73.0372,-54.4565],[-72.9538,-54.4569],[-72.9891,-54.4957],[-73.0372,-54.4565]]],[[[-70.4026,-54.0786],[-70.2981,-54.126],[-70.5137,-54.0913],[-70.4026,-54.0786]]],[[[-70.6868,-52.8474],[-70.6763,-52.8948],[-70.7897,-52.9005],[-70.6868,-52.8474]]],[[[-74.4278,-52.5037],[-74.3493,-52.623],[-74.482,-52.5708],[-74.4278,-52.5037]]],[[[-59.7684,-52.327],[-59.642,-52.3678],[-59.7864,-52.381],[-59.7684,-52.327]]],[[[-59.6799,-51.9656],[-59.7189,-51.9762],[-59.6989,-51.9384],[-59.6799,-51.9656]]],[[[-60.5334,-51.2834],[-60.527,-51.3166],[-60.5967,-51.2634],[-60.5334,-51.2834]]],[[[-74.2534,-43.3504],[-74.2573,-43.4275],[-74.284,-43.4178],[-74.2534,-43.3504]]],[[[-73.6911,-43.1882],[-73.6612,-43.2448],[-73.7185,-43.216],[-73.6911,-43.1882]]],[[[-73.3073,-42.6273],[-73.239,-42.6508],[-73.2952,-42.654],[-73.3073,-42.6273]]],[[[-62.1553,-40.3742],[-62.0285,-40.4549],[-62.1087,-40.5641],[-62.2373,-40.5099],[-62.1553,-40.3742]]],[[[-62.119,-40.1307],[-62.0147,-40.1752],[-62.0212,-40.3436],[-62.119,-40.1307]]],[[[-73.5408,-36.9894],[-73.4465,-37.0592],[-73.5189,-37.0799],[-73.5408,-36.9894]]],[[[115.4921,-31.9956],[115.5522,-32.0062],[115.4401,-32.0218],[115.4921,-31.9956]]],[[[113.6796,-28.4522],[113.7495,-28.4276],[113.6933,-28.4835],[113.6796,-28.4522]]],[[[-48.3223,-25.3837],[-48.2554,-25.3482],[-48.2911,-25.4891],[-48.3223,-25.3837]]],[[[-159.7851,-18.8308],[-159.7614,-18.8454],[-159.7936,-18.8875],[-159.7851,-18.8308]]],[[[-76.1952,-14.2633],[-76.1796,-14.2952],[-76.2203,-14.2747],[-76.1952,-14.2633]]],[[[-76.4437,-13.8305],[-76.4414,-13.8539],[-76.4702,-13.8539],[-76.4437,-13.8305]]],[[[-77.2327,-12.0654],[-77.1815,-12.1159],[-77.2367,-12.0933],[-77.2327,-12.0654]]],[[[166.9849,-11.6144],[166.9456,-11.6533],[166.9443,-11.6254],[166.9849,-11.6144]]],[[[121.6141,-10.6025],[121.5952,-10.6345],[121.5272,-10.6296],[121.6141,-10.6025]]],[[[151.0247,-9.6389],[150.9598,-9.5924],[151.0222,-9.5914],[151.0247,-9.6389]]],[[[143.8159,-8.4954],[143.7961,-8.5383],[143.7803,-8.5133],[143.8159,-8.4954]]],[[[156.5454,-7.7917],[156.5554,-7.8173],[156.5169,-7.8181],[156.5454,-7.7917]]],[[[-80.843,-6.3816],[-80.8396,-6.4752],[-80.8638,-6.4758],[-80.843,-6.3816]]],[[[110.4313,-5.8373],[110.4656,-5.8395],[110.438,-5.881],[110.4313,-5.8373]]],[[[39.2261,-5.7692],[39.2379,-5.856],[39.2145,-5.8581],[39.2261,-5.7692]]],[[[134.2127,-5.7587],[134.1805,-5.8273],[134.1697,-5.7683],[134.2127,-5.7587]]],[[[39.5755,-5.3945],[39.6598,-5.476],[39.6153,-5.4638],[39.5755,-5.3945]]],[[[143.5852,-3.3787],[143.5159,-3.3204],[143.5939,-3.3487],[143.5852,-3.3787]]],[[[-43.5648,-2.3613],[-43.5737,-2.4235],[-43.6117,-2.385],[-43.5648,-2.3613]]],[[[150.0042,-1.6726],[149.9121,-1.6537],[149.9641,-1.6303],[150.0042,-1.6726]]],[[[104.7249,0.7497],[104.7542,0.7372],[104.7393,0.7163],[104.7249,0.7497]]],[[[104.6594,0.8459],[104.6304,0.8065],[104.6392,0.848],[104.6594,0.8459]]],[[[125.1722,1.7992],[125.1447,1.7418],[125.1294,1.8284],[125.1722,1.7992]]],[[[131.7915,2.9777],[131.813,2.9604],[131.7952,2.949],[131.7915,2.9777]]],[[[-78.1866,2.9904],[-78.1671,2.9597],[-78.2203,2.9336],[-78.1866,2.9904]]],[[[101.2712,3.0465],[101.237,3.0351],[101.2629,3.0563],[101.2712,3.0465]]],[[[127.1304,4.7744],[127.1458,4.7522],[127.136,4.7404],[127.1304,4.7744]]],[[[119.8309,4.8209],[119.8577,4.7986],[119.8193,4.8039],[119.8309,4.8209]]],[[[119.8369,4.8629],[119.7931,4.9219],[119.8426,4.9049],[119.8369,4.8629]]],[[[119.7966,5.0576],[119.7458,5.044],[119.7983,5.121],[119.7966,5.0576]]],[[[-87.099,5.516],[-87.1046,5.5374],[-87.0646,5.5578],[-87.099,5.516]]],[[[120.8601,5.7038],[120.8827,5.6853],[120.7993,5.6676],[120.8601,5.7038]]],[[[120.9043,5.7591],[120.9294,5.7332],[120.9099,5.7],[120.9043,5.7591]]],[[[-83.8966,8.7065],[-83.8691,8.7136],[-83.8781,8.6988],[-83.8966,8.7065]]],[[[-60.745,8.7194],[-60.6177,8.6367],[-60.8081,8.6329],[-60.745,8.7194]]],[[[-79.5704,8.7986],[-79.5538,8.8034],[-79.5434,8.7755],[-79.5704,8.7986]]],[[[-81.5683,9.1082],[-81.5345,9.0859],[-81.5717,9.0896],[-81.5683,9.1082]]],[[[-82.0472,9.1726],[-82.0105,9.1415],[-82.0501,9.1459],[-82.0472,9.1726]]],[[[114.3732,9.6876],[114.381,9.6922],[114.3765,9.6801],[114.3732,9.6876]]],[[[-62.3311,9.9206],[-62.3258,9.8442],[-62.3494,9.8723],[-62.3311,9.9206]]],[[[114.0296,10.0119],[114.0293,10.0174],[114.04,10.0195],[114.0296,10.0119]]],[[[-62.4033,10.0063],[-62.4205,9.9827],[-62.4362,10.0466],[-62.4033,10.0063]]],[[[-62.2408,10.0515],[-62.2353,10.0139],[-62.298,9.9837],[-62.2408,10.0515]]],[[[124.6069,10.1403],[124.5296,10.0685],[124.5218,10.112],[124.6069,10.1403]]],[[[114.3654,10.1755],[114.363,10.1871],[114.3713,10.1805],[114.3654,10.1755]]],[[[-109.212,10.3027],[-109.2186,10.2816],[-109.2342,10.3079],[-109.212,10.3027]]],[[[-75.5868,10.3678],[-75.5353,10.3506],[-75.5907,10.319],[-75.5868,10.3678]]],[[[114.4642,10.3674],[114.467,10.3784],[114.471,10.3723],[114.4642,10.3674]]],[[[114.3638,10.3679],[114.3604,10.3786],[114.3678,10.3708],[114.3638,10.3679]]],[[[114.4548,10.3883],[114.45,10.3944],[114.4549,10.3972],[114.4548,10.3883]]],[[[103.3342,10.5839],[103.3128,10.5517],[103.2891,10.6127],[103.3342,10.5839]]],[[[115.8306,10.7346],[115.8146,10.7233],[115.8146,10.7343],[115.8306,10.7346]]],[[[-64.1686,10.8279],[-64.1748,10.7992],[-64.2209,10.8065],[-64.1686,10.8279]]],[[[115.8403,10.8232],[115.8296,10.8318],[115.8452,10.8312],[115.8403,10.8232]]],[[[114.2786,11.0404],[114.2722,11.0458],[114.2827,11.0507],[114.2786,11.0404]]],[[[115.0184,11.1071],[115.0101,11.1159],[115.0208,11.118],[115.0184,11.1071]]],[[[121.4741,11.8668],[121.4954,11.8278],[121.4126,11.8403],[121.4741,11.8668]]],[[[124.2062,12.0812],[124.2293,12.0636],[124.1502,12.0439],[124.2062,12.0812]]],[[[124.1686,12.3981],[124.1336,12.4708],[124.1766,12.4327],[124.1686,12.3981]]],[[[-61.4414,12.6079],[-61.4266,12.5919],[-61.4559,12.5861],[-61.4414,12.6079]]],[[[109.3934,12.6019],[109.4002,12.5579],[109.312,12.6143],[109.3934,12.6019]]],[[[-61.3194,12.7338],[-61.3284,12.6994],[-61.3531,12.6965],[-61.3194,12.7338]]],[[[-61.1918,12.8682],[-61.175,12.8818],[-61.1876,12.8564],[-61.1918,12.8682]]],[[[-87.7263,13.1984],[-87.7061,13.2117],[-87.6932,13.1679],[-87.7263,13.1984]]],[[[-87.7658,13.248],[-87.7638,13.2143],[-87.7802,13.2416],[-87.7658,13.248]]],[[[123.8015,13.366],[123.7717,13.4035],[123.8429,13.3718],[123.8015,13.366]]],[[[-80.0899,13.5784],[-80.0894,13.5769],[-80.0904,13.5766],[-80.0899,13.5784]]],[[[122.4118,14.7258],[122.3978,14.6859],[122.3193,14.6835],[122.4118,14.7258]]],[[[-61.6247,15.8712],[-61.6276,15.847],[-61.6383,15.8532],[-61.6247,15.8712]]],[[[-61.5665,15.8784],[-61.5957,15.8629],[-61.5799,15.8808],[-61.5665,15.8784]]],[[[111.6001,16.5273],[111.6029,16.5334],[111.6096,16.5283],[111.6001,16.5273]]],[[[112.735,16.6579],[112.7262,16.669],[112.7334,16.6661],[112.735,16.6579]]],[[[-169.5323,16.7331],[-169.5224,16.7322],[-169.5495,16.7235],[-169.5323,16.7331]]],[[[-169.5137,16.744],[-169.5137,16.7456],[-169.5128,16.7443],[-169.5137,16.744]]],[[[112.3332,16.825],[112.3279,16.8371],[112.3355,16.8326],[112.3332,16.825]]],[[[112.3337,16.9333],[112.3405,16.9236],[112.3355,16.9238],[112.3337,16.9333]]],[[[-88.0956,17.5174],[-88.0771,17.4611],[-88.1173,17.5129],[-88.0956,17.5174]]],[[[-63.2384,17.6469],[-63.2237,17.6292],[-63.2384,17.6147],[-63.2384,17.6469]]],[[[-87.9691,18.0909],[-87.9625,18.08],[-87.9814,18.0713],[-87.9691,18.0909]]],[[[-87.9395,18.1186],[-87.9364,18.1039],[-87.954,18.0883],[-87.9395,18.1186]]],[[[-87.8784,18.2082],[-87.8878,18.1756],[-87.8908,18.1975],[-87.8784,18.2082]]],[[[-64.5694,18.358],[-64.5709,18.3347],[-64.603,18.3556],[-64.5694,18.358]]],[[[-75.0243,18.4173],[-75.0032,18.3977],[-75.0178,18.3967],[-75.0243,18.4173]]],[[[-64.7298,18.4534],[-64.7303,18.4379],[-64.774,18.4423],[-64.7298,18.4534]]],[[[-64.5327,18.4941],[-64.5292,18.4764],[-64.5365,18.4624],[-64.5327,18.4941]]],[[[-16.3209,19.7285],[-16.3016,19.7226],[-16.3977,19.5999],[-16.3209,19.7285]]],[[[-16.4593,20.6147],[-16.4542,20.5711],[-16.4742,20.5942],[-16.4593,20.6147]]],[[[-78.5817,20.6616],[-78.5857,20.6436],[-78.6134,20.6579],[-78.5817,20.6616]]],[[[-78.6515,20.6649],[-78.6312,20.6531],[-78.6465,20.6523],[-78.6515,20.6649]]],[[[110.4714,20.6474],[110.4573,20.5869],[110.4177,20.6548],[110.4714,20.6474]]],[[[107.3696,20.8259],[107.3503,20.8109],[107.3411,20.8426],[107.3696,20.8259]]],[[[107.3822,20.8879],[107.3677,20.8584],[107.3325,20.8833],[107.3822,20.8879]]],[[[107.8257,21.025],[107.8563,21.0333],[107.8177,20.9883],[107.8257,21.025]]],[[[-71.6878,21.2998],[-71.6741,21.3065],[-71.6959,21.2901],[-71.6878,21.2998]]],[[[-71.6343,21.3188],[-71.6347,21.2945],[-71.6409,21.303],[-71.6343,21.3188]]],[[[-71.2098,21.3414],[-71.1925,21.335],[-71.2137,21.3106],[-71.2098,21.3414]]],[[[-71.4983,21.5694],[-71.521,21.4893],[-71.5397,21.5165],[-71.4983,21.5694]]],[[[-81.9812,21.6478],[-81.9898,21.6088],[-82.1142,21.5703],[-81.9812,21.6478]]],[[[-81.8525,21.6636],[-81.9014,21.6156],[-81.9324,21.6285],[-81.8525,21.6636]]],[[[-72.1249,21.8546],[-72.1163,21.8537],[-72.133,21.8476],[-72.1249,21.8546]]],[[[-72.0948,21.8825],[-72.0871,21.8727],[-72.0997,21.8646],[-72.0948,21.8825]]],[[[113.278,21.925],[113.2585,21.8804],[113.2258,21.9008],[113.278,21.925]]],[[[-82.6452,21.9545],[-82.5912,21.9267],[-82.6579,21.9321],[-82.6452,21.9545]]],[[[-83.5528,21.9614],[-83.6078,21.9665],[-83.5978,21.9717],[-83.5528,21.9614]]],[[[113.7717,22.0003],[113.7482,21.9728],[113.7363,21.9972],[113.7717,22.0003]]],[[[114.3068,22.0572],[114.2067,22.0258],[114.3042,22.0693],[114.3068,22.0572]]],[[[-81.5563,22.066],[-81.5549,22.044],[-81.5889,22.0727],[-81.5563,22.066]]],[[[113.4735,22.0985],[113.5189,22.1273],[113.5476,22.0926],[113.4735,22.0985]]],[[[-75.7221,22.2026],[-75.7344,22.175],[-75.7497,22.2045],[-75.7221,22.2026]]],[[[114.1374,22.1788],[114.1067,22.2358],[114.1546,22.2036],[114.1374,22.1788]]],[[[-75.746,22.236],[-75.7534,22.2374],[-75.7519,22.2633],[-75.746,22.236]]],[[[-75.8117,22.3716],[-75.8055,22.3476],[-75.8202,22.3713],[-75.8117,22.3716]]],[[[113.6234,22.4399],[113.6578,22.4238],[113.6212,22.3914],[113.6234,22.4399]]],[[[-78.7377,22.5484],[-78.766,22.5188],[-78.7681,22.5417],[-78.7377,22.5484]]],[[[-73.6182,22.6013],[-73.5938,22.602],[-73.6255,22.5743],[-73.6182,22.6013]]],[[[-82.5145,22.6251],[-82.5229,22.5593],[-82.5283,22.64],[-82.5145,22.6251]]],[[[-79.2245,22.6397],[-79.1769,22.6447],[-79.2064,22.6244],[-79.2245,22.6397]]],[[[-79.6801,22.8594],[-79.7309,22.8661],[-79.7275,22.904],[-79.6801,22.8594]]],[[[-79.8263,22.9647],[-79.8465,22.9103],[-79.8712,22.9477],[-79.8263,22.9647]]],[[[113.5292,22.9604],[113.545,22.88],[113.51,22.9212],[113.5292,22.9604]]],[[[-80.0614,23.0498],[-80.0563,23.0267],[-80.0948,23.0483],[-80.0614,23.0498]]],[[[-80.2447,23.1075],[-80.2503,23.0849],[-80.3057,23.1345],[-80.2447,23.1075]]],[[[-80.4014,23.1546],[-80.378,23.1477],[-80.4598,23.1286],[-80.4014,23.1546]]],[[[-80.6685,23.2122],[-80.6747,23.1868],[-80.7043,23.1803],[-80.6685,23.2122]]],[[[-80.775,23.2066],[-80.7408,23.1843],[-80.8614,23.2204],[-80.775,23.2066]]],[[[-80.8788,23.2504],[-80.8786,23.2321],[-80.9427,23.2573],[-80.8788,23.2504]]],[[[120.0219,23.4516],[120.1248,23.5505],[120.0623,23.4713],[120.0219,23.4516]]],[[[116.9956,23.5635],[116.9878,23.5241],[116.9373,23.5263],[116.9956,23.5635]]],[[[-75.109,23.8469],[-75.1174,23.8151],[-75.1236,23.831],[-75.109,23.8469]]],[[[153.9662,24.3087],[153.9535,24.2925],[153.9407,24.3115],[153.9662,24.3087]]],[[[-77.8692,24.3468],[-77.8328,24.3496],[-77.8673,24.3195],[-77.8692,24.3468]]],[[[54.3259,24.373],[54.3089,24.3139],[54.2791,24.3644],[54.3259,24.373]]],[[[52.3097,24.5395],[52.3142,24.4757],[52.2832,24.497],[52.3097,24.5395]]],[[[-76.7743,24.5386],[-76.7893,24.5185],[-76.7924,24.5491],[-76.7743,24.5386]]],[[[-82.1184,24.5565],[-82.1188,24.5536],[-82.1288,24.5508],[-82.1184,24.5565]]],[[[-82.1196,24.5851],[-82.1457,24.5927],[-82.1105,24.5655],[-82.1196,24.5851]]],[[[-81.4245,24.655],[-81.4106,24.6554],[-81.4148,24.6477],[-81.4245,24.655]]],[[[-81.2652,24.6713],[-81.2584,24.6676],[-81.276,24.6556],[-81.2652,24.6713]]],[[[-81.4481,24.6806],[-81.4414,24.6505],[-81.4607,24.6644],[-81.4481,24.6806]]],[[[-81.4824,24.6833],[-81.4813,24.6498],[-81.5202,24.6741],[-81.4824,24.6833]]],[[[-110.5862,24.8321],[-110.5692,24.8438],[-110.5614,24.815],[-110.5862,24.8321]]],[[[125.2029,24.8463],[125.2053,24.805],[125.1401,24.8164],[125.2029,24.8463]]],[[[-80.7008,24.881],[-80.7108,24.8643],[-80.7384,24.8507],[-80.7008,24.881]]],[[[-115.7528,24.9548],[-115.7523,24.9533],[-115.7533,24.953],[-115.7528,24.9548]]],[[[119.551,25.2095],[119.529,25.1654],[119.4447,25.2291],[119.551,25.2095]]],[[[-81.0475,25.3094],[-81.0669,25.2768],[-81.0784,25.3017],[-81.0475,25.3094]]],[[[-110.7148,25.3059],[-110.6895,25.3084],[-110.7289,25.26],[-110.7148,25.3059]]],[[[-81.089,25.3389],[-81.0907,25.3128],[-81.1222,25.3366],[-81.089,25.3389]]],[[[-77.8641,25.4079],[-77.9067,25.4091],[-77.8396,25.435],[-77.8641,25.4079]]],[[[37.0269,25.4196],[36.9518,25.4675],[36.9993,25.4694],[37.0269,25.4196]]],[[[-112.1063,25.4841],[-112.1228,25.2821],[-112.1381,25.2973],[-112.1063,25.4841]]],[[[36.8494,25.533],[36.8413,25.57],[36.8665,25.5575],[36.8494,25.533]]],[[[119.3465,25.5667],[119.2969,25.4229],[119.2815,25.4829],[119.3465,25.5667]]],[[[36.9007,25.5493],[36.9144,25.6066],[36.9276,25.5285],[36.9007,25.5493]]],[[[-111.0591,25.701],[-111.0192,25.6939],[-111.0285,25.6518],[-111.0591,25.701]]],[[[-79.2501,25.7747],[-79.258,25.699],[-79.3006,25.6979],[-79.2501,25.7747]]],[[[-111.2582,25.8128],[-111.2459,25.7657],[-111.2585,25.7814],[-111.2582,25.8128]]],[[[-81.3805,25.8209],[-81.4396,25.8039],[-81.4405,25.8424],[-81.3805,25.8209]]],[[[-81.4534,25.8255],[-81.5169,25.8598],[-81.4744,25.8725],[-81.4534,25.8255]]],[[[-81.6761,25.9013],[-81.6962,25.8658],[-81.7084,25.8987],[-81.6761,25.9013]]],[[[-81.541,25.8901],[-81.5458,25.8537],[-81.561,25.8948],[-81.541,25.8901]]],[[[54.5466,25.9265],[54.5532,25.8998],[54.5137,25.9027],[54.5466,25.9265]]],[[[119.627,26.1079],[119.6204,26.0642],[119.554,26.0956],[119.627,26.1079]]],[[[-111.2866,26.1258],[-111.2637,26.135],[-111.2642,26.105],[-111.2866,26.1258]]],[[[127.3696,26.2146],[127.3535,26.154],[127.3462,26.2064],[127.3696,26.2146]]],[[[-77.2443,26.4785],[-77.2545,26.4381],[-77.2782,26.4658],[-77.2443,26.4785]]],[[[-77.8538,26.6008],[-77.8684,26.5639],[-77.8931,26.6026],[-77.8538,26.6008]]],[[[55.8943,26.6794],[55.8897,26.6238],[55.8532,26.621],[55.8943,26.6794]]],[[[53.6394,26.6888],[53.6463,26.6572],[53.6012,26.6796],[53.6394,26.6888]]],[[[120.3268,26.9397],[120.3449,26.972],[120.3857,26.9352],[120.3268,26.9397]]],[[[-112.097,27.2245],[-112.0453,27.2166],[-112.0663,27.179],[-112.097,27.2245]]],[[[-111.8923,27.429],[-111.9011,27.4492],[-111.8564,27.4379],[-111.8923,27.429]]],[[[121.074,27.4795],[121.1034,27.4519],[121.0673,27.4368],[121.074,27.4795]]],[[[142.1052,27.727],[142.1117,27.7259],[142.1072,27.7167],[142.1052,27.727]]],[[[121.1817,27.8647],[121.1712,27.8188],[121.098,27.8178],[121.1817,27.8647]]],[[[-115.2042,27.8925],[-115.1646,27.8513],[-115.2204,27.8886],[-115.2042,27.8925]]],[[[34.7319,27.9571],[34.7047,27.9084],[34.6618,27.9302],[34.7319,27.9571]]],[[[121.0493,27.9509],[121.0702,27.9829],[121.1397,27.9658],[121.0493,27.9509]]],[[[-111.3885,27.9688],[-111.3874,27.9881],[-111.3656,27.9534],[-111.3885,27.9688]]],[[[-115.5938,28.3172],[-115.5647,28.3074],[-115.5923,28.2975],[-115.5938,28.3172]]],[[[-82.666,28.7344],[-82.6737,28.7144],[-82.696,28.7256],[-82.666,28.7344]]],[[[-82.6964,28.764],[-82.6799,28.7847],[-82.6738,28.7667],[-82.6964,28.764]]],[[[-90.6521,29.0672],[-90.7494,29.041],[-90.7672,29.0471],[-90.6521,29.0672]]],[[[-90.4174,29.0555],[-90.4202,29.0487],[-90.5124,29.0749],[-90.4174,29.0555]]],[[[-113.5188,29.0956],[-113.492,29.0359],[-113.5143,29.0533],[-113.5188,29.0956]]],[[[121.8622,29.1296],[121.8421,29.095],[121.7827,29.1247],[121.8622,29.1296]]],[[[-83.0382,29.1452],[-83.0582,29.1362],[-83.0503,29.1557],[-83.0382,29.1452]]],[[[-90.45,29.2351],[-90.4463,29.2603],[-90.4346,29.2645],[-90.45,29.2351]]],[[[-89.9278,29.2882],[-89.9145,29.2849],[-89.939,29.2772],[-89.9278,29.2882]]],[[[-89.9949,29.4566],[-90.1199,29.5055],[-90.0611,29.5045],[-89.9949,29.4566]]],[[[-89.057,29.5621],[-89.0841,29.5294],[-89.0985,29.5209],[-89.057,29.5621]]],[[[-88.9796,29.6329],[-88.9645,29.6428],[-88.9783,29.6317],[-88.9796,29.6329]]],[[[122.3047,29.8175],[122.2956,29.7791],[122.2317,29.8362],[122.3047,29.8175]]],[[[121.9722,29.9448],[121.9924,29.9083],[121.9461,29.904],[121.9722,29.9448]]],[[[-114.4185,29.9868],[-114.3948,29.9602],[-114.422,29.9662],[-114.4185,29.9868]]],[[[122.3457,30.2419],[122.2776,30.2355],[122.3319,30.2737],[122.3457,30.2419]]],[[[-116.1144,30.4962],[-116.1042,30.4826],[-116.1228,30.4852],[-116.1144,30.4962]]],[[[122.5293,30.7208],[122.4273,30.7039],[122.4299,30.7431],[122.5293,30.7208]]],[[[-81.1606,31.6699],[-81.1282,31.6286],[-81.161,31.5673],[-81.1606,31.6699]]],[[[129.9334,31.8678],[129.8899,31.8107],[129.8206,31.8455],[129.9334,31.8678]]],[[[130.2439,32.3018],[130.263,32.2813],[130.2107,32.2554],[130.2439,32.3018]]],[[[-117.2537,32.4208],[-117.245,32.4146],[-117.2393,32.3891],[-117.2537,32.4208]]],[[[130.4468,32.5968],[130.4276,32.5373],[130.3988,32.5932],[130.4468,32.5968]]],[[[132.562,32.7421],[132.5497,32.7043],[132.5399,32.7338],[132.562,32.7421]]],[[[128.8998,32.8183],[128.8401,32.7776],[128.8373,32.8338],[128.8998,32.8183]]],[[[128.9531,32.8742],[128.9451,32.8043],[128.8807,32.8626],[128.9531,32.8742]]],[[[129.1355,33.2999],[129.1273,33.2475],[129.075,33.2599],[129.1355,33.2999]]],[[[129.5559,33.494],[129.568,33.4785],[129.5032,33.4737],[129.5559,33.494]]],[[[-118.2347,33.7632],[-118.2576,33.7166],[-118.2675,33.747],[-118.2347,33.7632]]],[[[132.6414,34.0141],[132.6345,33.9648],[132.5891,33.9564],[132.6414,34.0141]]],[[[125.1277,34.0486],[125.0921,34.0718],[125.1022,34.0959],[125.1277,34.0486]]],[[[126.599,34.1686],[126.5071,34.1389],[126.5329,34.1791],[126.599,34.1686]]],[[[133.0935,34.1743],[133.0171,34.1188],[133.0331,34.1894],[133.0935,34.1743]]],[[[126.672,34.1533],[126.6387,34.1281],[126.6453,34.1972],[126.672,34.1533]]],[[[132.7385,34.197],[132.74,34.1599],[132.689,34.1899],[132.7385,34.197]]],[[[126.9094,34.1977],[126.9136,34.1577],[126.8532,34.159],[126.9094,34.1977]]],[[[126.6122,34.2182],[126.5498,34.1912],[126.5597,34.2345],[126.6122,34.2182]]],[[[132.9212,34.2773],[132.9168,34.2219],[132.8499,34.2152],[132.9212,34.2773]]],[[[132.3384,34.3044],[132.3255,34.2647],[132.2679,34.2445],[132.3384,34.3044]]],[[[126.0887,34.3079],[126.0693,34.279],[126.0217,34.2956],[126.0887,34.3079]]],[[[126.8539,34.3085],[126.7576,34.3361],[126.8845,34.3455],[126.8539,34.3085]]],[[[127.0916,34.3449],[127.0388,34.3129],[126.9915,34.3563],[127.0916,34.3449]]],[[[133.7157,34.3961],[133.7031,34.3518],[133.6919,34.3784],[133.7157,34.3961]]],[[[126.7625,34.383],[126.823,34.4398],[126.8611,34.3928],[126.7625,34.383]]],[[[135.2052,34.4305],[135.241,34.4546],[135.2571,34.4358],[135.2052,34.4305]]],[[[134.049,34.4744],[134.1045,34.4903],[134.084,34.4598],[134.049,34.4744]]],[[[136.892,34.4967],[136.8832,34.4754],[136.8726,34.4911],[136.892,34.4967]]],[[[136.8902,34.5312],[136.874,34.5134],[136.8491,34.515],[136.8902,34.5312]]],[[[128.2946,34.6396],[128.2363,34.6105],[128.2253,34.6328],[128.2946,34.6396]]],[[[128.3858,34.8201],[128.4231,34.7633],[128.3342,34.8191],[128.3858,34.8201]]],[[[128.2399,34.8362],[128.2385,34.7969],[128.2058,34.8156],[128.2399,34.8362]]],[[[136.7981,34.8764],[136.8235,34.862],[136.815,34.8399],[136.7981,34.8764]]],[[[126.3407,34.8641],[126.2307,34.8546],[126.2974,34.9175],[126.3407,34.8641]]],[[[126.2342,35.0471],[126.1587,35.0942],[126.236,35.0984],[126.2342,35.0471]]],[[[12.6218,35.5098],[12.6111,35.4892],[12.5261,35.5167],[12.6218,35.5098]]],[[[27.5657,36.2449],[27.6187,36.2281],[27.5315,36.2117],[27.5657,36.2449]]],[[[27.1858,36.6157],[27.198,36.5683],[27.1297,36.5695],[27.1858,36.6157]]],[[[137.0481,37.1523],[136.9473,37.097],[136.9053,37.1436],[137.0481,37.1523]]],[[[26.5988,37.3554],[26.5464,37.2772],[26.5364,37.3727],[26.5988,37.3554]]],[[[24.7394,37.6138],[24.6597,37.6069],[24.7161,37.631],[24.7394,37.6138]]],[[[12.0723,37.9679],[12.0648,37.9508],[12.0304,37.9844],[12.0723,37.9679]]],[[[20.9452,38.6525],[20.8706,38.5825],[20.8884,38.629],[20.9452,38.6525]]],[[[20.801,38.6653],[20.8001,38.5954],[20.737,38.6522],[20.801,38.6653]]],[[[-9.0411,38.8676],[-9.0414,38.8492],[-9.0797,38.8201],[-9.0411,38.8676]]],[[[2.9854,39.1662],[2.9622,39.1161],[2.9136,39.152],[2.9854,39.1662]]],[[[24.0813,39.3524],[24.0632,39.297],[24.0449,39.3415],[24.0813,39.3524]]],[[[124.596,39.4302],[124.6126,39.4571],[124.6191,39.433],[124.596,39.4302]]],[[[124.2147,39.8072],[124.23,39.8212],[124.2428,39.8046],[124.2147,39.8072]]],[[[27.6452,40.4599],[27.5799,40.4765],[27.6073,40.5054],[27.6452,40.4599]]],[[[-72.3416,41.0907],[-72.2755,41.0318],[-72.3713,41.055],[-72.3416,41.0907]]],[[[-72.131,41.1205],[-72.0784,41.1],[-72.1008,41.0542],[-72.131,41.1205]]],[[[9.4748,41.2361],[9.4644,41.1727],[9.437,41.1859],[9.4748,41.2361]]],[[[9.4309,41.2248],[9.3731,41.2299],[9.4142,41.2624],[9.4309,41.2248]]],[[[-70.8305,41.2604],[-70.814,41.2632],[-70.8018,41.2481],[-70.8305,41.2604]]],[[[-70.8712,41.4387],[-70.8545,41.4292],[-70.9485,41.4141],[-70.8712,41.4387]]],[[[-70.7244,41.5111],[-70.7683,41.4595],[-70.8399,41.4505],[-70.7244,41.5111]]],[[[10.297,42.3449],[10.3159,42.3408],[10.3132,42.3239],[10.297,42.3449]]],[[[10.0916,42.5958],[10.0503,42.5819],[10.0794,42.6139],[10.0916,42.5958]]],[[[132.4499,42.8281],[132.4015,42.832],[132.4275,42.8959],[132.4499,42.8281]]],[[[6.235,43.0224],[6.2165,42.9904],[6.1662,42.9997],[6.235,43.0224]]],[[[16.3103,43.5078],[16.3708,43.4843],[16.2114,43.4901],[16.3103,43.5078]]],[[[14.7598,44.2921],[14.7897,44.2669],[14.7485,44.2617],[14.7598,44.2921]]],[[[14.6135,44.3408],[14.6614,44.3087],[14.5989,44.3391],[14.6135,44.3408]]],[[[14.7979,44.3777],[14.7562,44.364],[14.7634,44.4154],[14.7979,44.3777]]],[[[14.2442,44.6614],[14.2804,44.6776],[14.2712,44.6125],[14.2442,44.6614]]],[[[50.7437,44.8861],[50.6978,44.8579],[50.6279,44.967],[50.7437,44.8861]]],[[[12.3298,45.4588],[12.3621,45.4381],[12.3206,45.4298],[12.3298,45.4588]]],[[[-62.545,45.8267],[-62.5124,45.8144],[-62.6031,45.8042],[-62.545,45.8267]]],[[[-59.7081,45.9947],[-59.781,46.0044],[-59.6952,46.034],[-59.7081,45.9947]]],[[[-123.4171,46.2048],[-123.3157,46.1485],[-123.411,46.1751],[-123.4171,46.2048]]],[[[-123.4807,46.2559],[-123.4443,46.2359],[-123.4408,46.2132],[-123.4807,46.2559]]],[[[-54.7942,47.2794],[-54.8124,47.2318],[-54.8301,47.2671],[-54.7942,47.2794]]],[[[-54.1956,47.3932],[-54.1446,47.4004],[-54.178,47.36],[-54.1956,47.3932]]],[[[-70.3698,47.4268],[-70.3739,47.3839],[-70.4357,47.377],[-70.3698,47.4268]]],[[[-52.9565,47.6548],[-52.9164,47.6345],[-53.0303,47.5992],[-52.9565,47.6548]]],[[[-68.8643,48.4076],[-68.8447,48.396],[-68.8911,48.388],[-68.8643,48.4076]]],[[[-125.8616,49.2374],[-125.8014,49.1439],[-125.915,49.1763],[-125.8616,49.2374]]],[[[-55.8543,50.205],[-55.8451,50.1906],[-55.886,50.1975],[-55.8543,50.205]]],[[[-55.763,50.2319],[-55.6958,50.1937],[-55.7895,50.2075],[-55.763,50.2319]]],[[[-128.6391,50.8047],[-128.6037,50.8198],[-128.5726,50.7952],[-128.6391,50.8047]]],[[[-58.8612,50.8331],[-58.8611,50.7796],[-58.8856,50.7943],[-58.8612,50.8331]]],[[[-128.7021,50.8366],[-128.655,50.8088],[-128.7044,50.8072],[-128.7021,50.8366]]],[[[-57.2503,50.8406],[-57.1866,50.823],[-57.2525,50.7967],[-57.2503,50.8406]]],[[[-127.7791,50.9015],[-127.656,50.8378],[-127.8174,50.8686],[-127.7791,50.9015]]],[[[-58.3076,51.2523],[-58.411,51.2016],[-58.3882,51.2389],[-58.3076,51.2523]]],[[[-128.4382,51.9808],[-128.4324,51.9024],[-128.4788,51.9068],[-128.4382,51.9808]]],[[[-79.0275,52.1136],[-79.0067,52.0979],[-79.0867,52.0975],[-79.0275,52.1136]]],[[[-79.4057,52.261],[-79.3813,52.2448],[-79.5013,52.2331],[-79.4057,52.261]]],[[[-78.7342,52.4451],[-78.7498,52.4062],[-78.8273,52.4276],[-78.7342,52.4451]]],[[[-79.5846,52.5552],[-79.6394,52.5326],[-79.6124,52.5773],[-79.5846,52.5552]]],[[[-129.4328,52.6831],[-129.4024,52.6466],[-129.4496,52.644],[-129.4328,52.6831]]],[[[-55.8523,52.7725],[-55.8095,52.7311],[-55.884,52.7511],[-55.8523,52.7725]]],[[[-129.3547,52.8625],[-129.312,52.8393],[-129.3289,52.7996],[-129.3547,52.8625]]],[[[-55.8085,53.0066],[-55.8023,52.9446],[-55.8504,53.0035],[-55.8085,53.0066]]],[[[-55.8273,53.0793],[-55.7588,53.0341],[-55.8707,53.0265],[-55.8273,53.0793]]],[[[-130.5921,53.4962],[-130.587,53.4662],[-130.6361,53.4984],[-130.5921,53.4962]]],[[[-57.1527,53.6931],[-57.0308,53.713],[-57.1138,53.643],[-57.1527,53.6931]]],[[[7.9041,54.1804],[7.8799,54.1939],[7.8945,54.1946],[7.9041,54.1804]]],[[[7.9124,54.1923],[7.9299,54.1953],[7.9334,54.1899],[7.9124,54.1923]]],[[[-57.328,54.2876],[-57.3144,54.2397],[-57.3676,54.259],[-57.328,54.2876]]],[[[-81.1052,54.3329],[-81.1018,54.3741],[-81.086,54.3482],[-81.1052,54.3329]]],[[[-57.2445,54.4842],[-57.1976,54.4493],[-57.2933,54.4686],[-57.2445,54.4842]]],[[[-130.8176,54.4863],[-130.7296,54.4208],[-130.87,54.4348],[-130.8176,54.4863]]],[[[-57.3037,54.5747],[-57.268,54.5035],[-57.3622,54.5073],[-57.3037,54.5747]]],[[[139.2255,54.5894],[139.2767,54.6131],[139.2436,54.581],[139.2255,54.5894]]],[[[-131.0988,54.628],[-131.05,54.606],[-131.0909,54.5822],[-131.0988,54.628]]],[[[138.19,54.7156],[138.241,54.7137],[138.1959,54.7011],[138.19,54.7156]]],[[[-133.5203,54.8141],[-133.5218,54.7668],[-133.5457,54.8018],[-133.5203,54.8141]]],[[[-131.1892,55.1034],[-131.19,55.0483],[-131.2549,55.0692],[-131.1892,55.1034]]],[[[-133.3073,55.4322],[-133.2361,55.4402],[-133.2745,55.4043],[-133.3073,55.4322]]],[[[-76.7305,56.1608],[-76.7803,56.1081],[-76.7655,56.176],[-76.7305,56.1608]]],[[[-77.8498,56.3153],[-77.9801,56.2866],[-77.949,56.3134],[-77.8498,56.3153]]],[[[-77.487,56.4421],[-77.5026,56.3865],[-77.5354,56.3795],[-77.487,56.4421]]],[[[-78.8111,56.6577],[-78.8407,56.6758],[-78.7399,56.667],[-78.8111,56.6577]]],[[[-76.6234,56.6815],[-76.619,56.5869],[-76.6547,56.5489],[-76.6234,56.6815]]],[[[-76.652,57.0714],[-76.7009,57.0827],[-76.7251,57.1908],[-76.652,57.0714]]],[[[-78.2684,57.1986],[-78.3819,57.1745],[-78.3256,57.2077],[-78.2684,57.1986]]],[[[-78.3365,57.3052],[-78.4808,57.2914],[-78.381,57.3288],[-78.3365,57.3052]]],[[[-152.2882,57.397],[-152.2559,57.3842],[-152.3151,57.3631],[-152.2882,57.397]]],[[[-76.7911,57.3361],[-76.8354,57.4258],[-76.7454,57.3602],[-76.7911,57.3361]]],[[[-136.1376,58.2651],[-136.107,58.3034],[-136.0279,58.295],[-136.1376,58.2651]]],[[[-135.7185,58.3461],[-135.6549,58.3798],[-135.5433,58.3348],[-135.7185,58.3461]]],[[[-78.6288,58.7795],[-78.7076,58.786],[-78.6509,58.8021],[-78.6288,58.7795]]],[[[-78.9011,58.8325],[-78.9381,58.834],[-78.9376,58.8648],[-78.9011,58.8325]]],[[[-152.0352,58.9517],[-152.0131,58.9398],[-152.0747,58.9143],[-152.0352,58.9517]]],[[[-68.9955,59.0163],[-68.9746,58.9896],[-69.1203,58.9573],[-68.9955,59.0163]]],[[[-80.5524,59.1101],[-80.5386,59.0947],[-80.5829,59.0983],[-80.5524,59.1101]]],[[[-151.6879,59.1297],[-151.6469,59.1039],[-151.7136,59.1058],[-151.6879,59.1297]]],[[[5.764,59.1179],[5.7507,59.0723],[5.5752,59.124],[5.764,59.1179]]],[[[-151.4651,59.1382],[-151.4389,59.1073],[-151.5085,59.1286],[-151.4651,59.1382]]],[[[-151.859,59.1639],[-151.7888,59.1531],[-151.8932,59.1444],[-151.859,59.1639]]],[[[149.0328,59.1922],[149.1411,59.2077],[149.1035,59.1615],[149.0328,59.1922]]],[[[5.4621,59.2109],[5.4432,59.1589],[5.3753,59.2188],[5.4621,59.2109]]],[[[-146.3236,59.4521],[-146.3224,59.4258],[-146.3586,59.4101],[-146.3236,59.4521]]],[[[-80.5185,59.6947],[-80.5515,59.6494],[-80.5882,59.6616],[-80.5185,59.6947]]],[[[-80.3873,59.7117],[-80.4437,59.6482],[-80.4387,59.6774],[-80.3873,59.7117]]],[[[22.4985,59.8776],[22.4437,59.8515],[22.4138,59.8612],[22.4985,59.8776]]],[[[20.2813,59.9766],[20.3394,60.0201],[20.4471,59.9952],[20.2813,59.9766]]],[[[-152.5632,60.15],[-152.5801,60.1072],[-152.6381,60.1673],[-152.5632,60.15]]],[[[21.6004,60.2548],[21.6017,60.2226],[21.5635,60.2262],[21.6004,60.2548]]],[[[-147.3604,60.3007],[-147.4918,60.2288],[-147.4939,60.2631],[-147.3604,60.3007]]],[[[21.0886,60.4801],[21.0882,60.4522],[21.065,60.4548],[21.0886,60.4801]]],[[[4.8459,60.6281],[4.7795,60.5985],[4.7913,60.6661],[4.8459,60.6281]]],[[[-173.0643,60.6425],[-173.1114,60.6642],[-173.0717,60.6862],[-173.0643,60.6425]]],[[[21.2595,60.8531],[21.2632,60.8303],[21.1863,60.8565],[21.2595,60.8531]]],[[[-146.8203,60.8417],[-146.7041,60.8395],[-146.7656,60.802],[-146.8203,60.8417]]],[[[-147.0941,60.8979],[-147.1396,60.8556],[-147.3189,60.8773],[-147.0941,60.8979]]],[[[-69.9219,61.0131],[-70.0039,60.9351],[-70.0119,60.9968],[-69.9219,61.0131]]],[[[21.4219,61.1767],[21.3429,61.1906],[21.3801,61.214],[21.4219,61.1767]]],[[[-71.561,61.3334],[-71.4865,61.3019],[-71.5864,61.302],[-71.561,61.3334]]],[[[21.5213,61.634],[21.5078,61.6181],[21.46,61.6293],[21.5213,61.634]]],[[[4.8363,61.6745],[4.8799,61.712],[4.9028,61.6525],[4.8363,61.6745]]],[[[-72.0914,61.8947],[-71.9734,61.8589],[-72.0589,61.8505],[-72.0914,61.8947]]],[[[-92.7984,61.948],[-92.7875,61.9288],[-92.875,61.9387],[-92.7984,61.948]]],[[[-72.4121,62.0391],[-72.3281,62.016],[-72.3524,62.0003],[-72.4121,62.0391]]],[[[-165.9489,62.0295],[-166.0098,62.0229],[-165.9721,62.0722],[-165.9489,62.0295]]],[[[-92.6417,62.0607],[-92.6528,62.0265],[-92.7009,62.0746],[-92.6417,62.0607]]],[[[-66.4385,62.8953],[-66.3425,62.8496],[-66.569,62.9148],[-66.4385,62.8953]]],[[[21.2085,62.9462],[21.1304,63.0008],[21.1956,62.9944],[21.2085,62.9462]]],[[[-68.1453,63.2725],[-68.0498,63.1924],[-68.1879,63.2503],[-68.1453,63.2725]]],[[[-68.0234,63.3009],[-67.895,63.1894],[-68.092,63.3204],[-68.0234,63.3009]]],[[[-67.8527,63.346],[-67.8662,63.2918],[-67.964,63.41],[-67.8527,63.346]]],[[[-20.2619,63.4446],[-20.2868,63.4065],[-20.3026,63.446],[-20.2619,63.4446]]],[[[-64.0434,63.5631],[-64.0912,63.4865],[-64.1687,63.6046],[-64.0434,63.5631]]],[[[-76.4842,64.1813],[-76.5727,64.2343],[-76.4974,64.2426],[-76.4842,64.1813]]],[[[-76.6644,64.2417],[-76.5653,64.2541],[-76.6074,64.221],[-76.6644,64.2417]]],[[[-168.0355,64.9853],[-168.0484,64.9589],[-168.0967,64.9654],[-168.0355,64.9853]]],[[[-66.9343,65.317],[-67.0167,65.3198],[-66.9246,65.3649],[-66.9343,65.317]]],[[[-89.0468,65.4064],[-88.9693,65.3879],[-89.0868,65.392],[-89.0468,65.4064]]],[[[-88.4308,65.487],[-88.3713,65.462],[-88.4846,65.4648],[-88.4308,65.487]]],[[[-67.4325,65.7427],[-67.4788,65.708],[-67.7045,65.7165],[-67.4325,65.7427]]],[[[-168.9079,65.7683],[-168.9099,65.7396],[-168.9517,65.7532],[-168.9079,65.7683]]],[[[-167.777,65.773],[-167.7604,65.7646],[-167.8487,65.7428],[-167.777,65.773]]],[[[-65.7864,65.702],[-65.8656,65.7812],[-65.7706,65.7633],[-65.7864,65.702]]],[[[-167.671,65.7937],[-167.5565,65.8174],[-167.6954,65.7409],[-167.671,65.7937]]],[[[-66.9295,65.9498],[-67.1486,65.9959],[-66.9639,65.997],[-66.9295,65.9498]]],[[[-18.3802,66.0121],[-18.3568,65.9816],[-18.3966,65.9895],[-18.3802,66.0121]]],[[[-85.0217,66.0831],[-84.9975,66.0573],[-85.104,66.059],[-85.0217,66.0831]]],[[[-83.5952,66.0401],[-83.5704,66.0837],[-83.5587,66.046],[-83.5952,66.0401]]],[[[-83.6114,66.0846],[-83.6488,66.123],[-83.5741,66.1103],[-83.6114,66.0846]]],[[[-85.9556,66.4632],[-85.8962,66.4539],[-85.9624,66.4396],[-85.9556,66.4632]]],[[[14.4085,67.4258],[14.2267,67.3773],[14.3718,67.4411],[14.4085,67.4258]]],[[[-113.0083,67.9473],[-112.7613,67.9641],[-113.1551,67.9218],[-113.0083,67.9473]]],[[[-112.8369,68.1702],[-112.7178,68.1559],[-112.7897,68.1301],[-112.8369,68.1702]]],[[[67.3812,68.7923],[67.3333,68.7585],[67.1158,68.7984],[67.3812,68.7923]]],[[[-34.5889,-55.0628],[-34.5584,-55.0698],[-34.5797,-55.0781],[-34.5889,-55.0628]]],[[[-34.6651,-55.0198],[-34.6243,-55.0304],[-34.651,-55.0548],[-34.6651,-55.0198]]],[[[-34.7288,-54.9779],[-34.7007,-54.9971],[-34.7455,-54.9974],[-34.7288,-54.9779]]],[[[-41.7552,-53.5606],[-41.7231,-53.5785],[-41.7337,-53.5944],[-41.7552,-53.5606]]],[[[-42.1117,-53.4584],[-42.0796,-53.4948],[-42.113,-53.4874],[-42.1117,-53.4584]]],[[[166.6372,-47.9936],[166.6372,-48.0624],[166.5684,-48.0419],[166.6372,-47.9936]]],[[[167.4187,-47.2326],[167.4543,-47.2075],[167.487,-47.2189],[167.4187,-47.2326]]],[[[167.7092,-46.7841],[167.6629,-46.7785],[167.6934,-46.7573],[167.7092,-46.7841]]],[[[168.59,-46.7324],[168.5632,-46.8012],[168.5422,-46.7597],[168.59,-46.7324]]],[[[174.3809,-41.1064],[174.3809,-41.1951],[174.1973,-41.2301],[174.3809,-41.1064]]],[[[175.8477,-36.6251],[175.7975,-36.6218],[175.772,-36.5766],[175.8477,-36.6251]]],[[[174.8533,-36.3917],[174.906,-36.4492],[174.8455,-36.4485],[174.8533,-36.3917]]],[[[175.1345,-36.176],[175.155,-36.2136],[175.1004,-36.2278],[175.1345,-36.176]]],[[[155.1699,-22.2027],[155.169,-22.2012],[155.1705,-22.2003],[155.1699,-22.2027]]],[[[155.459,-22.1759],[155.4608,-22.1734],[155.4624,-22.1753],[155.459,-22.1759]]],[[[153.5525,-21.9111],[153.5516,-21.9111],[153.5525,-21.9092],[153.5525,-21.9111]]],[[[153.5562,-21.9104],[153.5567,-21.9089],[153.5571,-21.9106],[153.5562,-21.9104]]],[[[153.5067,-21.8912],[153.5077,-21.8906],[153.5086,-21.8919],[153.5067,-21.8912]]],[[[153.6418,-21.8587],[153.6424,-21.8572],[153.6428,-21.8587],[153.6418,-21.8587]]],[[[153.7611,-21.6362],[153.7623,-21.6346],[153.7627,-21.6365],[153.7611,-21.6362]]],[[[39.6939,-21.4994],[39.6939,-21.4952],[39.6974,-21.498],[39.6939,-21.4994]]],[[[39.7338,-21.4483],[39.7345,-21.4461],[39.7362,-21.4482],[39.7338,-21.4483]]],[[[39.7283,-21.4446],[39.7291,-21.4419],[39.7311,-21.4442],[39.7283,-21.4446]]],[[[155.7306,-21.2848],[155.7306,-21.2833],[155.7328,-21.2844],[155.7306,-21.2848]]],[[[155.7979,-21.2734],[155.7991,-21.2706],[155.801,-21.2723],[155.7979,-21.2734]]],[[[148.5163,-17.8661],[148.5157,-17.8682],[148.5142,-17.8662],[148.5163,-17.8661]]],[[[148.4407,-17.7359],[148.4395,-17.7341],[148.4434,-17.7321],[148.4407,-17.7359]]],[[[148.4291,-17.656],[148.4304,-17.6542],[148.4316,-17.6554],[148.4291,-17.656]]],[[[149.9201,-16.9635],[149.9196,-16.9656],[149.918,-16.9636],[149.9201,-16.9635]]],[[[149.9998,-16.9361],[149.9995,-16.9395],[149.9963,-16.9367],[149.9998,-16.9361]]],[[[147.882,-16.4801],[147.8814,-16.4823],[147.8799,-16.4802],[147.882,-16.4801]]],[[[150.0008,-16.2308],[149.9998,-16.2321],[149.9986,-16.2305],[150.0008,-16.2308]]],[[[150.009,-16.1344],[150.0073,-16.1367],[149.9983,-16.1353],[150.009,-16.1344]]],[[[149.9917,-16.1339],[149.9917,-16.133],[149.9968,-16.1339],[149.9917,-16.1339]]],[[[54.5145,-15.8896],[54.5209,-15.8852],[54.5213,-15.8941],[54.5145,-15.8896]]],[[[123.597,-12.4283],[123.5977,-12.4386],[123.5756,-12.4368],[123.597,-12.4283]]],[[[47.2879,-11.5655],[47.2996,-11.5506],[47.3064,-11.5699],[47.2879,-11.5655]]],[[[-162.0609,5.8872],[-162.0731,5.8694],[-162.1036,5.8886],[-162.0609,5.8872]]],[[[-79.1326,8.9569],[-79.1231,8.9515],[-79.127,8.9433],[-79.1326,8.9569]]],[[[-63.252,18.273],[-63.2626,18.282],[-63.236,18.283],[-63.252,18.273]]],[[[52.0047,24.2528],[52.0254,24.2457],[52.0079,24.2108],[52.0047,24.2528]]],[[[51.7241,24.6074],[51.7302,24.5652],[51.7128,24.5926],[51.7241,24.6074]]],[[[53.0608,24.8935],[53.0794,24.891],[53.0794,24.8535],[53.0608,24.8935]]],[[[54.2111,25.2494],[54.2398,25.2086],[54.1979,25.232],[54.2111,25.2494]]],[[[123.6063,25.739],[123.6004,25.7394],[123.6028,25.7455],[123.6063,25.739]]],[[[123.5942,25.7528],[123.593,25.7444],[123.5886,25.7515],[123.5942,25.7528]]],[[[123.5599,25.7568],[123.5582,25.7543],[123.5556,25.7576],[123.5599,25.7568]]],[[[123.5453,25.7618],[123.5115,25.7581],[123.5314,25.7733],[123.5453,25.7618]]],[[[123.6205,25.7745],[123.6205,25.7736],[123.618,25.7745],[123.6205,25.7745]]],[[[123.5953,25.8019],[123.5955,25.7973],[123.5924,25.7974],[123.5953,25.8019]]],[[[124.5689,25.8962],[124.5653,25.8957],[124.5668,25.8984],[124.5689,25.8962]]],[[[123.673,25.9287],[123.672,25.9275],[123.6717,25.9298],[123.673,25.9287]]],[[[123.6759,25.9182],[123.6792,25.9308],[123.6858,25.9228],[123.6759,25.9182]]],[[[-4.8104,54.0598],[-4.8122,54.0404],[-4.8306,54.0496],[-4.8104,54.0598]]],[[[-80.1466,69.4005],[-80.071,69.3836],[-80.1313,69.3625],[-80.1466,69.4005]]],[[[153.4886,-21.8475],[153.4881,-21.8497],[153.4866,-21.8477],[153.4886,-21.8475]]],[[[149.9766,-16.2933],[149.9761,-16.2963],[149.9745,-16.2955],[149.9766,-16.2933]]]]}},{"type":"Feature","properties":{},"geometry":{"type":"MultiPolygon","coordinates":[[[[134.7074,-6.589],[134.6694,-6.7729],[134.6283,-6.7094],[134.7074,-6.589]]],[[[134.8406,-6.2877],[134.8882,-6.3141],[134.8263,-6.4732],[134.8406,-6.2877]]],[[[124.0652,-5.9625],[124.0413,-6.0208],[123.9792,-5.8699],[124.0652,-5.9625]]],[[[123.5397,-5.2455],[123.6238,-5.2665],[123.6338,-5.3669],[123.5397,-5.2455]]],[[[127.6155,-3.3074],[127.6245,-3.3617],[127.4805,-3.2934],[127.6155,-3.3074]]],[[[127.9541,-2.9167],[127.9473,-3.0185],[127.827,-3.029],[127.9541,-2.9167]]],[[[-78.9017,1.3742],[-78.9569,1.2363],[-78.9954,1.2868],[-78.9017,1.3742]]],[[[-78.1314,2.6273],[-78.1344,2.5044],[-78.2167,2.6702],[-78.1314,2.6273]]],[[[-79.0941,8.3085],[-79.0657,8.2608],[-79.1227,8.209],[-79.0941,8.3085]]],[[[125.9902,9.6857],[125.947,9.5662],[125.9348,9.7599],[125.9902,9.6857]]],[[[107.172,10.4646],[107.2112,10.4256],[107.0872,10.3232],[107.172,10.4646]]],[[[124.3797,10.6913],[124.3784,10.6283],[124.2844,10.6038],[124.3797,10.6913]]],[[[103.2971,10.731],[103.2774,10.6727],[103.1985,10.7624],[103.2971,10.731]]],[[[-72.9996,21.4517],[-72.9915,21.562],[-72.9104,21.5049],[-72.9996,21.4517]]],[[[112.6454,21.7128],[112.6504,21.6404],[112.5254,21.5989],[112.6454,21.7128]]],[[[-72.022,21.9046],[-71.911,21.9484],[-71.8574,21.8432],[-72.022,21.9046]]],[[[-73.4687,22.5877],[-73.5589,22.6117],[-73.5012,22.6109],[-73.4687,22.5877]]],[[[113.5935,22.7848],[113.3962,22.8981],[113.4756,22.9007],[113.5935,22.7848]]],[[[34.5851,27.9551],[34.5181,27.9304],[34.4895,27.996],[34.5851,27.9551]]],[[[129.7832,31.7996],[129.7293,31.6442],[129.6594,31.6419],[129.7832,31.7996]]],[[[-114.7861,31.803],[-114.6527,31.6898],[-114.7626,31.7156],[-114.7861,31.803]]],[[[124.9267,39.6048],[124.9336,39.5505],[124.8186,39.4954],[124.9267,39.6048]]],[[[-56.151,46.7936],[-56.1681,46.7573],[-56.2403,46.7657],[-56.151,46.7936]]],[[[-55.5104,50.8051],[-55.5236,50.721],[-55.6427,50.7233],[-55.5104,50.8051]]],[[[-55.3527,51.8845],[-55.4185,51.9186],[-55.2701,52.0056],[-55.3527,51.8845]]],[[[-145.1744,60.3824],[-145.1233,60.3118],[-145.2843,60.3339],[-145.1744,60.3824]]],[[[-151.8698,60.4854],[-152.0897,60.3591],[-151.9532,60.5085],[-151.8698,60.4854]]],[[[-148.0874,60.8001],[-148.1078,60.923],[-147.9123,60.8254],[-148.0874,60.8001]]],[[[-108.9107,67.92],[-108.9411,67.8759],[-109.1981,67.9951],[-108.9107,67.92]]],[[[-109.3557,68.0572],[-109.3424,67.9812],[-109.5475,68.0572],[-109.3557,68.0572]]],[[[96.8967,76.2565],[97.0413,76.2391],[96.716,76.2087],[96.854,76.3557],[97.0755,76.308],[96.7874,76.2124],[96.8967,76.2565]]],[[[95.2661,76.6711],[94.8176,76.654],[95.1221,76.7189],[95.2661,76.6711]]],[[[92.3054,79.453],[92.4706,79.4326],[91.7847,79.4195],[92.3054,79.453]]],[[[91.3722,79.4855],[91.5313,79.4493],[90.7938,79.5635],[91.3722,79.4855]]],[[[100.2,79.6789],[100.3098,79.666],[99.9058,79.6038],[100.2,79.6789]]],[[[173.0383,1.3411],[173.1532,1.3865],[173.1717,1.3742],[173.0383,1.3411]]],[[[-82.123,9.3227],[-82.1388,9.2453],[-82.2118,9.3494],[-82.123,9.3227]]],[[[-82.3285,9.4121],[-82.2664,9.4394],[-82.246,9.3301],[-82.3285,9.4121]]],[[[-85.9115,16.462],[-85.817,16.4983],[-85.9471,16.4032],[-85.9115,16.462]]],[[[-62.1474,16.7443],[-62.2189,16.6887],[-62.202,16.8193],[-62.1474,16.7443]]],[[[-62.5992,17.2029],[-62.5476,17.1046],[-62.6122,17.1042],[-62.5992,17.2029]]],[[[-63.0176,18.1221],[-63.0306,18.0191],[-63.1468,18.0703],[-63.0176,18.1221]]],[[[-63.0074,18.273],[-63.0006,18.2274],[-63.1678,18.1693],[-63.0074,18.273]]],[[[-64.701,18.343],[-64.704,18.3033],[-64.8013,18.3283],[-64.701,18.343]]],[[[-64.8716,18.3146],[-65.0415,18.3537],[-64.95,18.3866],[-64.8716,18.3146]]],[[[-64.6351,18.4055],[-64.6417,18.4512],[-64.5168,18.4393],[-64.6351,18.4055]]],[[[-64.3806,18.4809],[-64.4433,18.4431],[-64.4154,18.5119],[-64.3806,18.4809]]],[[[-86.7006,21.1989],[-86.7396,21.2428],[-86.7416,21.2877],[-86.7006,21.1989]]],[[[-73.6662,23.0895],[-73.7974,23.0738],[-73.817,23.1038],[-73.6662,23.0895]]],[[[-81.7462,24.5761],[-81.732,24.5562],[-81.8146,24.5425],[-81.7462,24.5761]]],[[[-80.8004,24.8436],[-80.8022,24.8099],[-80.855,24.8033],[-80.8004,24.8436]]],[[[-82.1292,26.4611],[-82.0268,26.4475],[-82.2049,26.5505],[-82.1292,26.4611]]],[[[-82.1367,26.5847],[-82.1776,26.7013],[-82.082,26.4915],[-82.1367,26.5847]]],[[[-94.8143,29.3529],[-94.7244,29.3332],[-95.1165,29.089],[-94.8143,29.3529]]],[[[-84.7374,29.7365],[-84.9695,29.6118],[-85.0973,29.6273],[-84.7374,29.7365]]],[[[-88.8724,30.0587],[-88.8109,29.9152],[-88.8546,29.7692],[-88.8724,30.0587]]],[[[-89.1883,30.0797],[-89.3453,30.0661],[-89.1808,30.1685],[-89.1883,30.0797]]],[[[-88.6431,30.2405],[-88.5379,30.2244],[-88.7563,30.2504],[-88.6431,30.2405]]],[[[-88.0711,30.2504],[-88.3113,30.2368],[-88.109,30.2761],[-88.0711,30.2504]]],[[[-81.4787,30.806],[-81.4173,30.9704],[-81.4542,30.7348],[-81.4787,30.806]]],[[[-118.3588,32.8278],[-118.4992,32.8506],[-118.6072,33.0309],[-118.3588,32.8278]]],[[[-119.4886,33.2672],[-119.4954,33.2173],[-119.5789,33.2761],[-119.4886,33.2672]]],[[[-118.5157,33.423],[-118.6039,33.4766],[-118.3043,33.309],[-118.5157,33.423]]],[[[-120.0441,34.0373],[-119.9688,33.9411],[-120.1099,33.8931],[-120.2485,34.0011],[-120.0441,34.0373]]],[[[-120.3446,34.0465],[-120.4492,34.0359],[-120.3691,34.0762],[-120.3446,34.0465]]],[[[-119.5294,34.0252],[-119.8172,33.9593],[-119.933,34.0602],[-119.5294,34.0252]]],[[[-76.5653,34.671],[-76.5517,34.6369],[-76.6548,34.6915],[-76.5653,34.671]]],[[[-76.2563,34.9136],[-76.5306,34.5891],[-76.4078,34.7944],[-76.2563,34.9136]]],[[[-75.99,35.1234],[-75.7703,35.1979],[-76.0173,35.075],[-75.99,35.1234]]],[[[-75.7157,35.9248],[-75.661,35.9248],[-75.6254,35.8301],[-75.7157,35.9248]]],[[[-74.1329,39.7147],[-74.1058,39.7292],[-74.2564,39.5222],[-74.1329,39.7147]]],[[[-71.3578,41.5582],[-71.3988,41.4619],[-71.3927,41.5427],[-71.3578,41.5582]]],[[[-71.2855,41.5817],[-71.2206,41.6605],[-71.3546,41.4583],[-71.2855,41.5817]]],[[[-122.4351,47.4257],[-122.5273,47.3463],[-122.489,47.4827],[-122.4351,47.4257]]],[[[-122.4969,47.6071],[-122.5779,47.6015],[-122.5578,47.7138],[-122.4969,47.6071]]],[[[-122.8619,48.4893],[-122.8277,48.4174],[-122.9376,48.4583],[-122.8619,48.4893]]],[[[-123.6539,49.0337],[-123.687,49.1085],[-123.3171,48.8698],[-123.6539,49.0337]]],[[[-93.0255,61.9167],[-93.0589,61.8299],[-93.2247,61.9064],[-93.0255,61.9167]]],[[[-64.0864,63.335],[-64.2792,63.3411],[-64.4979,63.6168],[-64.3549,63.6688],[-64.0864,63.335]]],[[[-83.2738,66.3093],[-82.9044,66.2684],[-83.0776,66.1978],[-83.2738,66.3093]]],[[[-91.4631,69.7771],[-91.7375,69.7976],[-91.4085,69.8795],[-91.4631,69.7771]]],[[[-71.508,71.0173],[-71.3435,71.0076],[-72.0021,70.8119],[-72.228,70.9217],[-71.8597,71.0786],[-71.508,71.0173]]],[[[-108.0876,73.5906],[-107.5799,73.6005],[-107.994,73.5466],[-108.0876,73.5906]]],[[[-120.998,75.9306],[-120.8683,75.9169],[-120.9911,75.763],[-121.2934,75.76],[-120.998,75.9306]]],[[[-85.1622,77.4587],[-85.5424,77.5407],[-84.8162,77.4997],[-85.1622,77.4587]]],[[[-95.8524,80.6528],[-96.1505,80.6658],[-94.9713,80.6391],[-95.8524,80.6528]]],[[[-14.3563,-7.8847],[-14.2948,-7.9455],[-14.4064,-7.9739],[-14.3563,-7.8847]]],[[[-15.9464,11.2003],[-15.8776,11.0736],[-15.9782,11.0481],[-15.9464,11.2003]]],[[[-15.4735,11.6323],[-15.4717,11.5661],[-15.6303,11.529],[-15.4735,11.6323]]],[[[11.2658,34.7734],[11.297,34.7287],[11.1307,34.6633],[11.2658,34.7734]]],[[[14.2566,36.0756],[14.3342,36.0344],[14.1849,36.0346],[14.2566,36.0756]]],[[[25.3821,36.4796],[25.4651,36.3424],[25.3617,36.3568],[25.3821,36.4796]]],[[[27.8699,36.5895],[27.76,36.5759],[27.842,36.6447],[27.8699,36.5895]]],[[[25.273,36.7199],[25.307,36.795],[25.4094,36.7124],[25.273,36.7199]]],[[[11.9995,36.8359],[12.0306,36.7414],[11.925,36.812],[11.9995,36.8359]]],[[[24.7044,37.0351],[24.7106,36.9042],[24.6423,37.0277],[24.7044,37.0351]]],[[[26.9116,36.9458],[26.8898,37.0898],[27.0443,36.9962],[26.9116,36.9458]]],[[[24.4437,37.1785],[24.5205,37.2039],[24.5324,37.1301],[24.4437,37.1785]]],[[[24.3679,37.4119],[24.4827,37.4124],[24.3679,37.3095],[24.3679,37.4119]]],[[[24.9434,37.4355],[24.8818,37.3635],[24.8954,37.5104],[24.9434,37.4355]]],[[[23.4084,37.8986],[23.4295,37.9879],[23.5735,37.9525],[23.4084,37.8986]]],[[[20.7158,38.392],[20.7058,38.3183],[20.6195,38.4814],[20.7158,38.392]]],[[[8.4559,39.0736],[8.4098,38.9618],[8.346,39.0977],[8.4559,39.0736]]],[[[23.6697,39.1181],[23.5872,39.2076],[23.7927,39.1244],[23.6697,39.1181]]],[[[23.9365,39.2213],[23.8335,39.1461],[23.9398,39.2798],[23.9365,39.2213]]],[[[13.9447,40.7016],[13.8491,40.7153],[13.8628,40.7624],[13.9447,40.7016]]],[[[8.2747,41.0573],[8.2096,40.9958],[8.3324,41.0646],[8.2747,41.0573]]],[[[17.6589,42.743],[17.7489,42.6946],[17.3237,42.7908],[17.6589,42.743]]],[[[15.3027,43.9664],[15.384,43.9702],[15.4461,43.8875],[15.3027,43.9664]]],[[[15.2544,44.0179],[15.0625,44.1619],[15.2258,44.0662],[15.2544,44.0179]]],[[[-2.5802,49.4936],[-2.542,49.4309],[-2.6735,49.4335],[-2.5802,49.4936]]],[[[-176.2647,51.81],[-176.3856,51.7371],[-176.423,51.851],[-176.2647,51.81]]],[[[-176.0115,51.8299],[-176.1487,51.7753],[-176.2237,51.8436],[-176.0115,51.8299]]],[[[4.8789,53.2209],[4.9865,53.29],[5.1048,53.3096],[4.8789,53.2209]]],[[[5.4236,53.4304],[5.5853,53.4536],[5.1677,53.3682],[5.4236,53.4304]]],[[[5.674,53.4679],[5.9546,53.4611],[5.679,53.4301],[5.674,53.4679]]],[[[6.2118,53.5089],[6.3387,53.502],[6.1333,53.4536],[6.2118,53.5089]]],[[[6.7981,53.6044],[6.7565,53.5629],[6.6595,53.5991],[6.7981,53.6044]]],[[[-166.137,53.8378],[-166.2126,53.7081],[-166.2978,53.7602],[-166.137,53.8378]]],[[[8.4976,54.7564],[8.5938,54.7217],[8.3945,54.7148],[8.4976,54.7564]]],[[[10.4502,54.8998],[10.3835,54.8308],[10.1892,54.9775],[10.4502,54.8998]]],[[[-159.3901,55.0234],[-159.4627,54.9482],[-159.4627,55.0643],[-159.3901,55.0234]]],[[[12.4172,55.0302],[12.5518,54.9572],[12.115,54.9073],[12.4172,55.0302]]],[[[-159.5242,55.0711],[-159.6592,55.0651],[-159.5336,55.251],[-159.5242,55.0711]]],[[[12.6157,55.6881],[12.6746,55.6013],[12.5563,55.5505],[12.6157,55.6881]]],[[[-6.8186,56.5378],[-6.8816,56.4443],[-6.9899,56.5036],[-6.8186,56.5378]]],[[[-6.4592,56.6781],[-6.6163,56.5752],[-6.7019,56.5856],[-6.4592,56.6781]]],[[[-7.394,57.0102],[-7.5568,56.9531],[-7.4492,57.0586],[-7.394,57.0102]]],[[[-6.3252,57.0586],[-6.276,56.9531],[-6.4555,57.004],[-6.3252,57.0586]]],[[[19.273,57.9765],[19.1296,57.8469],[19.0368,57.9052],[19.273,57.9765]]],[[[-2.953,58.84],[-2.9399,58.7307],[-3.0356,58.8201],[-2.953,58.84]]],[[[-2.4464,59.293],[-2.6926,59.1923],[-2.6116,59.293],[-2.4464,59.293]]],[[[-43.7067,59.9025],[-44.1183,59.8337],[-43.9613,59.9782],[-43.7067,59.9025]]],[[[21.4966,60.1353],[21.6543,60.1558],[21.6131,60.1021],[21.4966,60.1353]]],[[[-43.1717,60.0739],[-43.5764,60.0808],[-43.5901,59.923],[-44.1296,60.142],[-43.1717,60.0739]]],[[[21.7437,60.1906],[21.8877,60.1763],[21.7202,60.1137],[21.7437,60.1906]]],[[[19.6395,60.2209],[19.6711,60.1581],[19.527,60.1486],[19.6395,60.2209]]],[[[21.9976,60.3339],[21.7941,60.374],[21.8081,60.4667],[21.9976,60.3339]]],[[[4.9608,61.1774],[4.8032,61.0465],[4.8447,61.1973],[4.9608,61.1774]]],[[[4.8652,61.8894],[5.2228,61.8485],[4.9163,61.781],[4.8652,61.8894]]],[[[-6.5375,62.1911],[-6.5375,62.3698],[-6.3866,62.26],[-6.5375,62.1911]]],[[[7.6404,63.0551],[7.5265,62.946],[7.3665,62.9967],[7.6404,63.0551]]],[[[8.1133,63.2394],[8.1885,63.1575],[7.9284,63.1779],[8.1133,63.2394]]],[[[-41.147,63.2844],[-41.4148,63.2322],[-41.8633,63.4728],[-41.147,63.2844]]],[[[-40.671,64.2194],[-41.062,64.2338],[-40.8271,64.3138],[-40.671,64.2194]]],[[[12.0051,65.6896],[11.9168,65.59],[11.7593,65.6179],[12.0051,65.6896]]],[[[-37.454,65.7925],[-37.3131,65.6793],[-37.7379,65.5694],[-37.9873,65.7006],[-37.6932,65.9052],[-37.2721,65.7612],[-37.454,65.7925]]],[[[16.4229,68.4919],[16.0949,68.3975],[16.2217,68.5237],[16.4229,68.4919]]],[[[17.0529,68.8175],[17.1457,68.7703],[16.8167,68.7356],[17.0529,68.8175]]],[[[16.5662,68.9683],[16.4762,68.8858],[16.2617,68.9683],[16.5662,68.9683]]],[[[-54.719,70.3798],[-54.9265,70.3747],[-55.0275,70.4863],[-54.719,70.3798]]],[[[24.0731,70.9626],[24.2451,70.9558],[23.8858,70.9962],[24.2246,70.9968],[24.0731,70.9626]]],[[[-52.4849,71.2643],[-52.9574,71.1544],[-53.1775,71.3276],[-52.3275,71.2984],[-52.4849,71.2643]]],[[[-53.2939,71.5386],[-53.4783,71.6553],[-52.7595,71.6615],[-53.2939,71.5386]]],[[[-55.6869,71.9172],[-55.411,71.8942],[-55.8083,71.8813],[-55.6869,71.9172]]],[[[-55.6097,73.036],[-55.0685,72.9569],[-55.525,72.9532],[-55.6097,73.036]]],[[[-56.1271,73.8271],[-56.7748,73.8823],[-55.9546,73.833],[-56.1271,73.8271]]],[[[-56.5182,74.4948],[-57.5562,74.498],[-56.7129,74.5607],[-56.5182,74.4948]]],[[[-69.4967,76.5923],[-69.6777,76.5338],[-70.0345,76.5681],[-69.4967,76.5923]]],[[[-70.3566,77.4178],[-70.055,77.4041],[-71.3026,77.4525],[-70.3566,77.4178]]],[[[-53.2748,82.1723],[-53.245,82.2991],[-52.7868,82.3175],[-51.1898,81.9953],[-53.2748,82.1723]]],[[[-47.8522,82.7836],[-48.4128,82.8528],[-47.442,82.811],[-47.8522,82.7836]]],[[[103.8018,0.8527],[103.8323,0.7654],[103.7305,0.8476],[103.8018,0.8527]]],[[[108.8425,2.9736],[108.8425,2.8464],[108.7752,2.8951],[108.8425,2.9736]]],[[[99.0349,7.6443],[99.0999,7.4672],[99.0313,7.5619],[99.0349,7.6443]]],[[[98.5405,8.1049],[98.6024,8.0635],[98.6035,7.9038],[98.5405,8.1049]]],[[[73.0772,8.3153],[73.0661,8.2705],[73.0241,8.2554],[73.0772,8.3153]]],[[[93.1345,8.2402],[93.0658,8.2681],[93.0838,8.3559],[93.1345,8.2402]]],[[[106.6626,8.7398],[106.5784,8.6555],[106.571,8.706],[106.6626,8.7398]]],[[[79.7141,9.0756],[79.8416,9.0772],[79.9097,8.9732],[79.7141,9.0756]]],[[[98.2957,9.1452],[98.323,9.0762],[98.2542,9.0368],[98.2957,9.1452]]],[[[92.8114,9.2312],[92.832,9.145],[92.7312,9.1308],[92.8114,9.2312]]],[[[79.8958,9.6175],[79.8823,9.7609],[79.9779,9.6243],[79.8958,9.6175]]],[[[100.0354,9.7956],[100.0901,9.6653],[99.9876,9.7199],[100.0354,9.7956]]],[[[98.5285,10.9743],[98.4771,10.9737],[98.5247,11.0867],[98.5285,10.9743]]],[[[103.0371,11.3579],[103.0076,11.2551],[102.9815,11.4047],[103.0371,11.3579]]],[[[92.6765,11.4125],[92.5935,11.3784],[92.6356,11.508],[92.6765,11.4125]]],[[[102.5641,11.708],[102.5983,11.5634],[102.53,11.6049],[102.5641,11.708]]],[[[98.0554,11.7011],[98.0117,11.7047],[98.0139,11.865],[98.0554,11.7011]]],[[[93.0425,11.9612],[92.947,11.9897],[93.0147,12.0372],[93.0425,11.9612]]],[[[92.7331,12.9725],[92.6828,12.7973],[92.6828,12.9617],[92.7331,12.9725]]],[[[94.828,15.932],[94.8037,15.7966],[94.7249,15.812],[94.828,15.932]]],[[[106.8401,20.8799],[106.8735,20.7895],[106.7707,20.8586],[106.8401,20.8799]]],[[[107.5327,21.0202],[107.5117,20.924],[107.395,20.8973],[107.5327,21.0202]]],[[[91.8877,21.8662],[91.8325,21.7258],[91.8362,21.8941],[91.8877,21.8662]]],[[[90.6673,22.953],[90.5081,22.9758],[90.5862,23.0349],[90.6673,22.953]]],[[[118.0925,24.5562],[118.1814,24.5351],[118.1365,24.4293],[118.0925,24.5562]]],[[[142.1932,26.6461],[142.1599,26.632],[142.1113,26.7212],[142.1932,26.6461]]],[[[129.2966,28.1196],[129.2214,28.0991],[129.1808,28.1903],[129.2966,28.1196]]],[[[122.1432,29.7334],[122.1629,29.6545],[122.0329,29.7309],[122.1432,29.7334]]],[[[122.3952,29.8836],[122.3255,29.9539],[122.4067,29.9527],[122.3952,29.8836]]],[[[139.791,33.1353],[139.8775,33.0876],[139.8358,33.0398],[139.791,33.1353]]],[[[132.5552,34.0714],[132.4553,34.0881],[132.5193,34.1744],[132.5552,34.0714]]],[[[127.7821,34.6846],[127.7979,34.5797],[127.7358,34.6252],[127.7821,34.6846]]],[[[139.4182,34.7808],[139.4538,34.6789],[139.3512,34.72],[139.4182,34.7808]]],[[[128.7485,34.869],[128.584,34.7051],[128.4885,34.869],[128.7029,35.0329],[128.7485,34.869]]],[[[130.9036,37.5458],[130.8967,37.4631],[130.811,37.487],[130.9036,37.5458]]],[[[124.7327,37.9805],[124.6849,37.92],[124.6136,37.9451],[124.7327,37.9805]]],[[[153.0213,47.7996],[153.0688,47.7433],[152.9783,47.6843],[153.0213,47.7996]]],[[[178.5339,51.9875],[178.6043,51.9377],[178.5168,51.8962],[178.5339,51.9875]]],[[[-160.3254,55.3585],[-160.3363,55.2487],[-160.5315,55.325],[-160.3254,55.3585]]],[[[18.4854,59.0976],[18.4136,59.0117],[18.3444,59.0257],[18.4854,59.0976]]],[[[18.6566,59.5067],[18.5564,59.4223],[18.5105,59.4831],[18.6566,59.5067]]],[[[20.6101,60.045],[20.5008,60.0127],[20.5449,60.0561],[20.6101,60.045]]],[[[20.4241,60.0552],[20.451,60.0401],[20.3901,60.0282],[20.4241,60.0552]]],[[[20.5212,60.048],[20.4697,60.0574],[20.5334,60.0736],[20.5212,60.048]]],[[[42.6458,66.7423],[42.6437,66.6661],[42.4265,66.752],[42.6458,66.7423]]],[[[19.8133,70.0026],[19.7206,69.8647],[19.4343,69.8405],[19.8133,70.0026]]],[[[160.7235,70.8384],[160.5041,70.805],[160.408,70.9143],[160.7235,70.8384]]],[[[76.6951,73.1862],[76.6326,73.1313],[76.1333,73.2083],[76.6951,73.1862]]],[[[124.5859,73.9158],[124.5142,73.8414],[124.2879,73.8809],[124.5859,73.9158]]],[[[82.568,74.1629],[82.74,74.1014],[82.3176,74.1168],[82.568,74.1629]]],[[[116.0983,74.3547],[116.053,74.2852],[115.8858,74.3236],[116.0983,74.3547]]],[[[84.8709,74.5056],[84.7328,74.3957],[84.3866,74.4577],[84.8709,74.5056]]],[[[85.2271,74.7451],[85.0967,74.7556],[85.7062,74.7314],[85.2271,74.7451]]],[[[83.2795,75.9563],[82.8623,75.9172],[82.259,75.9722],[83.2795,75.9563]]],[[[96.472,76.6916],[95.8899,76.6164],[96.2324,76.7121],[96.472,76.6916]]],[[[97.4763,76.6503],[97.5962,76.6022],[97.2883,76.6916],[97.4763,76.6503]]],[[[107.7451,77.329],[107.2048,77.2343],[107.3954,77.3603],[107.7451,77.329]]],[[[106.8612,77.4457],[106.5247,77.3904],[106.7303,77.4704],[106.8612,77.4457]]],[[[20.0579,79.3773],[20.178,79.3534],[19.6265,79.3916],[20.0579,79.3773]]],[[[18.2964,80.2761],[18.1188,80.2897],[18.7556,80.3027],[18.2964,80.2761]]],[[[50.4766,81.07],[50.3474,81.091],[50.9768,81.1059],[50.3743,81.0228],[50.4766,81.07]]],[[[158.8934,-54.5108],[158.9556,-54.5512],[158.8382,-54.7504],[158.8934,-54.5108]]],[[[169.2504,-52.5203],[169.1953,-52.6003],[169.0154,-52.5427],[169.2504,-52.5203]]],[[[-176.1453,-44.2481],[-176.219,-44.3412],[-176.2361,-44.242],[-176.1453,-44.2481]]],[[[148.114,-40.5242],[148.2511,-40.4894],[148.1942,-40.5963],[148.114,-40.5242]]],[[[144.7909,-40.4212],[144.7424,-40.5925],[144.7083,-40.4894],[144.7909,-40.4212]]],[[[145.3352,-38.5095],[145.3526,-38.571],[145.113,-38.5305],[145.3352,-38.5095]]],[[[-128.3302,-24.3243],[-128.3001,-24.4137],[-128.3422,-24.3718],[-128.3302,-24.3243]]],[[[150.5366,-22.2753],[150.4823,-22.345],[150.4784,-22.2162],[150.5366,-22.2753]]],[[[149.9165,-22.0419],[149.8885,-22.2268],[149.8694,-22.1423],[149.9165,-22.0419]]],[[[149.0674,-20.3152],[148.927,-20.2873],[148.9849,-20.1515],[149.0674,-20.3152]]],[[[148.9575,-20.1438],[148.8818,-20.1376],[148.9637,-20.0416],[148.9575,-20.1438]]],[[[-178.5886,-19.1228],[-178.537,-19.1772],[-178.5538,-19.1091],[-178.5886,-19.1228]]],[[[-179.8631,-18.9658],[-179.7872,-18.9553],[-179.8583,-19.006],[-179.8631,-18.9658]]],[[[-178.7667,-18.1913],[-178.7633,-18.2459],[-178.8454,-18.2174],[-178.7667,-18.1913]]],[[[-179.0503,-17.956],[-179.0279,-18.003],[-179.0693,-17.9893],[-179.0503,-17.956]]],[[[-178.2932,-17.8827],[-178.2486,-17.9526],[-178.3523,-17.9457],[-178.2932,-17.8827]]],[[[-140.6788,-17.7804],[-140.837,-17.8547],[-140.6247,-17.6873],[-140.6788,-17.7804]]],[[[-178.9647,-17.1769],[-178.9107,-17.2145],[-178.9858,-17.3136],[-178.9647,-17.1769]]],[[[-151.4582,-16.629],[-151.4632,-16.6741],[-151.5361,-16.5949],[-151.4582,-16.629]]],[[[136.8957,-15.5875],[136.8373,-15.5993],[136.8833,-15.4981],[136.8957,-15.5875]]],[[[-178.1423,-14.2436],[-178.0467,-14.3194],[-178.1566,-14.3051],[-178.1423,-14.2436]]],[[[-151.8077,-11.3859],[-151.781,-11.4547],[-151.8009,-11.4611],[-151.8077,-11.3859]]],[[[150.8755,-10.5363],[150.8919,-10.6471],[150.7935,-10.6399],[150.8755,-10.5363]]],[[[-138.6988,-10.4264],[-138.6367,-10.4406],[-138.637,-10.5422],[-138.6988,-10.4264]]],[[[142.1901,-10.081],[142.1429,-10.1856],[142.097,-10.1186],[142.1901,-10.081]]],[[[-139.0824,-9.8995],[-139.1308,-10.0149],[-139.1444,-9.9404],[-139.0824,-9.8995]]],[[[-140.0767,-9.3234],[-140.0928,-9.4475],[-140.1586,-9.3718],[-140.0767,-9.3234]]],[[[-139.5144,-8.884],[-139.6168,-8.9542],[-139.5969,-8.858],[-139.5144,-8.884]]],[[[158.2288,-8.7747],[158.1537,-8.7966],[158.2083,-8.6791],[158.2288,-8.7747]]],[[[179.1913,-8.5421],[179.1994,-8.4606],[179.2175,-8.5206],[179.1913,-8.5421]]],[[[178.3805,-8.07],[178.3755,-8.0561],[178.3906,-8.0265],[178.3805,-8.07]]],[[[-155.8993,-5.6168],[-155.8598,-5.6251],[-155.9064,-5.6353],[-155.8993,-5.6168]]],[[[-155.0117,-4.0471],[-154.9403,-4.032],[-154.9534,-4.0948],[-155.0117,-4.0471]]],[[[107.395,-2.8689],[107.5047,-2.8547],[107.4101,-2.9476],[107.395,-2.8689]]],[[[152.0132,-2.8068],[151.9158,-2.8443],[151.913,-2.7054],[152.0132,-2.8068]]],[[[147.8267,-2.2376],[147.8582,-2.3245],[147.7305,-2.3264],[147.8267,-2.2376]]],[[[134.385,-2.0036],[134.4263,-2.0397],[134.3599,-2.1533],[134.385,-2.0036]]],[[[123.8574,-1.9504],[123.7942,-1.9921],[123.7874,-1.874],[123.8574,-1.9504]]],[[[123.1328,-1.7653],[123.1528,-1.8238],[123.0728,-1.9016],[123.1328,-1.7653]]],[[[174.7651,-1.2029],[174.7559,-1.2575],[174.7166,-1.1347],[174.7651,-1.2029]]],[[[174.4766,-0.7096],[174.4984,-0.7892],[174.4834,-0.8194],[174.4766,-0.7096]]],[[[174.4387,-0.6276],[174.4372,-0.6408],[174.3809,-0.5929],[174.4387,-0.6276]]],[[[166.9388,-0.4904],[166.9388,-0.5519],[166.907,-0.5248],[166.9388,-0.4904]]],[[[127.46,-0.0038],[127.3986,0.0031],[127.4089,0.147],[127.46,-0.0038]]],[[[127.3787,0.623],[127.4185,0.7571],[127.4463,0.6672],[127.3787,0.623]]],[[[127.3711,0.7845],[127.3128,0.7571],[127.2888,0.8369],[127.3711,0.7845]]],[[[173.0759,0.9659],[172.991,0.8344],[172.99,1.0241],[173.0759,0.9659]]],[[[173.0361,1.7772],[173.0293,1.7163],[172.9932,1.7121],[173.0361,1.7772]]],[[[172.9803,1.882],[172.9385,1.9232],[172.9347,1.9427],[172.9803,1.882]]],[[[125.4436,2.793],[125.3926,2.6289],[125.3601,2.7533],[125.4436,2.793]]],[[[172.7503,3.032],[172.887,3.0729],[172.7703,3.0115],[172.7503,3.032]]],[[[172.9621,3.1418],[172.9694,3.1282],[172.887,3.1002],[172.9621,3.1418]]],[[[126.744,3.8534],[126.8561,3.7582],[126.8115,3.7319],[126.744,3.8534]]],[[[-159.2845,3.8748],[-159.3087,3.7847],[-159.41,3.862],[-159.2845,3.8748]]],[[[163.0261,5.3409],[163.0192,5.2727],[162.9162,5.2869],[163.0261,5.3409]]],[[[169.5903,5.8009],[169.6555,5.9429],[169.7345,6.0131],[169.5903,5.8009]]],[[[171.7567,6.9721],[171.6139,7.0061],[171.5773,7.0472],[171.7567,6.9721]]],[[[171.3936,7.1099],[171.2352,7.0677],[171.0357,7.1551],[171.3936,7.1099]]],[[[168.7578,7.3079],[168.6751,7.3209],[168.6792,7.3352],[168.7578,7.3079]]],[[[151.5886,7.3836],[151.6445,7.3361],[151.5681,7.3427],[151.5886,7.3836]]],[[[151.8767,7.4587],[151.9177,7.4587],[151.8562,7.4246],[151.8767,7.4587]]],[[[166.9041,11.1729],[166.8753,11.145],[166.8358,11.1592],[166.9041,11.1729]]],[[[122.2796,12.6055],[122.2796,12.4745],[122.2456,12.5707],[122.2796,12.6055]]],[[[121.2109,19.1767],[121.245,19.0185],[121.1903,19.0873],[121.2109,19.1767]]],[[[122.0098,20.4885],[121.9712,20.3685],[121.9221,20.3542],[122.0098,20.4885]]],[[[121.8772,20.7703],[121.7864,20.7031],[121.8459,20.8314],[121.8772,20.7703]]],[[[-79.95,53.3518],[-79.9471,53.2659],[-80.086,53.3304],[-79.95,53.3518]]],[[[-79.5937,56.7712],[-79.4833,56.7394],[-79.5649,56.6206],[-79.5937,56.7712]]],[[[-79.793,57.4285],[-79.851,57.4865],[-79.7372,57.622],[-79.793,57.4285]]],[[[-80.225,59.7313],[-80.1561,59.6828],[-80.3422,59.6196],[-80.225,59.7313]]],[[[-23.4397,69.743],[-23.224,69.671],[-23.5934,69.715],[-23.4397,69.743]]],[[[-24.7999,72.916],[-24.9014,72.782],[-25.3207,72.847],[-24.7999,72.916]]],[[[-18.7352,74.6325],[-18.8234,74.5473],[-19.2218,74.5875],[-18.7352,74.6325]]],[[[-18.3715,74.7116],[-18.4826,74.6292],[-18.5912,74.7253],[-18.3715,74.7116]]],[[[-19.81,74.8909],[-20.1383,74.6993],[-20.6807,74.8209],[-20.5997,74.999],[-20.3391,75.0542],[-19.81,74.8909]]],[[[-19.318,77.8833],[-19.3085,77.8037],[-20.4899,77.9597],[-19.318,77.8833]]],[[[-20.3795,78.1361],[-20.8146,78.175],[-20.4676,78.2495],[-20.3795,78.1361]]],[[[-18.2349,78.6169],[-18.5098,78.5256],[-18.6527,78.5555],[-18.2349,78.6169]]],[[[-19.1244,78.7107],[-19.6107,78.77],[-19.048,78.9236],[-19.2132,78.7926],[-19.0418,78.779],[-19.2814,78.7659],[-19.0207,78.7454],[-19.1244,78.7107]]],[[[-17.5329,79.0322],[-17.965,78.9559],[-17.6055,79.1938],[-17.4059,79.1233],[-17.5329,79.0322]]],[[[-19.5229,80.0303],[-19.7041,80.0576],[-19.3499,80.2132],[-18.703,80.1265],[-19.5229,80.0303]]],[[[-17.7328,81.5956],[-18.2815,81.7185],[-17.3356,81.6086],[-17.7328,81.5956]]],[[[-49.2587,-77.8725],[-49.4508,-77.8631],[-48.7504,-77.7477],[-49.2587,-77.8725]]],[[[-89.8924,-72.8845],[-89.3307,-72.928],[-89.6891,-73.0906],[-90.3363,-72.9874],[-89.8924,-72.8845]]],[[[-93.7508,-72.8886],[-94.1282,-72.873],[-93.9829,-72.819],[-93.7508,-72.8886]]],[[[-93.3594,-72.5798],[-93.1106,-72.5598],[-93.2363,-72.6355],[-93.3594,-72.5798]]],[[[-59.4355,-65.2338],[-59.8415,-65.1274],[-59.7714,-65.0861],[-59.4355,-65.2338]]],[[[-61.9363,-63.9913],[-61.7843,-63.9695],[-62.064,-64.071],[-61.9363,-63.9913]]],[[[-61.9517,-63.3118],[-62.2775,-63.3523],[-62.2027,-63.2371],[-61.9517,-63.3118]]],[[[-60.4979,-62.9643],[-60.6188,-63.0165],[-60.747,-62.9406],[-60.4979,-62.9643]]],[[[-61.5073,-62.8136],[-61.4607,-62.7372],[-61.1989,-62.7277],[-61.5073,-62.8136]]],[[[-54.036,-61.2457],[-54.2274,-61.2701],[-54.0574,-61.127],[-54.036,-61.2457]]],[[[-26.2598,-58.4367],[-26.2462,-58.4987],[-26.4578,-58.4267],[-26.2598,-58.4367]]],[[[-66.4267,-55.1855],[-66.6431,-55.2643],[-66.5348,-55.1628],[-66.4267,-55.1855]]],[[[-69.9042,-54.9968],[-69.7283,-54.8645],[-69.1643,-54.9558],[-69.9042,-54.9968]]],[[[-59.6944,-52.2081],[-59.756,-52.2736],[-59.7921,-52.1305],[-59.6944,-52.2081]]],[[[-61.194,-51.8171],[-61.2175,-51.8621],[-61.3182,-51.8245],[-61.194,-51.8171]]],[[[-61.2704,-51.6804],[-61.194,-51.6935],[-61.2772,-51.7555],[-61.2704,-51.6804]]],[[[-59.8993,-51.3036],[-59.9613,-51.344],[-60.0228,-51.2962],[-59.8993,-51.3036]]],[[[-75.4481,-49.775],[-75.6349,-49.8279],[-75.5044,-49.557],[-75.1807,-49.9054],[-75.4481,-49.775]]],[[[-75.3284,-48.5522],[-75.5417,-48.7009],[-75.4407,-48.6105],[-75.6754,-48.5832],[-75.6064,-48.4392],[-75.3444,-48.4274],[-75.3284,-48.5522]]],[[[-75.2706,-48.0278],[-74.7883,-47.8123],[-74.7274,-48.1059],[-75.2706,-48.0278]]],[[[-74.7529,-45.8075],[-74.7808,-46.0115],[-75.0743,-46.0938],[-74.8591,-45.9987],[-75.1083,-45.8742],[-74.7529,-45.8075]]],[[[-75.0915,-44.7961],[-75.0313,-44.904],[-75.1524,-44.9212],[-75.0915,-44.7961]]],[[[-174.9147,-21.2922],[-174.9203,-21.4542],[-174.9836,-21.3909],[-174.9147,-21.2922]]],[[[-159.7978,-21.1861],[-159.7432,-21.2543],[-159.8463,-21.2338],[-159.7978,-21.1861]]],[[[-138.5349,-20.8769],[-138.5489,-20.78],[-138.5128,-20.8577],[-138.5349,-20.8769]]],[[[-136.3141,-18.5673],[-136.4786,-18.4719],[-136.3304,-18.5276],[-136.3141,-18.5673]]],[[[-140.6719,-18.4172],[-140.7818,-18.3352],[-140.6871,-18.3906],[-140.6719,-18.4172]]],[[[-136.9714,-18.3619],[-137.0676,-18.2663],[-137.0102,-18.3044],[-136.9714,-18.3619]]],[[[-140.8227,-18.2179],[-140.9736,-18.0602],[-140.9252,-18.0847],[-140.8227,-18.2179]]],[[[179.4519,-17.2903],[179.3909,-17.3963],[179.3713,-17.2599],[179.4519,-17.2903]]],[[[177.2721,-17.0808],[177.176,-17.1633],[177.2183,-17.0738],[177.2721,-17.0808]]],[[[-143.3862,-16.6699],[-143.5507,-16.6222],[-143.4406,-16.6208],[-143.3862,-16.6699]]],[[[-143.5712,-16.6358],[-143.6204,-16.632],[-143.7015,-16.5805],[-143.5712,-16.6358]]],[[[-145.4823,-16.3478],[-145.5531,-16.2521],[-145.6139,-16.0803],[-145.4823,-16.3478]]],[[[-142.5297,-16.1082],[-142.5098,-16.059],[-142.4813,-16.0188],[-142.5297,-16.1082]]],[[[-145.0577,-15.9021],[-145.1608,-15.7581],[-145.1175,-15.7807],[-145.0577,-15.9021]]],[[[-176.1555,-13.2089],[-176.1595,-13.3503],[-176.1996,-13.2906],[-176.1555,-13.2089]]],[[[177.1248,-12.4861],[177.0911,-12.5164],[177.0059,-12.4895],[177.1248,-12.4861]]],[[[114.3693,-7.0896],[114.3783,-7.1782],[114.2698,-7.0808],[114.3693,-7.0896]]],[[[-172.2228,-4.5063],[-172.1744,-4.5131],[-172.2034,-4.5322],[-172.2228,-4.5063]]],[[[153.6648,-4.0407],[153.6296,-4.13],[153.5899,-4.0881],[153.6648,-4.0407]]],[[[72.7891,11.2617],[72.7754,11.1866],[72.7704,11.2036],[72.7891,11.2617]]],[[[42.7192,13.7426],[42.7918,13.7507],[42.6885,13.6638],[42.7192,13.7426]]],[[[42.7603,14.0647],[42.7817,13.92],[42.6919,14.0132],[42.7603,14.0647]]],[[[145.2057,14.1814],[145.229,14.1199],[145.1193,14.1296],[145.2057,14.1814]]],[[[145.6473,15.0721],[145.6258,14.9153],[145.5785,15.0175],[145.6473,15.0721]]],[[[145.7095,16.3675],[145.6691,16.3392],[145.6282,16.3641],[145.7095,16.3675]]],[[[145.7711,18.1752],[145.8356,18.1283],[145.7195,18.0542],[145.7711,18.1752]]],[[[145.6616,18.7243],[145.6326,18.7869],[145.6883,18.8074],[145.6616,18.7243]]],[[[119.648,23.6035],[119.6685,23.5488],[119.5271,23.54],[119.648,23.6035]]],[[[119.4771,23.6035],[119.4917,23.571],[119.4424,23.5625],[119.4771,23.6035]]],[[[119.5726,23.6277],[119.5664,23.6792],[119.5962,23.6533],[119.5726,23.6277]]],[[[52.5745,24.3439],[52.6509,24.3249],[52.5922,24.2534],[52.5745,24.3439]]],[[[54.3826,24.4395],[54.3963,24.5227],[54.4706,24.425],[54.3826,24.4395]]],[[[-68.8481,44.0955],[-68.7746,44.0619],[-68.8693,44.0484],[-68.8481,44.0955]]],[[[-68.6421,44.26],[-68.6228,44.1713],[-68.7163,44.1673],[-68.6421,44.26]]],[[[-66.2316,44.3872],[-66.2045,44.3812],[-66.3277,44.2581],[-66.2316,44.3872]]],[[[-68.2448,44.4245],[-68.1765,44.3283],[-68.4141,44.2586],[-68.2448,44.4245]]],[[[-60.9141,45.5666],[-61.0035,45.4608],[-61.1117,45.5488],[-60.9141,45.5666]]],[[[150.8433,46.4482],[150.7801,46.4572],[150.8085,46.4864],[150.8433,46.4482]]],[[[-64.5458,47.9717],[-64.4724,47.9634],[-64.5904,47.9035],[-64.5458,47.9717]]],[[[-79.9059,56.8668],[-79.8174,56.8316],[-79.8881,56.7491],[-79.9059,56.8668]]],[[[61.9037,81.6049],[62.1963,81.5648],[61.654,81.6049],[61.9037,81.6049]]],[[[-169.0303,-83.1542],[-168.7873,-83.2138],[-171.9014,-82.8421],[-169.0303,-83.1542]]],[[[-163.0997,-79.7453],[-162.6874,-79.8149],[-163.4001,-79.7829],[-163.0997,-79.7453]]],[[[-148.7175,-76.7072],[-149.1485,-76.637],[-148.4679,-76.6772],[-148.7175,-76.7072]]],[[[-147.7298,-76.6545],[-148.0062,-76.5737],[-147.5598,-76.6629],[-147.7298,-76.6545]]],[[[162.9172,-75.5583],[162.8135,-75.6933],[162.5765,-75.6628],[162.9172,-75.5583]]],[[[-119.821,-74.1208],[-119.9296,-74.0846],[-119.6361,-74.0012],[-119.9036,-73.825],[-118.8708,-73.8857],[-119.821,-74.1208]]],[[[69.9245,-71.9089],[69.7874,-72.0554],[69.6828,-71.975],[69.9245,-71.9089]]],[[[85.2024,-66.568],[85.3425,-66.6047],[85.0549,-66.6062],[85.2024,-66.568]]],[[[100.3065,-66.1301],[100.2537,-66.2228],[100.0648,-66.2043],[100.3065,-66.1301]]],[[[174.6159,-21.7111],[174.594,-21.6687],[174.6266,-21.6765],[174.6159,-21.7111]]],[[[-178.7191,-20.671],[-178.725,-20.6423],[-178.7081,-20.6713],[-178.7191,-20.671]]],[[[-171.1907,-9.3564],[-171.2058,-9.331],[-171.1914,-9.3434],[-171.1907,-9.3564]]],[[[-172.4861,-8.5654],[-172.5026,-8.5432],[-172.4836,-8.5865],[-172.4861,-8.5654]]],[[[178.6828,-7.4915],[178.6652,-7.454],[178.6911,-7.4754],[178.6828,-7.4915]]],[[[-174.5064,-4.6891],[-174.5015,-4.6974],[-174.5216,-4.6839],[-174.5064,-4.6891]]],[[[-174.5293,-4.6827],[-174.5417,-4.6728],[-174.5401,-4.6721],[-174.5293,-4.6827]]],[[[-174.5008,-4.6911],[-174.5434,-4.6603],[-174.5244,-4.6645],[-174.5008,-4.6911]]],[[[-171.26,-4.4441],[-171.2301,-4.4605],[-171.2596,-4.4653],[-171.26,-4.4441]]],[[[-171.0936,-3.1314],[-171.0854,-3.1113],[-171.0873,-3.1432],[-171.0936,-3.1314]]],[[[169.5389,-0.8746],[169.5226,-0.8605],[169.5452,-0.8479],[169.5389,-0.8746]]],[[[131.1421,3.0473],[131.1921,3.0488],[131.1384,3.0189],[131.1421,3.0473]]],[[[73.5462,4.243],[73.5109,4.1621],[73.4312,4.1846],[73.5462,4.243]]],[[[-122.8682,47.2683],[-122.8739,47.1679],[-122.9219,47.2372],[-122.8682,47.2683]]],[[[40.1452,64.7343],[40.0348,64.7606],[40.3335,64.7724],[40.4067,64.6425],[40.1452,64.7343]]],[[[66.5593,70.5443],[66.3973,70.6303],[66.428,70.7995],[66.5593,70.5443]]],[[[152.8753,76.1514],[152.7734,76.0834],[152.5549,76.1393],[152.8753,76.1514]]],[[[58.8148,79.9167],[58.2483,79.9334],[58.6139,79.9794],[58.8148,79.9167]]],[[[54.4077,80.2848],[54.1781,80.1893],[54.1012,80.2729],[54.4077,80.2848]]],[[[55.4988,80.3168],[55.2349,80.2279],[54.9297,80.2596],[55.4988,80.3168]]],[[[54.8418,80.4313],[54.3904,80.3865],[54.6267,80.4772],[54.8418,80.4313]]],[[[54.8215,80.4648],[54.6224,80.5113],[55.073,80.4841],[54.8215,80.4648]]],[[[60.5628,81.2736],[60.4323,81.2444],[59.8406,81.2916],[60.5628,81.2736]]],[[[-90.6069,-68.8175],[-90.6123,-68.728],[-90.5117,-68.7526],[-90.6069,-68.8175]]],[[[-58.4156,-51.9941],[-58.4276,-52.1007],[-58.5467,-52.0256],[-58.4156,-51.9941]]],[[[-61.0556,-51.071],[-61.1258,-51.0652],[-61.1192,-51.0278],[-61.0556,-51.071]]],[[[180,-16.5413],[179.9844,-16.5302],[180,-16.4895],[180,-16.5413]]],[[[166.2525,-10.2649],[166.2373,-10.3111],[166.2385,-10.215],[166.2525,-10.2649]]],[[[134.7278,-6.5046],[134.6748,-6.5631],[134.6238,-6.4861],[134.7278,-6.5046]]],[[[98.5476,0.1593],[98.8517,0.1096],[98.5387,0.0903],[98.5476,0.1593]]],[[[101.3377,3.0518],[101.2681,2.9652],[101.3059,3.064],[101.3377,3.0518]]],[[[-60.9514,8.8278],[-60.686,8.789],[-61.1699,8.5953],[-60.9514,8.8278]]],[[[42.636,15.4455],[42.5684,15.2689],[42.5589,15.393],[42.636,15.4455]]],[[[40.0954,16.0473],[39.99,16.0177],[40.0505,16.1072],[40.0954,16.0473]]],[[[114.2156,22.2856],[114.2077,22.1896],[114.1126,22.2715],[114.2156,22.2856]]],[[[-80.6255,24.9362],[-80.6262,24.9241],[-80.6571,24.9011],[-80.6255,24.9362]]],[[[36.5443,25.7313],[36.5908,25.8605],[36.6111,25.7095],[36.5443,25.7313]]],[[[-88.9254,29.6831],[-88.9388,29.6733],[-88.8741,29.7475],[-88.9254,29.6831]]],[[[126.7639,34.3092],[126.689,34.3011],[126.6458,34.3856],[126.7639,34.3092]]],[[[118.6327,39.0746],[118.4803,38.9348],[118.4785,39.0429],[118.6327,39.0746]]],[[[52.6929,45.4597],[52.6771,45.397],[52.552,45.4783],[52.6929,45.4597]]],[[[47.9971,45.4678],[47.9177,45.5701],[47.957,45.6505],[47.9971,45.4678]]],[[[20.0337,60.0636],[20.1633,60.0878],[20.2252,60.0055],[20.0337,60.0636]]],[[[-166.0885,66.2562],[-166.0471,66.2548],[-166.1561,66.2263],[-166.0885,66.2562]]],[[[-165.8643,66.3169],[-165.814,66.3225],[-166.0104,66.2577],[-165.8643,66.3169]]],[[[166.9736,-45.1633],[167.0344,-45.3005],[166.8933,-45.2434],[166.9736,-45.1633]]],[[[-173.7334,-15.9397],[-173.7266,-15.963],[-173.7569,-15.9766],[-173.7334,-15.9397]]],[[[-177.9816,-14.3439],[-178.0242,-14.3786],[-178.0677,-14.3606],[-177.9816,-14.3439]]],[[[120.9098,13.6589],[120.8755,13.6348],[120.8264,13.6883],[120.9098,13.6589]]],[[[123.6638,13.9648],[123.6032,13.9166],[123.6026,13.9598],[123.6638,13.9648]]],[[[55.0487,25.8858],[55.0184,25.8596],[55.0121,25.8816],[55.0487,25.8858]]],[[[146.0921,43.4481],[146.0807,43.4162],[146.0265,43.4108],[146.0921,43.4481]]],[[[145.9347,43.4396],[145.896,43.4173],[145.865,43.4562],[145.9347,43.4396]]],[[[146.3524,43.6382],[146.3446,43.6191],[146.2697,43.6282],[146.3524,43.6382]]],[[[-66.7756,80.5986],[-66.9827,80.6716],[-66.588,80.6198],[-66.7756,80.5986]]]]}},{"type":"Feature","properties":{},"geometry":{"type":"MultiPolygon","coordinates":[[[[-80.0599,-2.6628],[-79.9072,-2.7324],[-80.2659,-3.0185],[-80.0599,-2.6628]]],[[[-90.192,-0.5383],[-90.3371,-0.777],[-90.5445,-0.6816],[-90.4606,-0.5138],[-90.192,-0.5383]]],[[[-50.9737,-0.2912],[-50.9473,-0.012],[-50.6553,-0.0238],[-50.9737,-0.2912]]],[[[-49.8323,-0.1031],[-49.4966,0.0856],[-49.3475,-0.0097],[-49.8323,-0.1031]]],[[[-90.8114,-0.7306],[-90.9287,-0.9703],[-91.4359,-0.9975],[-91.4659,-0.8079],[-91.0868,-0.5825],[-91.4233,-0.0286],[-91.6034,-0.0142],[-91.4973,0.1061],[-91.3236,0.1393],[-90.8114,-0.7306]]],[[[-50.6343,0.0713],[-50.4902,0.1594],[-50.4377,-0.0],[-50.6343,0.0713]]],[[[-50.0369,0.2997],[-49.5304,0.3538],[-49.8671,-0.0107],[-50.3451,0.0474],[-50.3778,0.2083],[-50.0369,0.2997]]],[[[-50.378,0.245],[-50.5168,0.2086],[-50.3667,0.6199],[-50.378,0.245]]],[[[-113.1382,29.0649],[-113.4961,29.2852],[-113.5711,29.54],[-113.1685,29.2761],[-113.1382,29.0649]]],[[[-129.743,53.2353],[-129.9394,53.1689],[-130.5153,53.6304],[-129.743,53.2353]]],[[[-132.6477,54.8179],[-132.7848,54.9277],[-132.6293,54.904],[-132.6477,54.8179]]],[[[-132.703,54.7012],[-133.1479,54.9544],[-133.1821,55.2356],[-132.703,54.7012]]],[[[-133.2914,55.2629],[-133.4499,55.2502],[-133.3181,55.3391],[-133.2914,55.2629]]],[[[-133.8847,56.4901],[-133.9491,56.0924],[-134.0523,56.3188],[-134.1901,56.1781],[-134.1294,55.9995],[-134.282,56.3628],[-134.0344,56.4859],[-134.3061,56.5651],[-134.0864,56.647],[-134.3576,56.6766],[-134.4057,56.8527],[-134.0127,56.8852],[-133.9938,56.6392],[-133.7172,56.7712],[-133.8847,56.4901]]],[[[-133.9127,57.0827],[-133.0524,56.9829],[-132.9339,56.6416],[-133.3464,56.8376],[-133.0791,56.5303],[-133.6212,56.4422],[-133.6793,56.8537],[-134.0182,57.0176],[-133.9127,57.0827]]],[[[-153.4184,58.066],[-153.2778,58.1468],[-152.8908,57.9977],[-153.4184,58.066]]],[[[-134.354,57.0927],[-134.6146,57.0102],[-134.6333,57.2242],[-134.457,57.3118],[-134.5563,57.3978],[-134.3061,57.3944],[-134.5692,57.492],[-134.354,57.5446],[-134.6536,57.5982],[-134.7313,58.1789],[-134.9076,58.2012],[-134.961,58.4049],[-134.6932,58.1684],[-134.177,58.1635],[-133.7893,57.5889],[-134.3068,58.0981],[-134.2892,57.8367],[-133.84,57.4626],[-134.0728,57.5111],[-133.865,57.3551],[-134.1759,57.3876],[-134.0848,57.2564],[-134.354,57.0927]]],[[[-151.966,58.3328],[-152.1168,58.1479],[-152.2766,58.2642],[-152.2739,58.1348],[-152.5482,58.0864],[-152.5767,58.2067],[-152.8049,57.9915],[-153.2296,58.1689],[-152.9051,58.1684],[-153.1099,58.2714],[-152.7673,58.2578],[-152.8834,58.4086],[-152.6506,58.4836],[-152.4197,58.3229],[-152.1168,58.4011],[-152.1435,58.2338],[-151.966,58.3328]]],[[[-147.1072,60.2862],[-146.9223,60.3135],[-147.4923,59.8618],[-147.9154,59.7927],[-147.1896,60.3622],[-147.0111,60.3476],[-147.1072,60.2862]]],[[[14.8724,68.2227],[14.7956,68.2462],[14.9401,68.3022],[14.8724,68.2227]]],[[[161.4871,69.0267],[161.4092,68.8933],[161.4556,69.001],[161.1348,69.0919],[161.0925,69.4648],[161.3745,69.5459],[161.3191,69.2427],[161.4871,69.0267]]],[[[161.6311,69.5611],[161.3607,69.414],[161.4751,69.638],[161.6311,69.5611]]],[[[71.3534,73.3852],[71.1375,73.2927],[71.2495,73.4179],[71.3534,73.3852]]],[[[-63.8468,11.1354],[-63.8981,10.885],[-64.4086,10.9675],[-63.8468,11.1354]]],[[[-60.8104,14.462],[-61.0696,14.4667],[-60.996,14.565],[-61.2195,14.8465],[-60.8793,14.7773],[-60.8104,14.462]]],[[[-61.3629,15.2018],[-61.469,15.6339],[-61.2577,15.4726],[-61.3629,15.2018]]],[[[-61.5517,16.2855],[-61.6949,15.9492],[-61.7974,16.3122],[-61.5517,16.2855]]],[[[-61.5442,16.2854],[-61.4625,16.5131],[-61.1636,16.253],[-61.5442,16.2854]]],[[[-73.2587,18.8785],[-73.2008,18.9687],[-72.8087,18.7204],[-73.2587,18.8785]]],[[[-73.6471,21.0616],[-73.0046,21.3144],[-73.2256,20.9525],[-73.6516,20.9138],[-73.6471,21.0616]]],[[[-82.568,21.6365],[-82.9062,21.4375],[-83.1918,21.6303],[-82.9591,21.562],[-83.0856,21.8003],[-82.9895,21.9484],[-82.7037,21.8928],[-82.568,21.6365]]],[[[-76.1613,25.1657],[-76.1613,24.645],[-76.3363,24.8149],[-76.1824,24.8488],[-76.1649,25.1298],[-76.7845,25.4264],[-76.7367,25.5636],[-76.1613,25.1657]]],[[[-67.8808,60.4968],[-67.9728,60.2903],[-68.4194,60.2097],[-68.2413,60.5856],[-67.8808,60.4968]]],[[[-64.8406,61.3515],[-65.4842,61.6225],[-64.717,61.6635],[-64.8406,61.3515]]],[[[-70.2406,62.6156],[-70.7279,62.5534],[-70.9252,62.7459],[-70.774,62.7713],[-71.236,62.8864],[-70.2406,62.6156]]],[[[-77.538,63.2878],[-77.9408,63.0871],[-78.5443,63.4492],[-77.8443,63.4725],[-77.538,63.2878]]],[[[-76.6889,63.4858],[-76.5449,63.4665],[-76.9821,63.4073],[-77.4461,63.6611],[-76.6889,63.4858]]],[[[-85.0011,66.0076],[-84.5741,65.6356],[-84.8009,65.5671],[-85.1127,65.7621],[-85.1793,65.9878],[-85.0011,66.0076]]],[[[-84.4735,66.0902],[-84.0214,66.0877],[-83.6927,65.9257],[-83.7864,65.8128],[-83.2123,65.706],[-83.8389,65.6522],[-83.6853,65.7551],[-84.1427,65.7668],[-84.1246,65.9067],[-84.4735,66.0902]]],[[[-73.3583,67.8381],[-74.4023,67.7789],[-74.7752,68.0294],[-74.3384,68.1807],[-73.4462,67.993],[-73.3583,67.8381]]],[[[-86.5771,68.2906],[-86.4078,68.2078],[-86.3725,67.9366],[-86.6801,67.7351],[-86.9874,68.0843],[-86.5771,68.2906]]],[[[-79.0798,68.879],[-79.423,68.9274],[-78.6217,69.2631],[-78.7101,69.3416],[-78.214,69.3029],[-79.0798,68.879]]],[[[-76.6923,69.4109],[-76.9012,69.1055],[-77.3872,69.2665],[-77.2501,69.4351],[-76.6923,69.4109]]],[[[-79.9711,69.6331],[-80.0775,69.6369],[-79.9986,69.5001],[-80.814,69.6945],[-79.6724,69.8204],[-79.3268,69.7088],[-79.9711,69.6331]]],[[[-99.2474,73.855],[-99.4403,73.909],[-97.6432,74.0722],[-98.1434,73.8784],[-99.2474,73.855]]],[[[-103.6384,75.1995],[-104.2295,75.0189],[-104.9296,75.1411],[-104.4032,75.4326],[-103.8205,75.3667],[-103.6384,75.1995]]],[[[-102.8733,75.7661],[-103.3866,75.7661],[-101.9813,75.9517],[-102.8733,75.7661]]],[[[-102.5716,75.9927],[-103.9762,75.9443],[-102.3185,76.0441],[-102.5716,75.9927]]],[[[-117.7847,75.8965],[-118.6139,75.5037],[-119.409,75.6016],[-118.6212,75.9221],[-117.4625,76.0883],[-117.7847,75.8965]]],[[[-103.8114,76.0336],[-104.4781,76.147],[-102.7266,76.3156],[-102.5306,76.1572],[-103.8114,76.0336]]],[[[-104.398,76.4687],[-104.6813,76.6022],[-104.0246,76.6705],[-103.9247,76.6401],[-104.0582,76.5681],[-103.0104,76.4235],[-104.3777,76.3249],[-104.398,76.4687]]],[[[-89.6613,77.3564],[-90.405,77.2032],[-91.1795,77.3942],[-91.2093,77.5754],[-90.3041,77.6294],[-89.6613,77.3564]]],[[[-104.3945,77.1925],[-105.2246,77.1645],[-106.0937,77.7296],[-105.503,77.7211],[-104.3945,77.1925]]],[[[-113.6863,77.8666],[-113.577,77.815],[-114.3007,77.7133],[-115.1182,77.9597],[-114.3273,78.0808],[-113.6863,77.8666]]],[[[-100.1522,79.998],[-99.7794,80.1508],[-99.1197,80.1337],[-98.706,79.967],[-98.6514,79.7922],[-98.8402,79.6699],[-100.1522,79.998]]],[[[55.7879,-21.1034],[55.812,-21.3425],[55.575,-21.3679],[55.2254,-21.0297],[55.5784,-20.8748],[55.7879,-21.1034]]],[[[57.7957,-20.2228],[57.6722,-20.4797],[57.3079,-20.4443],[57.5965,-19.9826],[57.7957,-20.2228]]],[[[43.4666,-11.8217],[43.4377,-11.9316],[43.2178,-11.7503],[43.2765,-11.3796],[43.3949,-11.4002],[43.4666,-11.8217]]],[[[39.5435,-6.3212],[39.5085,-6.4628],[39.1986,-6.2208],[39.3135,-5.7184],[39.5435,-6.3212]]],[[[39.6431,-5.414],[39.7809,-5.2394],[39.6499,-5.1909],[39.6841,-4.8903],[39.856,-4.8972],[39.7961,-5.4068],[39.6431,-5.414]]],[[[6.6814,0.4071],[6.7565,0.2501],[6.5266,0.0241],[6.4709,0.2679],[6.6814,0.4071]]],[[[8.9227,3.7507],[8.6862,3.1973],[8.4502,3.2729],[8.6672,3.7263],[8.9227,3.7507]]],[[[-12.493,7.568],[-12.5497,7.3896],[-12.9517,7.5754],[-12.493,7.568]]],[[[-23.4568,15.0237],[-23.7151,14.9685],[-23.7795,15.3117],[-23.4568,15.0237]]],[[[-25.047,17.0351],[-25.2987,16.9174],[-25.3604,17.0552],[-25.1026,17.1966],[-25.047,17.0351]]],[[[-15.3916,28.0302],[-15.3778,27.8523],[-15.578,27.7344],[-15.8212,27.9218],[-15.7062,28.1674],[-15.4093,28.1798],[-15.3916,28.0302]]],[[[-16.4277,28.1497],[-16.6927,27.9998],[-16.9161,28.355],[-16.1177,28.5721],[-16.4277,28.1497]]],[[[-13.9726,28.7359],[-13.8244,28.6818],[-13.9337,28.2442],[-14.5071,28.0712],[-14.2244,28.2186],[-13.9726,28.7359]]],[[[-17.7558,28.8185],[-17.8371,28.4554],[-17.9968,28.7801],[-17.7558,28.8185]]],[[[-13.483,29.2399],[-13.482,28.9995],[-13.8673,28.8649],[-13.483,29.2399]]],[[[-16.7887,32.6867],[-17.2521,32.8145],[-16.6727,32.7586],[-16.7887,32.6867]]],[[[28.2398,36.4325],[28.0896,36.0551],[27.7327,35.9151],[27.6843,36.1581],[28.2398,36.4325]]],[[[-25.1978,37.8644],[-25.1568,37.7545],[-25.5057,37.7067],[-25.8595,37.8539],[-25.1978,37.8644]]],[[[20.7336,38.0624],[20.4453,38.2762],[20.3454,38.1821],[20.5378,38.4739],[20.7336,38.0624]]],[[[26.1636,38.5428],[26.1121,38.2226],[25.8898,38.2206],[25.989,38.3793],[25.8489,38.5804],[26.1636,38.5428]]],[[[3.3545,39.7844],[3.4539,39.6597],[3.0608,39.2691],[2.6817,39.5587],[2.3508,39.5765],[3.1795,39.9688],[3.1365,39.7888],[3.3545,39.7844]]],[[[4.3029,39.9255],[4.2481,39.8165],[3.8032,40.0181],[4.1051,40.0794],[4.3029,39.9255]]],[[[-176.4372,51.7883],[-176.9779,51.6003],[-176.9048,51.8076],[-176.7042,51.7883],[-176.7588,51.9534],[-176.5459,51.9801],[-176.6415,51.8572],[-176.4372,51.7883]]],[[[-174.052,52.2408],[-174.4114,52.0428],[-175.3405,52.0148],[-174.3393,52.1862],[-174.2283,52.2675],[-174.4355,52.3227],[-174.1903,52.4179],[-174.011,52.3581],[-174.052,52.2408]]],[[[-4.0981,53.3096],[-4.4066,53.1306],[-4.571,53.3928],[-4.0981,53.3096]]],[[[-167.8575,53.3928],[-169.1113,52.8236],[-168.6234,53.2742],[-168.3608,53.2713],[-168.4066,53.4095],[-168.2368,53.5301],[-167.807,53.5201],[-167.8575,53.3928]]],[[[-166.2943,53.728],[-166.6592,53.4909],[-166.7949,53.5703],[-166.7522,53.4509],[-167.85,53.3096],[-166.7055,53.7211],[-167.1511,53.8242],[-167.0216,53.9612],[-166.6346,54.0046],[-166.6099,53.831],[-166.3704,54.0085],[-166.2249,53.9055],[-166.5751,53.7143],[-166.2943,53.728]]],[[[13.6983,54.3921],[13.7232,54.2784],[13.4997,54.3449],[13.4072,54.2282],[13.1155,54.3381],[13.2669,54.3859],[13.1434,54.5429],[13.5071,54.4883],[13.2533,54.5646],[13.3908,54.6882],[13.6707,54.5662],[13.5755,54.4719],[13.6983,54.3921]]],[[[11.8452,54.7319],[11.4744,54.6261],[10.9992,54.7868],[11.2317,54.9612],[11.5947,54.8111],[11.6494,54.9135],[11.8452,54.7319]]],[[[10.6663,55.0643],[10.0659,55.0922],[10.156,55.1401],[9.9855,55.1278],[9.6763,55.4957],[10.3076,55.6182],[10.4715,55.4431],[10.6276,55.6136],[10.7424,55.4875],[10.554,55.4426],[10.8343,55.2903],[10.6663,55.0643]]],[[[-5.6883,56.4348],[-6.3661,56.3222],[-6.0208,56.382],[-6.2032,56.3803],[-6.0167,56.5036],[-6.3382,56.5521],[-6.1513,56.6518],[-5.6883,56.4348]]],[[[17.1245,57.3193],[16.4285,56.218],[16.4194,56.5856],[16.9665,57.3046],[17.1245,57.3193]]],[[[-6.5641,57.3466],[-6.7838,57.4564],[-6.6068,57.4439],[-6.6405,57.6073],[-6.3109,57.4626],[-6.4157,57.6458],[-6.3109,57.7028],[-6.1539,57.5895],[-6.1539,57.3056],[-5.6474,57.2646],[-6.0067,57.0284],[-5.8454,57.1883],[-6.3183,57.161],[-6.4822,57.3118],[-6.3239,57.3114],[-6.5641,57.3466]]],[[[19.0402,57.8679],[18.7647,57.6269],[18.9263,57.3926],[18.1387,56.922],[18.2902,57.0927],[18.0994,57.259],[18.1282,57.5482],[18.6777,57.9139],[19.0402,57.8679]]],[[[-6.9551,57.7438],[-7.1251,57.8369],[-6.8391,57.9356],[-7.1128,57.9902],[-6.9346,58.0523],[-7.1128,58.182],[-6.8596,58.1069],[-6.7094,58.1894],[-6.8186,58.2851],[-6.2231,58.4992],[-6.1675,58.3465],[-6.3661,58.2373],[-6.16,58.2168],[-6.6194,58.0864],[-6.3524,58.0386],[-6.5375,57.9213],[-6.6883,58.0585],[-6.661,57.8803],[-6.9551,57.7438]]],[[[20.2088,60.2247],[20.0237,60.3135],[19.9485,60.0477],[19.647,60.2657],[19.8142,60.1906],[19.8823,60.4056],[20.2088,60.2247]]],[[[-1.097,60.4165],[-1.2746,59.8542],[-1.376,59.9086],[-1.2677,60.2452],[-1.4554,60.1562],[-1.6902,60.2851],[-1.2604,60.355],[-1.6094,60.4833],[-1.3014,60.6431],[-1.3702,60.4022],[-1.097,60.4165]]],[[[-7.2226,62.1706],[-7.0726,62.2903],[-6.7019,61.944],[-7.2226,62.1706]]],[[[-7.0551,62.2904],[-6.5641,62.1358],[-6.6548,62.0613],[-7.0551,62.2904]]],[[[15.0005,68.3651],[14.1985,68.1528],[14.4956,68.3061],[14.3836,68.3725],[15.1724,68.4544],[15.0005,68.3651]]],[[[16.5286,68.722],[16.4976,68.554],[16.106,68.5385],[15.9409,68.3803],[15.8708,68.4954],[15.6244,68.3005],[15.3226,68.3514],[15.5537,68.5112],[14.9868,68.2695],[15.3568,68.4612],[15.2173,68.5569],[15.6305,68.6121],[15.4387,68.7077],[15.7136,68.7014],[15.4556,68.769],[15.6448,68.9547],[15.9074,68.9594],[15.7615,68.7356],[15.9896,68.7635],[15.7404,68.5301],[16.083,68.6387],[16.2546,68.9032],[16.5559,68.8249],[16.5286,68.722]]],[[[14.3972,68.6605],[14.6284,68.8299],[15.1589,68.8175],[15.0845,69.0112],[15.384,68.8523],[15.2749,68.7971],[15.3753,68.6699],[15.0627,68.5785],[14.8064,68.616],[15.1514,68.756],[14.3972,68.6605]]],[[[15.5287,68.9138],[15.4251,68.9621],[15.5697,69.1055],[16.1499,69.2908],[15.5287,68.9138]]],[[[18.0708,69.4379],[17.8787,69.2495],[17.9885,69.1874],[17.4722,69.2001],[17.1294,69.0115],[16.7731,69.0882],[17.1724,69.2011],[16.8986,69.1949],[17.1457,69.2563],[16.9265,69.3935],[17.4958,69.4283],[17.1865,69.5028],[17.3433,69.5375],[17.6453,69.4618],[17.4676,69.5996],[18.0708,69.4379]]],[[[18.999,69.8286],[18.7693,69.5717],[17.9954,69.5921],[18.6328,69.702],[18.3823,69.7976],[18.7625,69.6877],[18.6789,69.8861],[18.999,69.8286]]],[[[-51.2233,69.9143],[-50.6619,69.8351],[-51.1675,69.5119],[-51.385,69.7119],[-51.0048,69.8869],[-51.3611,69.8529],[-51.2233,69.9143]]],[[[19.6192,70.0168],[19.1216,69.7878],[18.7289,69.9478],[19.2082,70.0986],[19.6192,70.0168]]],[[[22.4221,70.5107],[22.1545,70.4723],[22.3333,70.6132],[21.9504,70.6479],[22.541,70.7175],[22.7249,70.6036],[22.8262,70.6479],[22.723,70.7485],[22.9691,70.6612],[23.1824,70.736],[23.0663,70.8124],[23.4841,70.7988],[23.0889,70.5862],[22.4221,70.5107]]],[[[116.6333,-8.2751],[116.7432,-8.3918],[116.5654,-8.8956],[115.8393,-8.8169],[116.0876,-8.7372],[116.0279,-8.445],[116.2864,-8.2363],[116.6333,-8.2751]]],[[[100.3986,-3.1835],[100.4607,-3.3344],[100.1895,-2.9666],[100.2273,-2.7726],[100.4675,-3.0153],[100.3986,-3.1835]]],[[[109.7598,-1.1039],[109.4172,-1.2545],[109.4754,-0.977],[109.7598,-1.1039]]],[[[99.2744,-1.6349],[99.1185,-1.8023],[98.8848,-1.6794],[98.5938,-1.1984],[98.6582,-0.9635],[98.8982,-0.9157],[99.2744,-1.6349]]],[[[98.502,-0.4605],[98.5005,-0.5656],[98.2752,-0.5252],[98.4292,-0.2438],[98.502,-0.4605]]],[[[98.48,-0.1584],[98.549,-0.3811],[98.2957,-0.0073],[98.48,-0.1584]]],[[[103.1265,0.9279],[102.6248,1.022],[102.8018,1.1633],[103.1265,0.9279]]],[[[104.6546,1.0964],[104.5671,0.8295],[104.4852,1.0337],[104.2319,1.0933],[104.5757,1.2254],[104.6546,1.0964]]],[[[102.4734,1.242],[102.3693,0.9352],[102.2106,1.3983],[102.4734,1.242]]],[[[103.9608,1.3911],[103.8389,1.2663],[103.6404,1.3223],[103.9608,1.3911]]],[[[102.4959,1.3636],[102.0078,1.6154],[102.4627,1.5154],[102.4959,1.3636]]],[[[96.4795,2.415],[96.335,2.3555],[95.6996,2.8318],[95.9119,2.9062],[96.4795,2.415]]],[[[117.6987,4.1113],[117.6653,3.9831],[117.5945,4.0639],[117.6987,4.1113]]],[[[108.3962,3.8748],[108.1838,3.6483],[108.0945,3.6962],[108.2624,3.7923],[107.9846,4.012],[108.2249,4.2448],[108.3962,3.8748]]],[[[117.8499,4.1964],[117.8871,4.0319],[117.6401,4.2274],[117.8499,4.1964]]],[[[93.9203,7.0243],[93.8342,6.7456],[93.6764,7.1819],[93.8308,7.2359],[93.9203,7.0243]]],[[[92.5851,10.7713],[92.5354,10.5249],[92.3841,10.5293],[92.429,10.8508],[92.5851,10.7713]]],[[[93.0527,13.2839],[92.8763,12.9167],[92.9906,12.5192],[92.8467,12.4335],[92.717,11.4945],[92.5249,11.8575],[92.7927,12.2077],[92.7375,12.8072],[93.0117,13.5781],[93.0527,13.2839]]],[[[128.3377,26.7969],[127.8517,26.4412],[127.9199,26.3096],[127.6517,26.0844],[127.7225,26.4299],[127.9602,26.5641],[127.8783,26.6945],[128.0574,26.6448],[128.2551,26.8863],[128.3377,26.7969]]],[[[129.7075,28.4621],[129.376,28.1196],[129.1458,28.2499],[129.7075,28.4621]]],[[[121.8441,31.6079],[121.9779,31.4778],[121.1763,31.7843],[121.8441,31.6079]]],[[[126.9461,33.478],[126.6069,33.2406],[126.1611,33.3008],[126.4849,33.5208],[126.9461,33.478]]],[[[138.4592,38.0699],[138.5752,38.0743],[138.5005,37.9067],[138.2227,37.8022],[138.3425,37.9669],[138.2422,38.0715],[138.5142,38.3231],[138.4592,38.0699]]],[[[146.4692,44.4288],[146.5721,44.4499],[145.5887,43.8476],[145.5562,43.6527],[145.4431,43.7245],[146.1193,44.506],[146.4692,44.4288]]],[[[148.7992,45.4157],[147.913,44.963],[147.6538,44.9949],[146.8618,44.4453],[147.1966,44.7137],[147.1092,44.8271],[147.8949,45.2239],[147.94,45.4263],[148.0696,45.2512],[148.7266,45.5252],[148.7992,45.4157]]],[[[150.3342,46.2108],[150.5693,46.2318],[149.4367,45.587],[150.3342,46.2108]]],[[[156.1253,50.6375],[155.8849,50.2537],[155.3958,49.9958],[155.2166,50.0671],[155.2019,50.2935],[155.6896,50.4037],[156.0412,50.7728],[156.1253,50.6375]]],[[[173.3766,52.8305],[172.9443,52.7498],[172.4761,52.9267],[173.1272,52.9949],[173.3766,52.8305]]],[[[138.0467,55.0581],[138.2122,55.0364],[137.7189,54.6243],[137.4854,54.8793],[137.2259,54.7778],[137.5679,55.1946],[138.0467,55.0581]]],[[[166.6644,54.7564],[165.7464,55.2971],[166.2537,55.3319],[166.2503,55.1523],[166.6644,54.7564]]],[[[23.2306,58.5048],[23.3333,58.4564],[22.2951,58.1929],[22.0483,57.9151],[21.9634,57.984],[22.203,58.1479],[21.8438,58.2936],[22.0112,58.3539],[21.8324,58.511],[22.0894,58.4222],[22.5503,58.6296],[23.2306,58.5048]]],[[[22.2918,58.8952],[22.0447,58.9362],[22.6667,59.0849],[23.0405,58.8408],[22.5557,58.687],[22.2918,58.8952]]],[[[164.7069,58.9768],[163.49,58.4445],[163.4129,58.5354],[163.9132,58.9943],[163.7493,59.019],[164.5581,59.2397],[164.7069,58.9768]]],[[[14.9966,68.9016],[14.8401,68.8917],[14.8997,68.9309],[14.9966,68.9016]]],[[[50.323,69.1505],[49.2485,68.78],[48.5921,68.7309],[48.2194,68.8957],[48.3042,69.2768],[48.9063,69.508],[50.323,69.1505]]],[[[169.4465,69.8491],[169.2347,69.5921],[168.8745,69.5679],[167.7538,69.8323],[168.2647,70.0241],[169.4465,69.8491]]],[[[19.2424,70.2009],[19.1742,70.1151],[18.9959,70.1521],[19.2424,70.2009]]],[[[60.5398,69.8187],[59.5635,69.715],[59.6237,69.8043],[59.4315,69.8895],[58.6956,70.0028],[58.4121,70.2603],[58.8242,70.2159],[58.4946,70.332],[59.0236,70.4798],[60.5398,69.8187]]],[[[53.2318,71.2159],[53.0098,70.9682],[52.2118,71.3081],[52.7411,71.4058],[53.2318,71.2159]]],[[[78.2791,72.5522],[78.3945,72.4914],[77.7708,72.305],[76.8527,72.3331],[77.6102,72.6347],[78.2791,72.5522]]],[[[79.563,72.7683],[78.5846,72.8419],[79.1731,73.1014],[79.5414,72.9255],[79.563,72.7683]]],[[[71.6691,73.2275],[71.7302,73.0344],[71.3745,73.1789],[69.8748,73.0383],[70.065,73.2371],[69.9593,73.3988],[70.4696,73.4992],[71.2292,73.4647],[70.9803,73.2654],[71.4357,73.353],[71.6691,73.2275]]],[[[141.0978,74.1492],[141.0378,74.0039],[140.5451,73.9158],[140.1647,74.0706],[140.3499,74.2542],[141.0978,74.1492]]],[[[113.4058,74.444],[112.7749,74.0881],[111.4592,74.3137],[111.9513,74.3708],[112.1101,74.5512],[113.4058,74.444]]],[[[93.6282,79.9334],[93.8137,79.8987],[91.9219,79.6789],[92.3533,79.7342],[91.0725,79.851],[91.2986,79.9191],[90.8665,80.0626],[93.6282,79.9334]]],[[[55.7949,80.6423],[55.4317,80.7143],[56.9461,80.6938],[55.7949,80.6423]]],[[[58.1301,80.7807],[57.8157,80.8099],[59.0291,80.8241],[58.1301,80.7807]]],[[[55.7659,80.7837],[53.9803,80.8162],[55.9865,80.8037],[55.7659,80.7837]]],[[[58.6537,81.0438],[58.367,80.9459],[57.841,81.0477],[58.6537,81.0438]]],[[[57.3364,80.8918],[56.0956,81.091],[58.2824,80.9265],[57.3364,80.8918]]],[[[54.5641,80.9954],[54.4173,81.0084],[54.6709,81.1252],[56.0192,81.0436],[57.7161,80.7932],[57.0588,80.6918],[54.5641,80.9954]]],[[[57.2661,81.4268],[56.7405,81.4535],[57.784,81.5648],[58.5705,81.4132],[57.2661,81.4268]]],[[[-176.382,-43.8986],[-176.3723,-43.7659],[-176.5354,-43.7556],[-176.3,-44.0426],[-176.5815,-44.1231],[-176.5662,-43.8378],[-176.855,-43.8201],[-176.1691,-43.7314],[-176.382,-43.8986]]],[[[148.0149,-40.1506],[147.7577,-39.8793],[147.9533,-39.7117],[148.299,-39.9618],[148.3269,-40.2226],[148.0149,-40.1506]]],[[[144.1055,-39.893],[143.9028,-40.1262],[143.9446,-39.5789],[144.1092,-39.6658],[144.1055,-39.893]]],[[[138.1296,-35.8163],[137.4592,-36.0827],[136.7156,-36.0628],[136.5326,-35.9119],[136.5978,-35.7575],[137.3351,-35.5829],[138.1296,-35.8163]]],[[[153.37,-24.989],[153.0553,-25.7971],[153.0144,-25.2115],[153.2261,-25.0275],[153.1372,-24.8171],[153.2813,-24.6935],[153.37,-24.989]]],[[[-149.1835,-17.7312],[-149.1903,-17.8691],[-149.5761,-17.7376],[-149.6328,-17.5534],[-149.3876,-17.518],[-149.1835,-17.7312]]],[[[139.7341,-16.4433],[139.1449,-16.756],[139.2879,-16.4706],[139.7341,-16.4433]]],[[[136.9515,-14.1816],[136.9031,-14.2989],[136.3241,-14.2296],[136.4097,-13.8185],[136.7183,-13.6477],[136.7318,-13.8395],[136.9031,-13.7576],[136.7046,-14.1269],[136.9515,-14.1816]]],[[[-172.201,-13.5925],[-172.2191,-13.8054],[-172.5232,-13.8054],[-172.7826,-13.5203],[-172.3444,-13.463],[-172.201,-13.5925]]],[[[160.5037,-11.736],[160.4832,-11.845],[159.9692,-11.5032],[160.5037,-11.736]]],[[[130.5368,-11.705],[130.6282,-11.8046],[130.0166,-11.777],[130.345,-11.3171],[130.5368,-11.705]]],[[[153.7616,-11.5859],[153.2881,-11.5231],[153.2056,-11.3171],[153.7616,-11.5859]]],[[[131.5374,-11.4133],[130.9612,-11.9339],[130.4966,-11.6495],[130.3674,-11.2043],[130.6956,-11.4343],[130.9209,-11.3093],[131.0233,-11.4133],[131.1531,-11.2493],[131.2192,-11.3997],[131.2744,-11.1896],[131.5374,-11.4133]]],[[[123.3901,-10.5915],[123.2092,-10.8131],[122.821,-10.8932],[123.3865,-10.433],[123.3901,-10.5915]]],[[[151.177,-9.9547],[151.3006,-9.9677],[151.2323,-10.2005],[150.958,-10.1049],[150.7639,-9.7028],[151.0897,-10.0279],[151.177,-9.9547]]],[[[150.801,-9.6524],[150.4336,-9.6313],[150.4321,-9.3653],[150.7983,-9.4257],[150.9309,-9.6524],[150.801,-9.6524]]],[[[150.3689,-9.3718],[150.3123,-9.5195],[150.1128,-9.2994],[150.2145,-9.2058],[150.3689,-9.3718]]],[[[152.9955,-9.1413],[152.7359,-9.2604],[152.3886,-8.9912],[152.9955,-9.1413]]],[[[123.928,-8.2273],[123.583,-8.5655],[123.2273,-8.5261],[123.4857,-8.3508],[123.4142,-8.2672],[123.5891,-8.3736],[123.6416,-8.2231],[123.928,-8.2273]]],[[[124.3081,-8.2205],[124.1496,-8.5393],[123.9072,-8.4548],[124.3081,-8.2205]]],[[[138.8973,-8.3372],[138.548,-8.3471],[138.7853,-8.1589],[138.8973,-8.3372]]],[[[125.134,-8.2171],[125.1233,-8.3523],[124.3335,-8.413],[124.5476,-8.2307],[124.3924,-8.2652],[124.4753,-8.1326],[125.134,-8.2171]]],[[[157.7974,-8.5624],[157.5497,-8.2614],[157.2282,-8.3167],[157.4411,-7.9797],[157.8384,-8.3372],[157.7974,-8.5624]]],[[[157.1047,-8.1249],[156.947,-7.9797],[157.0911,-7.8505],[157.2009,-8.0007],[157.1047,-8.1249]]],[[[156.8071,-7.7201],[156.6597,-7.9392],[156.5042,-7.6301],[156.8071,-7.7201]]],[[[126.8368,-7.7263],[126.4662,-7.9666],[126.054,-7.8847],[125.7742,-8.0076],[125.9689,-7.6601],[126.627,-7.56],[126.8368,-7.7263]]],[[[131.6986,-7.2267],[131.6331,-7.62],[131.3167,-8.018],[131.1162,-8.0007],[131.2415,-7.4877],[131.5686,-7.131],[131.6986,-7.2267]]],[[[114.0457,-6.9146],[114.1248,-6.9816],[113.5134,-7.2478],[112.6926,-7.0585],[112.9153,-6.8917],[114.0457,-6.9146]]],[[[148.0492,-5.6061],[147.9911,-5.8562],[147.7713,-5.5069],[148.0492,-5.6061]]],[[[122.0674,-5.215],[121.9683,-5.468],[121.8539,-5.1021],[122.0674,-5.215]]],[[[123.2044,-3.9929],[123.1963,-4.1877],[123.0448,-4.2096],[122.9507,-4.0471],[123.2044,-3.9929]]],[[[128.3308,-3.5119],[128.2365,-3.7223],[127.9334,-3.7634],[128.3308,-3.5119]]],[[[108.2937,-2.8484],[108.074,-3.226],[107.8705,-3.0517],[107.6028,-3.2289],[107.6703,-2.5615],[108.0979,-2.6082],[108.2937,-2.8484]]],[[[150.4651,-2.5325],[150.4513,-2.6584],[150.1868,-2.6795],[149.9588,-2.463],[150.2079,-2.3748],[150.4651,-2.5325]]],[[[147.4328,-1.9838],[147.2057,-2.1861],[146.5202,-2.1496],[146.6579,-1.9633],[147.4328,-1.9838]]],[[[126.3291,-1.8193],[125.4321,-1.9496],[125.3353,-1.8507],[126.3291,-1.8193]]],[[[130.3865,-1.8883],[130.4369,-1.9763],[130.1265,-2.067],[129.7149,-1.8814],[130.3429,-1.6767],[130.3865,-1.8883]]],[[[125.3148,-1.779],[125.3184,-1.8826],[124.5432,-2.0065],[124.3291,-1.8708],[124.5181,-1.6262],[125.3148,-1.779]]],[[[136.8485,-1.7653],[136.2664,-1.9094],[135.4222,-1.6108],[136.8485,-1.7653]]],[[[106.7691,-2.5603],[106.6038,-2.9103],[106.752,-3.0737],[106.5322,-3.1056],[105.9865,-2.8212],[105.7804,-2.1508],[105.3064,-2.135],[105.1359,-1.9655],[105.5658,-1.5319],[105.8128,-1.7927],[105.6956,-1.5319],[105.9137,-1.4942],[106.3189,-2.4313],[106.7691,-2.5603]]],[[[128.1452,-1.594],[128.0515,-1.7145],[127.3787,-1.6323],[127.4284,-1.4151],[127.6343,-1.3287],[128.1452,-1.594]]],[[[123.5031,-1.2644],[123.5286,-1.433],[123.2886,-1.4216],[123.2433,-1.6324],[123.1107,-1.5769],[123.1524,-1.3006],[122.8958,-1.5895],[122.812,-1.4436],[122.9138,-1.1764],[123.1895,-1.1453],[123.2319,-1.3947],[123.5031,-1.2644]]],[[[136.3757,-1.0937],[135.885,-1.183],[135.7654,-0.8393],[135.3704,-0.6359],[135.8693,-0.7038],[136.3757,-1.0937]]],[[[104.5485,-0.398],[104.3563,-0.6617],[104.284,-0.4011],[104.5485,-0.398]]],[[[127.8889,-0.7647],[127.7549,-0.8876],[127.6257,-0.7524],[127.4577,-0.8156],[127.3167,-0.3396],[127.5786,-0.325],[127.6527,-0.7072],[127.8889,-0.7647]]],[[[131.2976,-0.2372],[131.2529,-0.3844],[130.979,-0.36],[130.6253,-0.085],[130.9483,-0.3669],[130.756,-0.446],[130.6882,-0.2912],[130.5474,-0.4361],[130.5237,-0.2576],[130.2171,-0.2009],[130.8247,-0.0038],[131.2976,-0.2372]]],[[[104.929,-0.2372],[104.4356,-0.1922],[104.5646,0.0303],[104.929,-0.2372]]],[[[97.9285,0.9961],[97.8743,0.622],[97.7041,0.5727],[97.0636,1.4152],[97.4168,1.5192],[97.9285,0.9961]]],[[[128.6864,2.484],[128.5667,2.1099],[128.2691,1.9953],[128.1971,2.2662],[128.3211,2.4586],[128.5664,2.6336],[128.6864,2.484]]],[[[126.8707,4.3314],[126.6764,4.0045],[126.7444,4.5456],[126.8707,4.3314]]],[[[122.2967,6.6332],[121.9622,6.4049],[121.8068,6.6193],[122.0667,6.7407],[122.2967,6.6332]]],[[[124.5653,9.8708],[124.5962,9.7373],[124.2942,9.6068],[123.801,9.7578],[124.2227,10.1519],[124.5776,10.0339],[124.5653,9.8708]]],[[[125.7196,9.9117],[125.4953,10.1087],[125.6377,10.4604],[125.7196,9.9117]]],[[[120.3475,12.0295],[120.0011,12.0112],[119.885,12.3227],[120.3475,12.0295]]],[[[124.0549,11.7998],[123.4854,12.2181],[123.1597,11.9178],[123.2946,12.2172],[123.2347,12.5928],[123.8897,12.2077],[124.0549,11.7998]]],[[[122.1152,12.6663],[122.0122,12.1046],[121.9241,12.3393],[122.1152,12.6663]]],[[[122.1016,13.4167],[122.0088,13.2048],[121.8137,13.3522],[121.8587,13.5655],[122.1016,13.4167]]],[[[124.418,13.873],[124.3347,13.5576],[124.0474,13.606],[124.1369,14.0784],[124.418,13.873]]],[[[-17.317,75.1361],[-17.6184,74.9357],[-18.8926,74.9992],[-18.9481,75.3342],[-18.0513,75.4201],[-17.8029,75.3143],[-18.2092,75.2224],[-17.317,75.1361]]],[[[-18.7643,79.9733],[-17.261,80.0036],[-18.1739,79.6937],[-19.4142,79.8481],[-18.7643,79.9733]]],[[[-66.1491,-79.6282],[-65.7886,-79.6246],[-66.7008,-79.6681],[-65.5541,-79.7774],[-65.9013,-79.8395],[-65.4501,-79.9524],[-66.3105,-80.0807],[-67.0257,-79.8984],[-66.8118,-79.7919],[-67.8398,-79.5588],[-66.1491,-79.6282]]],[[[-68.2331,-79.2859],[-67.0482,-79.2648],[-67.5111,-79.3972],[-67.2422,-79.4558],[-67.4679,-79.506],[-68.5721,-79.4366],[-67.4694,-79.308],[-68.447,-79.3238],[-68.2331,-79.2859]]],[[[-33.9165,-79.3126],[-36.7264,-79.2981],[-36.9385,-79.1812],[-36.5901,-79.2756],[-35.5034,-79.0901],[-33.9165,-79.3126]]],[[[-20.3666,-74.4254],[-20.843,-74.4628],[-20.9812,-74.211],[-21.2995,-74.1059],[-22.0402,-74.1056],[-21.1454,-73.9501],[-20.6402,-73.5875],[-20.4958,-73.7937],[-20.6929,-74.102],[-20.3666,-74.4254]]],[[[-74.8468,-72.8666],[-74.2186,-72.9908],[-74.758,-73.3032],[-74.3609,-73.4604],[-74.4653,-73.5829],[-75.8746,-73.3466],[-76.1261,-73.1588],[-75.0364,-73.039],[-75.7757,-72.8936],[-74.8468,-72.8666]]],[[[-90.9016,-72.8198],[-90.7245,-72.9128],[-90.9177,-73.1013],[-91.5063,-73.1978],[-91.3334,-72.8976],[-91.6865,-72.61],[-90.9152,-72.5622],[-90.758,-72.6974],[-90.9016,-72.8198]]],[[[-74.9127,-71.0234],[-76.1304,-71.1379],[-76.5426,-70.9656],[-75.1998,-70.7766],[-74.9545,-70.5846],[-74.5961,-70.7941],[-74.4634,-70.5768],[-73.5475,-70.7162],[-74.9127,-71.0234]]],[[[-3.4304,-70.5385],[-3.1442,-70.3007],[-2.6806,-70.3884],[-2.7471,-70.5118],[-3.4304,-70.5385]]],[[[-75.4835,-70.1337],[-75.8317,-70.0164],[-75.2301,-69.8417],[-75.4355,-69.7688],[-74.9628,-69.7169],[-74.3971,-69.9618],[-74.7761,-70.171],[-75.4835,-70.1337]]],[[[-72.8455,-69.5856],[-72.968,-69.4854],[-72.6619,-69.4161],[-71.9497,-69.6828],[-72.8455,-69.5856]]],[[[-61.7555,-69.4543],[-62.0951,-69.7297],[-62.5792,-69.1891],[-62.192,-69.1862],[-61.7555,-69.4543]]],[[[-69.1093,-67.6262],[-69.1164,-67.4304],[-68.3778,-66.8207],[-67.6594,-66.6486],[-68.0262,-66.9406],[-67.6768,-67.148],[-68.251,-67.3693],[-67.9738,-67.4684],[-68.4137,-67.5592],[-68.5752,-67.7439],[-69.1093,-67.6262]]],[[[-62.9064,-64.5212],[-63.6821,-64.8532],[-64.3011,-64.6999],[-63.5749,-64.2652],[-63.1534,-64.2916],[-63.3599,-64.4362],[-63.1112,-64.398],[-63.2704,-64.5812],[-62.9064,-64.5212]]],[[[-62.6566,-64.503],[-62.7885,-64.4838],[-62.4638,-64.2367],[-62.5721,-64.0524],[-62.0089,-64.1417],[-62.2115,-64.1784],[-62.049,-64.2145],[-62.1675,-64.3621],[-62.6566,-64.503]]],[[[-55.1594,-63.2039],[-55.0428,-63.283],[-55.1727,-63.3576],[-56.5538,-63.3673],[-55.9745,-63.1469],[-55.1594,-63.2039]]],[[[-61.1604,-62.6633],[-60.8018,-62.4689],[-60.4911,-62.5771],[-60.1295,-62.4601],[-60.0245,-62.627],[-59.803,-62.6113],[-60.2906,-62.7576],[-60.4337,-62.7162],[-60.3792,-62.6101],[-61.1604,-62.6633]]],[[[-58.4669,-62.1604],[-59.0107,-62.2197],[-58.4141,-61.9333],[-57.6699,-61.9135],[-57.5898,-62.0255],[-58.6339,-62.1779],[-58.4669,-62.1604]]],[[[-35.9088,-54.6873],[-35.7843,-54.7647],[-36.1064,-54.7647],[-35.922,-54.8522],[-36.116,-54.8845],[-36.499,-54.5105],[-37.4137,-54.2553],[-37.2373,-54.1477],[-37.6898,-54.1744],[-37.6147,-54.0379],[-38.0324,-54.0099],[-36.6551,-54.1061],[-36.4911,-54.185],[-36.6756,-54.2774],[-36.2606,-54.2854],[-36.0698,-54.5667],[-35.8873,-54.5512],[-35.9088,-54.6873]]],[[[-75.0236,-51.331],[-75.3129,-51.6292],[-75.2198,-51.3054],[-75.0236,-51.331]]],[[[-74.739,-51.3686],[-75.0242,-51.4562],[-74.7931,-51.2112],[-74.5557,-51.2504],[-74.5942,-51.3995],[-74.739,-51.3686]]],[[[168.1375,-21.4318],[167.9929,-21.655],[167.8084,-21.384],[168.1375,-21.4318]]],[[[167.4323,-21.0278],[167.3908,-21.1786],[167.1201,-21.0519],[167.0208,-20.9117],[167.1909,-20.81],[167.0588,-20.716],[167.3013,-20.7131],[167.4323,-21.0278]]],[[[169.3366,-18.9348],[168.9873,-18.8766],[169.0081,-18.65],[169.1524,-18.6363],[169.3366,-18.9348]]],[[[168.5496,-17.691],[168.4841,-17.8207],[168.1511,-17.7182],[168.323,-17.5326],[168.5496,-17.691]]],[[[168.1824,-16.3478],[167.9129,-16.2331],[168.1716,-16.0803],[168.3298,-16.3062],[168.1824,-16.3478]]],[[[-171.5643,-13.9494],[-171.4407,-14.0519],[-172.0637,-13.885],[-171.8345,-13.8074],[-171.5643,-13.9494]]],[[[121.3816,6.0057],[121.2925,5.8588],[120.8718,5.961],[121.0422,6.0971],[121.3816,6.0057]]],[[[54.4707,12.5436],[53.7312,12.3004],[53.3069,12.5434],[53.5189,12.7144],[54.4707,12.5436]]],[[[40.3864,15.6413],[39.9789,15.6065],[39.9373,15.7021],[40.0813,15.6611],[39.9509,15.8939],[40.1638,15.6444],[40.3864,15.6413]]],[[[42.1864,16.7055],[42.1786,16.5835],[41.9555,16.6701],[41.7571,16.8964],[42.1864,16.7055]]],[[[41.9189,16.7912],[41.8608,17.0136],[41.9852,16.8536],[41.9189,16.7912]]],[[[58.9063,20.626],[58.6522,20.1705],[58.6482,20.3688],[58.9063,20.626]]],[[[56.2124,27.003],[55.947,26.6963],[55.2905,26.5485],[55.2847,26.6602],[55.7742,26.7969],[55.758,26.954],[56.2124,27.003]]],[[[48.3527,29.7098],[48.1616,29.6297],[48.1209,29.9814],[48.3527,29.7098]]],[[[-80.7593,52.9192],[-80.7177,52.695],[-82.0627,53.0228],[-81.8578,53.1852],[-81.1742,53.2123],[-80.7593,52.9192]]],[[[-79.5459,56.0438],[-79.4708,56.121],[-79.909,55.8253],[-80.0257,55.9003],[-79.5254,56.2936],[-79.4537,56.5595],[-79.6073,56.1345],[-79.4093,56.2225],[-79.204,56.685],[-79.247,56.5621],[-78.8818,56.3256],[-79.2033,55.8594],[-78.9802,56.392],[-79.2859,55.8663],[-79.1556,56.2362],[-79.4694,55.8794],[-79.7861,55.7905],[-79.5459,56.0438]]],[[[55.7121,80.1035],[56.1299,80.3512],[57.022,80.364],[57.1536,80.199],[56.9568,80.0663],[55.7121,80.1035]]],[[[57.5288,80.1314],[56.9461,80.4815],[59.2761,80.33],[57.5288,80.1314]]],[[[57.3362,81.2053],[58.0838,81.2145],[56.9944,81.1662],[57.3362,81.2053]]],[[[55.6468,81.2003],[55.4317,81.2834],[56.5448,81.2548],[56.3359,81.3852],[56.7262,81.3972],[57.905,81.2971],[55.6468,81.2003]]],[[[-160.5711,-81.5989],[-163.9901,-81.4035],[-162.9839,-81.2703],[-160.4139,-81.5737],[-160.5711,-81.5989]]],[[[-29.6183,-79.9112],[-30.0954,-79.8562],[-30.2523,-79.8862],[-29.9891,-79.9656],[-30.3664,-80.0178],[-32.1618,-79.7096],[-31.6448,-79.6369],[-30.2256,-79.8375],[-30.9289,-79.6843],[-30.7974,-79.6501],[-29.6183,-79.9112]]],[[[-149.7287,-77.1295],[-150.8011,-76.99],[-149.84,-76.878],[-149.2244,-77.1181],[-149.7287,-77.1295]]],[[[-130.9205,-74.4443],[-131.2059,-74.6071],[-132.1813,-74.4238],[-131.6837,-74.3205],[-130.9205,-74.4443]]],[[[-127.1285,-74.4694],[-127.5517,-74.6436],[-128.0882,-74.4885],[-128.1892,-74.3161],[-127.1285,-74.4694]]],[[[-116.1407,-73.9025],[-116.5994,-74.1418],[-117.4003,-74.1325],[-116.1407,-73.9025]]],[[[-2.7177,-70.8201],[-2.0807,-70.8256],[-2.8,-71.1677],[-2.8622,-71.0535],[-2.6673,-70.9937],[-3.5856,-70.7384],[-2.5046,-70.7315],[-2.7177,-70.8201]]],[[[26.7656,-70.2243],[26.8179,-70.4241],[25.9123,-70.2849],[26.3274,-70.0666],[26.7656,-70.2243]]],[[[16.2468,-69.706],[16.6372,-69.7429],[16.2887,-69.8499],[16.1716,-70.0729],[15.5549,-69.8727],[16.2468,-69.706]]],[[[100.5659,-65.403],[101.2614,-65.5403],[100.9671,-65.6829],[100.298,-65.6586],[100.5659,-65.403]]],[[[178.8547,71.2126],[180,71.5364],[180,70.9924],[179.807,70.9131],[178.7933,70.805],[178.6222,71.051],[178.8547,71.2126]]],[[[168.1995,-47.0476],[167.521,-47.273],[167.8142,-46.9112],[167.7874,-46.6972],[168.1792,-46.8644],[167.9666,-46.9726],[168.1995,-47.0476]]]]}},{"type":"Feature","properties":{},"geometry":{"type":"MultiPolygon","coordinates":[[[[81.876,7.0919],[81.7756,6.6104],[81.325,6.2054],[80.5908,5.9237],[80.094,6.1361],[79.863,6.8072],[79.6968,8.2191],[79.7786,8.35],[79.8102,7.9865],[79.9155,8.9385],[80.197,9.4735],[80.053,9.5964],[80.6148,9.4462],[79.958,9.6857],[79.9707,9.8151],[80.444,9.5759],[80.1387,9.7987],[80.2468,9.8259],[80.8239,9.2705],[80.9149,8.9439],[81.2317,8.6511],[81.134,8.5013],[81.3657,8.4822],[81.876,7.0919]]],[[[111.0105,19.6838],[110.4792,19.1693],[110.5344,18.7856],[110.0342,18.5119],[110.0403,18.3823],[109.7461,18.3959],[109.7088,18.2072],[108.6849,18.5152],[108.627,19.275],[109.3074,19.7111],[109.1633,19.7248],[109.2551,19.8983],[109.5817,19.8557],[109.527,19.9514],[109.719,20.0106],[109.9901,19.906],[110.157,20.0674],[110.4177,19.9234],[110.383,20.081],[110.6058,19.9232],[110.6779,20.1636],[110.9346,19.9951],[111.0105,19.6838]]],[[[121.9058,24.9501],[121.4001,23.1455],[120.9483,22.5268],[120.8403,21.9046],[120.7144,21.9375],[120.6213,22.2951],[120.0552,23.0437],[120.1844,23.7644],[121.0593,25.0502],[121.5808,25.283],[122.0054,25.0019],[121.9058,24.9501]]],[[[-112.2747,28.7684],[-112.583,28.8754],[-112.4647,29.1818],[-112.2643,29.2469],[-112.2747,28.7684]]],[[[-131.1127,52.1719],[-131.2772,52.2408],[-131.2797,52.1324],[-132.086,52.7343],[-131.9388,52.7731],[-132.3423,52.9425],[-132.1139,53.0012],[-132.5658,53.1457],[-131.798,53.2556],[-131.5956,53.0419],[-132.004,53.0639],[-131.613,52.9267],[-131.9836,52.8782],[-131.6609,52.8057],[-131.8395,52.7138],[-131.4076,52.3581],[-131.2484,52.4469],[-131.3597,52.3444],[-131.0097,52.2271],[-131.1127,52.1719]]],[[[-132.5794,53.2072],[-132.7098,53.2618],[-132.5384,53.327],[-132.703,53.3785],[-132.4001,53.3303],[-132.9773,53.5566],[-132.8911,53.6197],[-133.1444,53.8969],[-133.0729,54.1668],[-132.5757,54.1184],[-132.6614,53.9409],[-132.4068,54.0994],[-132.161,54.0085],[-132.2406,53.777],[-132.6579,53.6907],[-132.3529,53.6728],[-132.4838,53.5771],[-132.1592,53.6999],[-132.1822,54.0439],[-131.6608,54.1668],[-131.963,53.2829],[-132.5794,53.2072]]],[[[-131.9767,54.8315],[-132.004,54.6938],[-132.2777,54.7148],[-132.3802,55.0234],[-132.5934,54.9682],[-132.465,55.0507],[-132.6129,55.0643],[-132.6409,55.2561],[-132.6961,55.1469],[-133.213,55.2792],[-133.2066,55.3845],[-132.8463,55.3523],[-133.1258,55.4836],[-132.9084,55.6329],[-133.3791,55.6298],[-133.1398,55.8766],[-133.2646,56.1474],[-133.5731,56.185],[-133.6147,56.3529],[-133.1821,56.3323],[-133.0791,56.0581],[-132.5084,55.8276],[-132.1406,55.4653],[-132.5235,55.6252],[-132.6818,55.4553],[-132.2769,55.4527],[-132.4838,55.4069],[-132.1549,55.366],[-132.2402,55.1972],[-131.9943,55.2681],[-132.2231,54.9892],[-131.963,55.0302],[-131.9767,54.8315]]],[[[-134.6215,56.7438],[-134.6675,56.1704],[-135.0528,56.5378],[-134.8474,56.6887],[-135.1098,56.6018],[-134.9989,56.7617],[-135.1879,56.6767],[-135.1217,56.832],[-135.3675,56.8289],[-135.1654,57.0417],[-135.675,57.3586],[-135.4753,57.3543],[-135.609,57.3876],[-135.3812,57.5536],[-135.2794,57.5111],[-135.3961,57.4427],[-134.9948,57.3978],[-134.6215,56.7438]]],[[[-152.1609,57.6271],[-152.363,57.4285],[-152.9734,57.5179],[-153.0417,57.4285],[-152.596,57.3739],[-153.1748,57.3514],[-152.9591,57.2571],[-153.5419,57.1758],[-153.4982,57.0743],[-153.7611,57.0517],[-153.5598,56.9865],[-153.9873,56.7438],[-154.1495,56.7509],[-153.7399,57.1337],[-154.0996,56.9648],[-153.9597,57.1201],[-154.4949,57.1136],[-154.1037,57.1138],[-154.3049,56.8558],[-154.81,57.3466],[-154.2203,57.6755],[-153.6307,57.2709],[-153.8508,57.5773],[-153.6785,57.5446],[-153.8846,57.6483],[-153.5846,57.6171],[-153.9246,57.8105],[-153.6655,57.8947],[-153.5072,57.6271],[-153.4991,57.7609],[-153.3213,57.7309],[-153.4492,57.8469],[-153.1788,57.7097],[-153.2403,57.9021],[-153.0485,57.8332],[-153.2842,58.0104],[-152.8083,57.9083],[-152.8856,57.7287],[-152.4863,57.9107],[-152.3291,57.8258],[-152.5511,57.7033],[-152.1609,57.6271]]],[[[-135.848,57.3944],[-136.0739,57.6073],[-135.9503,57.6209],[-136.4165,57.8258],[-136.3119,57.9955],[-136.0329,57.8469],[-136.4097,58.0799],[-136.2725,58.1069],[-136.3557,58.2199],[-136.1012,58.0585],[-136.1366,58.223],[-135.4849,58.1621],[-135.7831,58.0421],[-135.6562,57.9493],[-135.3893,58.1411],[-134.9248,58.0275],[-134.9157,57.8469],[-135.2037,57.9431],[-135.0138,57.7859],[-135.8896,57.9977],[-135.3639,57.7262],[-134.9139,57.7558],[-134.8139,57.4975],[-135.8132,57.7643],[-135.5463,57.4661],[-135.848,57.3944]]],[[[-61.0023,10.6994],[-60.996,10.1383],[-61.9287,10.0565],[-61.4621,10.2822],[-61.4889,10.631],[-61.6676,10.7068],[-60.9073,10.8371],[-61.0023,10.6994]]],[[[-65.6288,18.2792],[-65.9391,17.9705],[-67.1842,17.9351],[-67.2708,18.3618],[-67.1017,18.5228],[-66.3824,18.4914],[-65.6214,18.3891],[-65.6288,18.2792]]],[[[-76.2637,18.0124],[-76.188,17.9155],[-76.363,17.8608],[-76.85,17.9923],[-76.9421,17.8336],[-77.1417,17.8811],[-77.1789,17.7042],[-78.3747,18.2656],[-77.9023,18.5188],[-77.2726,18.4594],[-76.8949,18.4093],[-76.2637,18.0124]]],[[[-77.525,23.9331],[-77.5659,23.7407],[-77.7782,23.7468],[-77.5762,23.8471],[-77.7202,23.7848],[-77.6609,23.8847],[-77.7987,23.8567],[-77.942,24.0969],[-77.6752,24.303],[-77.744,24.0355],[-77.6075,24.2182],[-77.525,23.9331]]],[[[-78.3536,24.6592],[-78.1965,24.604],[-78.3041,24.7282],[-78.2143,25.1846],[-78.0452,25.1831],[-77.7187,24.4998],[-78.0275,24.2729],[-78.3536,24.6592]]],[[[-123.3212,48.4958],[-123.6539,48.3143],[-125.094,48.73],[-125.1852,48.801],[-124.847,49.0205],[-124.8084,49.2466],[-124.9077,49.0064],[-125.6066,48.9619],[-125.8717,49.0902],[-125.6129,49.2064],[-125.7467,49.1481],[-125.7748,49.3701],[-126.0281,49.2739],[-125.912,49.4384],[-126.0144,49.3223],[-126.0551,49.4453],[-126.5727,49.4143],[-126.5488,49.596],[-126.1075,49.6833],[-126.5731,49.7069],[-126.8436,49.9735],[-127.1419,49.8666],[-127.2375,49.9618],[-127.0969,50.1509],[-127.3625,50.0325],[-127.4634,50.187],[-127.8981,50.1141],[-127.747,50.2432],[-127.9681,50.3422],[-127.9258,50.4621],[-127.4469,50.3769],[-127.5625,50.5211],[-127.419,50.6035],[-127.8777,50.6301],[-127.5926,50.5436],[-128.0602,50.4526],[-128.4172,50.7719],[-127.8825,50.8669],[-126.8642,50.5301],[-125.4767,50.339],[-124.7947,49.4726],[-123.9549,49.2292],[-123.5799,48.8216],[-123.5355,48.5401],[-123.4168,48.6911],[-123.3212,48.4958]]],[[[-131.6813,52.8421],[-131.7435,52.8113],[-131.8376,52.841],[-131.6813,52.8421]]],[[[-75.0335,68.1733],[-75.1614,67.9531],[-75.0651,67.5524],[-75.5959,67.3111],[-76.9816,67.2433],[-77.3227,67.708],[-76.6889,68.2626],[-75.9112,68.3445],[-75.0335,68.1733]]],[[[-80.9034,73.6074],[-80.8618,73.7514],[-80.5602,73.7725],[-78.1138,73.6657],[-77.2135,73.5108],[-76.0583,72.9017],[-79.5684,72.7598],[-80.0018,72.8712],[-80.1638,73.2334],[-80.8601,73.319],[-80.8498,73.4753],[-80.6973,73.4844],[-80.9034,73.6074]]],[[[-109.6037,78.0739],[-110.9037,77.8532],[-110.1079,77.7762],[-110.041,77.6444],[-110.2354,77.5042],[-111.9908,77.3293],[-113.1659,77.5151],[-113.2413,77.5823],[-113.0898,77.6232],[-113.3231,77.8082],[-111.8241,78.0526],[-109.6037,78.0739]]],[[[-96.9103,77.7952],[-97.1033,77.8082],[-96.9935,77.9249],[-97.7743,78.0416],[-96.8693,78.1372],[-97.9195,78.2203],[-97.7668,78.247],[-98.4073,78.4882],[-98.025,78.5526],[-98.3619,78.7662],[-97.451,78.7971],[-94.8279,78.3637],[-95.4032,78.2333],[-94.8893,78.1093],[-95.0607,77.9726],[-96.9103,77.7952]]],[[[26.3211,35.3153],[26.1472,35.0023],[25.0191,34.9316],[24.7385,34.9316],[24.7428,35.0772],[24.4021,35.1911],[23.5182,35.2941],[23.7415,35.687],[23.8171,35.5348],[24.183,35.5856],[24.072,35.4984],[24.3401,35.3483],[25.7664,35.3357],[25.7953,35.1151],[26.3211,35.3153]]],[[[34.5442,35.6784],[33.9236,35.2786],[34.0991,34.9652],[33.6803,34.9663],[33.0303,34.5685],[32.459,34.7219],[32.2761,35.0478],[32.8652,35.157],[32.9204,35.3978],[33.6603,35.3593],[34.5442,35.6784]]],[[[15.5287,38.3026],[15.6516,38.2753],[15.0916,37.4775],[15.3324,37.0116],[15.0939,36.6549],[14.4873,36.7934],[14.2788,37.044],[13.1741,37.487],[12.6594,37.5651],[12.427,37.797],[12.7318,38.1928],[12.9011,38.0281],[13.3181,38.2206],[13.7908,37.9736],[15.5287,38.3026]]],[[[9.7922,40.557],[9.6262,40.2631],[9.7323,40.0839],[9.5664,39.1492],[9.0139,39.2639],[9.0257,38.9953],[8.641,38.8643],[8.3728,39.2221],[8.5552,39.8527],[8.3945,39.9127],[8.49,40.1045],[8.3799,40.4687],[8.1473,40.5932],[8.193,40.9638],[8.5205,40.827],[9.2306,41.2626],[9.6626,41.0026],[9.5042,40.9269],[9.724,40.8449],[9.7922,40.557]]],[[[8.5658,42.2086],[8.7092,42.5792],[9.2922,42.6748],[9.3467,43.0037],[9.464,42.9901],[9.5596,42.1466],[9.2232,41.3725],[8.7918,41.5612],[8.9227,41.6946],[8.6551,41.7499],[8.8054,41.9069],[8.6143,41.9008],[8.745,42.0566],[8.5658,42.2086]]],[[[12.0404,54.893],[12.1702,54.8383],[11.9491,54.5686],[11.7114,54.9408],[11.8828,54.9818],[11.6159,55.0922],[11.807,55.1469],[11.261,55.2006],[11.0877,55.3585],[11.2142,55.4038],[11.1457,55.5761],[10.9299,55.6676],[11.0877,55.6601],[10.8755,55.7427],[11.1926,55.7003],[11.5052,55.8687],[11.2726,55.9966],[11.7683,55.9705],[11.6078,55.783],[11.7798,55.6601],[11.9347,55.9337],[12.0519,55.7366],[11.9102,55.6601],[12.0603,55.654],[12.0261,55.9414],[11.8656,55.9727],[12.2451,56.1287],[12.6219,56.0438],[12.5127,55.9283],[12.6022,55.7086],[12.1981,55.4875],[12.465,55.2903],[12.0147,55.1675],[12.177,55.1053],[11.8971,54.9954],[12.0404,54.893]]],[[[119.2036,-8.6109],[119.1516,-8.7424],[118.702,-8.7481],[118.9081,-8.8505],[118.4142,-8.8536],[118.4147,-8.5829],[118.1577,-8.8679],[117.3889,-9.0537],[117.0097,-9.1073],[116.7285,-8.9631],[116.8381,-8.5079],[117.1951,-8.3576],[117.6233,-8.4384],[117.8052,-8.72],[118.2817,-8.6415],[117.7122,-8.2409],[117.9178,-8.0859],[118.3123,-8.3713],[118.6475,-8.2888],[118.6673,-8.5473],[118.7539,-8.3264],[118.9725,-8.302],[119.0523,-8.6457],[119.2036,-8.6109]]],[[[123.0264,-8.2888],[122.8036,-8.4379],[122.8074,-8.6109],[121.7804,-8.888],[121.396,-8.7941],[120.9949,-8.9405],[120.1653,-8.7686],[119.9074,-8.8717],[119.8057,-8.7407],[119.8672,-8.4129],[120.422,-8.2273],[121.5017,-8.6018],[122.0191,-8.426],[122.2884,-8.6339],[122.8809,-8.2857],[122.9404,-8.1931],[122.7404,-8.2224],[122.8626,-8.0698],[123.0264,-8.2888]]],[[[-156.0017,20.8004],[-156.0484,20.6509],[-156.4077,20.5872],[-156.696,20.9158],[-156.5979,21.0327],[-156.0017,20.8004]]],[[[-156.749,21.171],[-156.8696,21.0534],[-157.3039,21.1096],[-157.2598,21.2219],[-156.749,21.171]]],[[[-157.7068,21.352],[-158.0943,21.2936],[-158.2789,21.5753],[-157.9697,21.7091],[-157.7068,21.352]]],[[[-159.3013,22.1511],[-159.4373,21.8688],[-159.7872,22.0193],[-159.5585,22.233],[-159.3013,22.1511]]],[[[-169.4409,63.3635],[-169.4893,63.3678],[-169.529,63.3834],[-169.4409,63.3635]]],[[[143.4749,73.3206],[143.5651,73.2311],[143.1749,73.1766],[139.7671,73.4183],[140.4933,73.485],[141.1272,73.8817],[142.0452,73.9166],[143.4072,73.5428],[143.4749,73.3206]]],[[[150.8276,75.1634],[150.958,75.1423],[150.6092,74.8935],[149.209,74.758],[148.1721,74.8035],[146.0718,75.2403],[146.4362,75.5967],[146.7708,75.5067],[146.6343,75.4377],[146.7967,75.3664],[148.4077,75.4211],[148.6104,75.2155],[150.8276,75.1634]]],[[[137.0599,75.6408],[137.1116,75.6428],[136.9702,75.6097],[137.0599,75.6408]]],[[[24.4248,77.8259],[23.2345,77.2637],[22.4016,77.284],[22.4221,77.4315],[22.7783,77.5549],[21.0925,77.4392],[20.8318,77.5407],[21.6618,77.918],[20.877,78.0986],[21.6968,78.2111],[22.9661,78.2563],[23.4705,78.1583],[23.1205,77.9859],[24.4248,77.8259]]],[[[21.0243,78.2191],[20.6472,78.194],[20.7915,78.2744],[20.4688,78.3153],[20.6611,78.3911],[20.1536,78.4754],[22.0648,78.5971],[22.2713,78.2675],[21.0243,78.2191]]],[[[46.6873,80.5293],[46.084,80.4399],[46.0437,80.5736],[44.8574,80.6174],[47.5363,80.8567],[48.764,80.6596],[47.7488,80.7705],[47.3042,80.6528],[47.4307,80.5938],[46.6873,80.5293]]],[[[51.6893,80.7273],[49.6753,80.4815],[49.8162,80.401],[48.8395,80.3878],[48.627,80.2953],[49.1072,80.1895],[48.3724,80.0918],[47.6277,80.0722],[48.0851,80.2072],[46.6184,80.2953],[48.133,80.3265],[47.6195,80.4052],[48.2358,80.4269],[47.3794,80.4536],[49.1882,80.5214],[49.682,80.7211],[48.9553,80.7348],[50.2372,80.9335],[50.443,80.9061],[49.9973,80.8651],[50.856,80.9185],[51.0452,80.8515],[50.2512,80.7416],[51.6893,80.7273]]],[[[161.3948,-9.4128],[161.5586,-9.789],[161.4007,-9.67],[161.3948,-9.4128]]],[[[160.8263,-9.8373],[160.6448,-9.9371],[159.8356,-9.7939],[159.6095,-9.3098],[160.3664,-9.4128],[160.8263,-9.8373]]],[[[124.4658,-9.1794],[124.9538,-8.9426],[125.1643,-8.6248],[126.5488,-8.4867],[126.9671,-8.309],[127.3132,-8.4152],[126.4724,-8.9428],[125.3788,-9.281],[124.4185,-10.1638],[123.472,-10.3649],[123.7647,-10.075],[123.5774,-10.0344],[123.6888,-9.6114],[124.4658,-9.1794]]],[[[155.9334,-6.6408],[155.9302,-6.7936],[155.697,-6.8766],[155.3301,-6.7197],[155.2149,-6.3171],[154.7559,-5.9478],[154.7002,-5.4311],[155.065,-5.5478],[155.9334,-6.6408]]],[[[154.7274,-5.2114],[154.6318,-5.4591],[154.6244,-5.0134],[154.7274,-5.2114]]],[[[152.418,-4.3453],[152.2918,-4.9355],[151.9744,-4.9841],[152.0989,-5.4557],[151.8342,-5.593],[151.4641,-5.5343],[151.5326,-5.6647],[151.1828,-5.9643],[150.4651,-6.274],[149.6354,-6.3082],[149.3206,-6.0549],[149.0529,-6.1617],[149.0531,-6.0065],[148.3289,-5.6838],[148.4299,-5.4448],[149.2244,-5.5993],[149.9115,-5.5151],[150.1126,-5.0077],[150.2024,-5.0621],[150.0321,-5.2952],[150.1613,-5.5466],[150.917,-5.4864],[151.3689,-4.9035],[151.679,-4.9002],[151.5403,-4.1767],[151.9647,-4.3312],[152.1851,-4.1425],[152.1857,-4.3085],[152.418,-4.3453]]],[[[130.8732,-3.574],[130.8179,-3.8688],[129.8905,-3.3331],[129.5096,-3.3025],[129.4856,-3.4635],[128.9608,-3.3556],[128.8775,-3.2026],[128.4841,-3.4625],[128.1658,-3.067],[127.926,-3.5535],[127.8423,-3.1733],[128.1037,-3.067],[128.1755,-2.857],[129.0529,-2.8045],[129.1771,-2.9577],[129.541,-2.78],[130.3893,-2.9938],[130.8732,-3.574]]],[[[127.666,-0.2092],[127.7156,0.3126],[127.5269,0.5606],[127.6245,0.8322],[127.3986,1.2091],[127.6297,1.8354],[128.0474,2.2038],[127.8464,1.8515],[128.0149,1.7192],[128.0149,1.3052],[127.6276,0.9374],[127.8517,0.8118],[128.1795,1.1544],[128.2046,1.39],[128.7195,1.5706],[128.7012,1.0709],[128.2136,0.7739],[128.6808,0.5545],[128.6901,0.347],[128.8996,0.2078],[127.9105,0.4377],[127.9807,-0.2638],[128.4407,-0.9088],[128.0322,-0.6993],[127.666,-0.2092]]],[[[123.5745,10.831],[123.1567,9.8676],[123.1355,9.5527],[123.3176,9.2569],[123.0332,9.0353],[122.3952,9.8428],[122.8728,10.1004],[122.8147,10.515],[122.9938,10.9067],[123.2598,10.9948],[123.5745,10.831]]],[[[124.0474,10.8341],[124.0149,10.3725],[123.6526,10.0636],[123.3276,9.4081],[123.3871,9.9738],[124.0457,11.2772],[124.0474,10.8341]]],[[[119.6719,10.5526],[119.1963,10.0563],[118.7742,9.9341],[118.7564,9.6677],[118.365,9.1931],[117.1908,8.3383],[117.6555,9.0579],[118.1336,9.3432],[119.002,10.3975],[119.2781,10.5082],[119.2225,10.9417],[119.4675,10.7327],[119.32,11.0009],[119.502,11.4233],[119.5046,10.885],[119.6719,10.5526]]],[[[123.1704,11.4808],[123.1314,11.1827],[122.7448,10.7956],[121.9497,10.4332],[122.1072,11.6579],[121.8539,11.7694],[121.8968,11.8938],[122.6223,11.5087],[122.8303,11.6053],[122.9007,11.4379],[123.1636,11.5981],[123.1704,11.4808]]],[[[-59.2868,-80.2096],[-59.7574,-80.3357],[-59.8468,-80.5283],[-59.4665,-80.4909],[-59.8592,-80.595],[-59.6659,-80.6464],[-59.819,-80.7449],[-60.6527,-80.9604],[-62.5221,-80.8649],[-63.1411,-80.5925],[-64.2848,-80.7512],[-66.8048,-80.3285],[-66.2399,-80.1944],[-66.2035,-80.3437],[-65.9184,-80.395],[-61.7504,-80.3683],[-61.1846,-80.2526],[-61.8079,-80.0576],[-61.2356,-79.9797],[-61.5227,-79.893],[-60.0767,-79.656],[-60.4866,-79.7377],[-59.7991,-79.7743],[-59.6564,-79.8504],[-59.8628,-79.9033],[-59.6256,-79.9063],[-59.9613,-80.0839],[-59.2868,-80.2096]]],[[[-95.4992,-72.3156],[-96.0968,-72.4611],[-95.9444,-72.5016],[-96.0548,-72.5837],[-98.5801,-72.5728],[-98.5355,-72.4641],[-99.3966,-72.4982],[-99.1864,-72.3754],[-102.3237,-72.0641],[-100.1326,-71.8219],[-99.9444,-71.8938],[-100.452,-71.9983],[-99.499,-71.9304],[-98.6855,-72.1074],[-99.1526,-71.9162],[-98.5316,-71.7568],[-97.9824,-71.8596],[-98.2909,-71.9742],[-98.3526,-72.1564],[-97.7643,-72.1425],[-97.8921,-71.9107],[-97.6028,-71.8881],[-97.365,-71.9799],[-97.6183,-72.0961],[-97.3941,-72.2084],[-96.9901,-71.8473],[-96.3605,-71.8351],[-96.0653,-71.9138],[-97.0,-72.2143],[-95.6581,-72.0476],[-95.5029,-72.1516],[-96.4158,-72.2898],[-95.4992,-72.3156]]],[[[-71.4601,-72.6292],[-72.4083,-72.6745],[-72.4321,-72.5535],[-72.7997,-72.5942],[-73.1642,-72.4312],[-72.6767,-72.2713],[-70.7097,-72.3964],[-70.1163,-72.2385],[-70.4577,-72.1402],[-71.3672,-72.2879],[-72.0552,-72.1581],[-70.7197,-71.9057],[-71.8297,-71.8986],[-72.3389,-71.6135],[-72.8594,-71.921],[-73.8789,-71.8642],[-73.5013,-72.0125],[-74.0048,-72.1735],[-75.356,-71.9236],[-75.4024,-71.801],[-75.1772,-71.7526],[-75.4141,-71.6609],[-75.0164,-71.5265],[-74.2895,-71.6579],[-74.4366,-71.4509],[-74.2225,-71.3819],[-73.5252,-71.6062],[-73.3364,-71.5368],[-73.6601,-71.4106],[-73.5853,-71.3229],[-72.189,-71.3731],[-73.1246,-71.144],[-72.7861,-71.0628],[-71.6901,-71.1589],[-71.3436,-70.9661],[-70.4112,-70.9454],[-69.838,-71.152],[-69.7867,-70.8534],[-71.2665,-70.6801],[-70.9986,-70.4658],[-69.5885,-70.3935],[-70.2318,-70.2351],[-70.1957,-70.1401],[-71.0592,-70.2241],[-71.7845,-70.0422],[-71.9276,-69.9542],[-71.9116,-69.7083],[-71.6159,-69.4548],[-72.098,-69.3127],[-72.1989,-69.0978],[-72.0127,-68.9555],[-70.4021,-68.7868],[-70.0967,-68.9025],[-69.9943,-69.0937],[-70.1083,-69.301],[-69.739,-69.2937],[-69.3171,-69.6259],[-69.2848,-69.9231],[-68.3302,-70.7997],[-68.4812,-70.8095],[-68.2992,-70.8691],[-68.2086,-71.8211],[-68.4831,-71.8969],[-68.3419,-72.0571],[-68.4361,-72.2408],[-68.7628,-72.2234],[-69.2274,-72.4267],[-69.2182,-72.5429],[-71.4601,-72.6292]]],[[[167.0344,-22.2375],[166.9157,-22.3956],[166.4367,-22.308],[166.0612,-21.8912],[164.9514,-21.3538],[164.3755,-20.774],[163.992,-20.0831],[165.2175,-20.7644],[165.6231,-21.268],[166.3704,-21.6589],[167.0344,-22.2375]]],[[[-180,-16.4899],[-179.8977,-16.4298],[-179.952,-16.523],[-180,-16.4899]]],[[[-180,-16.1491],[-179.9386,-16.1213],[-179.9789,-16.1628],[-180,-16.1491]]],[[[167.1406,-15.5356],[166.7539,-15.6277],[166.5562,-14.6459],[166.8132,-15.1604],[167.0829,-14.9289],[167.2472,-15.4982],[167.1406,-15.5356]]],[[[159.8594,-8.5113],[158.9481,-8.0491],[158.452,-7.532],[159.4026,-7.9824],[159.8421,-8.3256],[159.8594,-8.5113]]],[[[-60.0809,45.7924],[-61.2846,45.5477],[-61.5515,46.0218],[-60.6421,47.0037],[-60.3961,47.0264],[-60.4958,46.8955],[-60.3108,46.8544],[-60.3518,46.6013],[-60.6058,46.2113],[-60.4269,46.284],[-61.1186,45.9494],[-60.736,46.0566],[-61.1476,45.7079],[-60.7325,45.6844],[-60.3995,45.998],[-60.7816,45.9543],[-60.2835,46.3275],[-60.2903,46.1562],[-59.8105,46.1699],[-59.9579,46.0275],[-59.8053,45.9355],[-60.0809,45.7924]]],[[[-62.004,46.4641],[-62.5764,46.239],[-62.4559,46.0252],[-62.7507,45.9508],[-63.1168,46.2158],[-62.963,46.32],[-63.2334,46.1455],[-63.6021,46.2169],[-63.7369,46.3964],[-64.1343,46.4156],[-64.0727,46.6422],[-64.4168,46.6828],[-63.9971,47.0673],[-64.0933,46.78],[-63.8336,46.6124],[-63.9356,46.4783],[-62.004,46.4641]]],[[[-64.3192,49.7912],[-64.5106,49.8681],[-64.1328,49.9501],[-63.1241,49.7839],[-61.6608,49.151],[-62.2482,49.0679],[-63.0933,49.2329],[-64.3192,49.7912]]],[[[-159.8422,-79.3486],[-158.9531,-79.7697],[-160.7129,-79.8546],[-164.3265,-79.2874],[-164.1778,-79.0035],[-163.243,-78.7063],[-162.3532,-78.7526],[-159.8422,-79.3486]]],[[[169.2734,-77.4545],[169.3644,-77.5221],[168.8726,-77.6404],[167.4081,-77.644],[166.6773,-77.86],[166.8906,-77.7125],[166.4534,-77.7101],[166.8957,-77.6757],[166.1655,-77.5348],[166.6761,-77.36],[166.4001,-77.2665],[166.6795,-77.1633],[167.5681,-77.4133],[169.2734,-77.4545]]],[[[-120.2612,-73.9278],[-121.0272,-74.1559],[-120.9442,-74.3087],[-121.099,-74.3481],[-122.2435,-74.4133],[-123.0282,-74.2483],[-122.3274,-73.9157],[-123.3498,-73.8388],[-123.1202,-73.6828],[-122.2724,-73.6822],[-120.5402,-73.7534],[-120.378,-73.831],[-120.7352,-73.8795],[-120.2612,-73.9278]]],[[[-127.4732,-73.5496],[-127.4954,-73.4296],[-127.149,-73.2773],[-126.1041,-73.2962],[-125.2128,-73.6398],[-125.8653,-73.781],[-124.9924,-73.8823],[-124.5343,-73.7276],[-123.7544,-74.0725],[-123.9283,-74.2618],[-124.7843,-74.226],[-126.4755,-73.8422],[-126.5465,-73.6703],[-127.2512,-73.7289],[-127.166,-73.6026],[-127.4732,-73.5496]]],[[[121.116,12.1968],[121.0516,12.2209],[121.0599,12.2784],[121.116,12.1968]]]]}},{"type":"Feature","properties":{},"geometry":{"type":"MultiPolygon","coordinates":[[[[55.018,24.9765],[54.9588,24.9738],[54.9714,25.0244],[55.018,24.9765]]],[[[178.8547,71.2126],[178.8486,71.2097],[178.849,71.2099],[178.8547,71.2126]]],[[[172.146,-34.1447],[172.1448,-34.169],[172.1147,-34.1465],[172.146,-34.1447]]],[[[55.3627,-4.6593],[55.3729,-4.6679],[55.362,-4.6637],[55.3627,-4.6593]]],[[[55.399,-4.6686],[55.4068,-4.675],[55.4054,-4.6799],[55.399,-4.6686]]],[[[55.5016,-4.6289],[55.5058,-4.6396],[55.492,-4.6343],[55.5016,-4.6289]]],[[[55.5042,-4.6214],[55.5115,-4.6248],[55.5111,-4.6296],[55.5042,-4.6214]]],[[[55.4979,-4.6008],[55.5144,-4.6006],[55.4968,-4.6147],[55.4979,-4.6008]]],[[[55.7121,-4.2804],[55.743,-4.2783],[55.7329,-4.2925],[55.7121,-4.2804]]],[[[55.663,-4.3282],[55.6656,-4.3341],[55.6604,-4.3349],[55.663,-4.3282]]],[[[55.647,-4.3467],[55.6511,-4.3534],[55.6437,-4.3494],[55.647,-4.3467]]],[[[55.6667,-4.2099],[55.6753,-4.2121],[55.6593,-4.2129],[55.6667,-4.2099]]],[[[55.8318,-4.3375],[55.8571,-4.365],[55.8415,-4.3828],[55.8318,-4.3375]]],[[[55.8686,-4.3174],[55.8846,-4.3367],[55.8735,-4.3326],[55.8686,-4.3174]]],[[[55.8664,-4.2832],[55.8738,-4.2962],[55.8701,-4.2965],[55.8664,-4.2832]]],[[[55.92,-4.3341],[55.9248,-4.3371],[55.9226,-4.3497],[55.92,-4.3341]]],[[[55.9401,-4.5787],[55.9501,-4.591],[55.933,-4.5862],[55.9401,-4.5787]]],[[[134.7097,8.0966],[134.7273,8.0829],[134.7012,8.0502],[134.7097,8.0966]]],[[[123.9916,10.3243],[124.0438,10.3243],[123.9332,10.2543],[123.9916,10.3243]]],[[[-24.5927,16.6243],[-24.5753,16.6055],[-24.6013,16.6098],[-24.5927,16.6243]]],[[[-62.3456,16.9391],[-62.3431,16.9351],[-62.3471,16.932],[-62.3456,16.9391]]],[[[-24.7735,16.8023],[-24.6852,16.7429],[-24.7402,16.7343],[-24.7735,16.8023]]],[[[-62.9582,18.2894],[-62.9257,18.2897],[-62.9567,18.2744],[-62.9582,18.2894]]],[[[-63.1845,18.268],[-63.187,18.2653],[-63.1922,18.2688],[-63.1845,18.268]]],[[[-63.1743,18.2646],[-63.1691,18.2653],[-63.1683,18.2619],[-63.1743,18.2646]]],[[[-76.7702,25.5513],[-76.7459,25.545],[-76.7874,25.5419],[-76.7702,25.5513]]],[[[-76.829,25.5317],[-76.8109,25.5239],[-76.8721,25.5066],[-76.829,25.5317]]],[[[50.3977,26.1747],[50.4235,26.12],[50.3859,26.1232],[50.3977,26.1747]]],[[[50.6016,26.2789],[50.6553,26.2767],[50.6789,26.208],[50.6016,26.2789]]],[[[-64.8155,32.2888],[-64.8027,32.281],[-64.8325,32.2872],[-64.8155,32.2888]]],[[[50.7743,25.7216],[50.7566,25.5799],[50.7414,25.6742],[50.7743,25.7216]]],[[[50.7756,25.7527],[50.7914,25.7489],[50.7806,25.7451],[50.7756,25.7527]]],[[[50.8047,25.6792],[50.8199,25.6786],[50.8167,25.6691],[50.8047,25.6792]]],[[[50.7933,25.652],[50.8116,25.6318],[50.7908,25.6305],[50.7933,25.652]]],[[[168.2046,-76.0634],[168.2905,-76.0945],[168.2315,-76.1218],[168.2046,-76.0634]]],[[[-68.7086,-56.5235],[-68.7095,-56.5202],[-68.6988,-56.5235],[-68.7086,-56.5235]]],[[[-68.7036,-56.5144],[-68.7205,-56.5076],[-68.7162,-56.5037],[-68.7036,-56.5144]]],[[[-59.2024,-52.9024],[-59.1952,-52.9157],[-59.2043,-52.9354],[-59.2024,-52.9024]]],[[[-74.5336,-52.4561],[-74.4755,-52.4858],[-74.5762,-52.4753],[-74.5336,-52.4561]]],[[[-59.0719,-52.4212],[-59.1143,-52.4473],[-59.1461,-52.4404],[-59.0719,-52.4212]]],[[[-59.5775,-51.782],[-59.5631,-51.8058],[-59.6274,-51.7994],[-59.5775,-51.782]]],[[[-60.6679,-51.6503],[-60.6898,-51.6698],[-60.6957,-51.6051],[-60.6679,-51.6503]]],[[[-74.5872,-51.5895],[-74.5159,-51.6352],[-74.5756,-51.6225],[-74.5872,-51.5895]]],[[[-60.7532,-51.5742],[-60.7379,-51.5886],[-60.8159,-51.5732],[-60.7532,-51.5742]]],[[[-74.4107,-51.576],[-74.3763,-51.5444],[-74.3445,-51.5651],[-74.4107,-51.576]]],[[[-74.7073,-51.5549],[-74.6836,-51.5765],[-74.766,-51.549],[-74.7073,-51.5549]]],[[[-74.9684,-51.4837],[-74.8832,-51.5342],[-74.9856,-51.5317],[-74.9684,-51.4837]]],[[[-60.8941,-51.2023],[-60.8401,-51.1979],[-60.9161,-51.2143],[-60.8941,-51.2023]]],[[[-60.928,-51.0955],[-60.9221,-51.08],[-60.8601,-51.1269],[-60.928,-51.0955]]],[[[-61.1762,-51.045],[-61.1813,-51.0584],[-61.2516,-51.0165],[-61.1762,-51.045]]],[[[179.0684,-47.7141],[179.0722,-47.7136],[179.0725,-47.7164],[179.0684,-47.7141]]],[[[179.0963,-47.7044],[179.0957,-47.708],[179.0949,-47.7048],[179.0963,-47.7044]]],[[[179.0962,-47.7013],[179.0949,-47.6995],[179.096,-47.6987],[179.0962,-47.7013]]],[[[179.0534,-47.6996],[179.0531,-47.696],[179.064,-47.6952],[179.0534,-47.6996]]],[[[179.0414,-47.6932],[179.0409,-47.6913],[179.0422,-47.6918],[179.0414,-47.6932]]],[[[167.7114,-47.1867],[167.7253,-47.1942],[167.7015,-47.207],[167.7114,-47.1867]]],[[[167.4113,-47.1403],[167.4027,-47.1613],[167.4021,-47.1454],[167.4113,-47.1403]]],[[[168.2324,-46.9059],[168.2406,-46.9014],[168.2479,-46.915],[168.2324,-46.9059]]],[[[166.938,-46.5707],[166.9159,-46.5523],[166.9369,-46.5516],[166.938,-46.5707]]],[[[167.8481,-46.45],[167.8512,-46.4611],[167.8325,-46.4539],[167.8481,-46.45]]],[[[166.6218,-46.1014],[166.6561,-46.1121],[166.612,-46.1415],[166.6218,-46.1014]]],[[[166.5232,-46.04],[166.5283,-46.0672],[166.5081,-46.0502],[166.5232,-46.04]]],[[[166.5337,-46.0182],[166.5441,-46.0323],[166.5296,-46.0296],[166.5337,-46.0182]]],[[[166.5718,-45.9837],[166.5623,-46.009],[166.5416,-46.006],[166.5718,-45.9837]]],[[[166.766,-45.7467],[166.6655,-45.7808],[166.6152,-45.7778],[166.766,-45.7467]]],[[[166.5255,-45.7673],[166.4889,-45.7564],[166.5632,-45.7502],[166.5255,-45.7673]]],[[[166.8776,-45.7438],[166.8123,-45.7558],[166.7944,-45.7388],[166.8776,-45.7438]]],[[[-65.9923,-45.0904],[-65.9441,-45.1095],[-65.9902,-45.1106],[-65.9923,-45.0904]]],[[[-65.6006,-45.0452],[-65.5666,-45.0628],[-65.6141,-45.0639],[-65.6006,-45.0452]]],[[[-73.5593,-43.1416],[-73.5047,-43.1802],[-73.5723,-43.2007],[-73.5593,-43.1416]]],[[[174.9344,-40.8228],[174.9341,-40.855],[174.8735,-40.8901],[174.9344,-40.8228]]],[[[147.8537,-40.292],[147.9048,-40.308],[147.8646,-40.3234],[147.8537,-40.292]]],[[[147.7505,-40.0338],[147.7839,-40.0372],[147.7254,-40.1031],[147.7505,-40.0338]]],[[[147.3596,-39.4672],[147.3226,-39.5064],[147.3067,-39.482],[147.3596,-39.4672]]],[[[-73.9093,-38.441],[-73.9045,-38.4427],[-73.9106,-38.4445],[-73.9093,-38.441]]],[[[-73.9013,-38.4233],[-73.9018,-38.4254],[-73.9034,-38.4234],[-73.9013,-38.4233]]],[[[-73.9335,-38.4146],[-73.9338,-38.4115],[-73.9308,-38.4125],[-73.9335,-38.4146]]],[[[-73.9418,-38.4096],[-73.9424,-38.4118],[-73.9439,-38.4098],[-73.9418,-38.4096]]],[[[-73.9687,-38.3155],[-73.9681,-38.3128],[-73.9663,-38.3148],[-73.9687,-38.3155]]],[[[-58.3151,-34.1782],[-58.2874,-34.2623],[-58.345,-34.2258],[-58.3151,-34.1782]]],[[[122.2428,-34.1128],[122.2584,-34.1231],[122.2379,-34.1639],[122.2428,-34.1128]]],[[[-48.3637,-25.495],[-48.2868,-25.5392],[-48.3074,-25.5708],[-48.3637,-25.495]]],[[[-45.163,-23.8023],[-45.1146,-23.8039],[-45.1491,-23.8166],[-45.163,-23.8023]]],[[[150.9736,-23.1642],[150.9888,-23.186],[150.9391,-23.1965],[150.9736,-23.1642]]],[[[150.8974,-23.0629],[150.9101,-23.0827],[150.886,-23.0794],[150.8974,-23.0629]]],[[[152.724,-22.3596],[152.7246,-22.3563],[152.7249,-22.3596],[152.724,-22.3596]]],[[[152.7354,-22.3459],[152.7332,-22.3427],[152.736,-22.3443],[152.7354,-22.3459]]],[[[150.0278,-22.1087],[149.9408,-22.1664],[149.9562,-22.1338],[150.0278,-22.1087]]],[[[149.877,-21.9897],[149.8789,-22.0041],[149.8471,-22.012],[149.877,-21.9897]]],[[[152.4771,-21.9828],[152.4765,-21.985],[152.4749,-21.9829],[152.4771,-21.9828]]],[[[150.1816,-21.9723],[150.166,-22.0041],[150.1505,-21.9716],[150.1816,-21.9723]]],[[[-154.6992,-21.7977],[-154.6968,-21.8065],[-154.7027,-21.7986],[-154.6992,-21.7977]]],[[[152.4179,-21.7916],[152.4168,-21.7891],[152.4191,-21.7909],[152.4179,-21.7916]]],[[[152.4491,-21.7901],[152.45,-21.7879],[152.4515,-21.7891],[152.4491,-21.7901]]],[[[149.8141,-21.5916],[149.8186,-21.6085],[149.7861,-21.6051],[149.8141,-21.5916]]],[[[149.69,-21.3119],[149.6839,-21.3325],[149.6684,-21.3138],[149.69,-21.3119]]],[[[149.9092,-21.0064],[149.8988,-21.0235],[149.8969,-21.0061],[149.9092,-21.0064]]],[[[149.4524,-20.9075],[149.431,-20.9464],[149.4264,-20.9138],[149.4524,-20.9075]]],[[[149.4154,-20.9034],[149.4182,-20.9272],[149.3875,-20.9093],[149.4154,-20.9034]]],[[[149.6131,-20.853],[149.6197,-20.8829],[149.5879,-20.8814],[149.6131,-20.853]]],[[[149.2768,-20.8015],[149.2648,-20.8285],[149.2529,-20.808],[149.2768,-20.8015]]],[[[149.2954,-20.7859],[149.2997,-20.8061],[149.2759,-20.7978],[149.2954,-20.7859]]],[[[149.4715,-20.7332],[149.4834,-20.7462],[149.4735,-20.7501],[149.4715,-20.7332]]],[[[149.1507,-20.6659],[149.1649,-20.6767],[149.1371,-20.699],[149.1507,-20.6659]]],[[[116.5163,-20.5841],[116.5561,-20.6179],[116.4673,-20.605],[116.5163,-20.5841]]],[[[148.8807,-20.3768],[148.8594,-20.3794],[148.8609,-20.3183],[148.8807,-20.3768]]],[[[-40.305,-20.2787],[-40.2914,-20.3032],[-40.3562,-20.3157],[-40.305,-20.2787]]],[[[148.8503,-20.2559],[148.8325,-20.2861],[148.8299,-20.2593],[148.8503,-20.2559]]],[[[-174.7981,-20.2432],[-174.7891,-20.2671],[-174.8129,-20.2554],[-174.7981,-20.2432]]],[[[149.6922,-20.0281],[149.6917,-20.0302],[149.6901,-20.0283],[149.6922,-20.0281]]],[[[158.3154,-19.8543],[158.3329,-19.8736],[158.3209,-19.8676],[158.3154,-19.8543]]],[[[-175.0349,-19.661],[-175.014,-19.6634],[-175.0199,-19.6848],[-175.0349,-19.661]]],[[[-158.9176,-19.2429],[-158.9036,-19.2401],[-158.8985,-19.2545],[-158.9176,-19.2429]]],[[[146.1716,-18.1557],[146.1868,-18.1717],[146.1502,-18.1775],[146.1716,-18.1557]]],[[[146.172,-17.9707],[146.1366,-17.941],[146.1447,-17.9271],[146.172,-17.9707]]],[[[145.9871,-16.9298],[146.0033,-16.9272],[145.989,-16.9455],[145.9871,-16.9298]]],[[[59.492,-16.8209],[59.4968,-16.817],[59.4983,-16.8194],[59.492,-16.8209]]],[[[59.5075,-16.8178],[59.5089,-16.8147],[59.511,-16.817],[59.5075,-16.8178]]],[[[123.5105,-16.6151],[123.5046,-16.6424],[123.457,-16.623],[123.5105,-16.6151]]],[[[59.6963,-16.6009],[59.6958,-16.603],[59.6943,-16.6011],[59.6963,-16.6009]]],[[[123.3817,-16.574],[123.3587,-16.5814],[123.3493,-16.5339],[123.3817,-16.574]]],[[[59.613,-16.4238],[59.6159,-16.4257],[59.6135,-16.4259],[59.613,-16.4238]]],[[[123.352,-16.4372],[123.3415,-16.4422],[123.3473,-16.4163],[123.352,-16.4372]]],[[[123.1167,-16.4298],[123.0877,-16.4249],[123.1002,-16.4154],[123.1167,-16.4298]]],[[[123.2165,-16.3923],[123.2178,-16.4142],[123.1992,-16.4241],[123.2165,-16.3923]]],[[[123.2026,-16.4053],[123.1532,-16.4285],[123.1685,-16.3868],[123.2026,-16.4053]]],[[[124.2468,-16.3774],[124.2178,-16.3786],[124.2165,-16.3469],[124.2468,-16.3774]]],[[[123.3488,-16.3595],[123.3338,-16.3571],[123.3382,-16.3326],[123.3488,-16.3595]]],[[[123.6179,-16.3356],[123.6266,-16.3549],[123.6,-16.3322],[123.6179,-16.3356]]],[[[123.5392,-16.2611],[123.5238,-16.2783],[123.5064,-16.2577],[123.5392,-16.2611]]],[[[123.9205,-16.2647],[123.91,-16.2786],[123.8608,-16.2384],[123.9205,-16.2647]]],[[[124.1266,-16.2392],[124.1424,-16.2486],[124.0952,-16.2512],[124.1266,-16.2392]]],[[[123.4624,-16.2368],[123.5274,-16.2529],[123.4937,-16.2847],[123.4624,-16.2368]]],[[[123.3317,-16.164],[123.3252,-16.1474],[123.3506,-16.1631],[123.3317,-16.164]]],[[[123.5035,-16.1601],[123.5223,-16.1437],[123.5231,-16.1589],[123.5035,-16.1601]]],[[[124.0903,-16.1594],[124.0602,-16.1545],[124.0625,-16.1319],[124.0903,-16.1594]]],[[[123.4106,-16.121],[123.3877,-16.1276],[123.3931,-16.1085],[123.4106,-16.121]]],[[[123.7842,-16.1318],[123.7691,-16.1585],[123.6823,-16.1112],[123.7842,-16.1318]]],[[[124.0653,-16.11],[124.0673,-16.0851],[124.0952,-16.1048],[124.0653,-16.11]]],[[[123.6272,-16.0946],[123.6266,-16.1065],[123.5824,-16.0842],[123.6272,-16.0946]]],[[[123.4072,-16.0666],[123.4198,-16.0747],[123.3792,-16.0614],[123.4072,-16.0666]]],[[[123.5579,-16.0763],[123.5457,-16.0996],[123.5207,-16.0675],[123.5579,-16.0763]]],[[[123.2996,-16.0357],[123.2886,-16.0499],[123.2734,-16.0481],[123.2996,-16.0357]]],[[[123.5089,-16.0224],[123.5488,-16.0471],[123.5388,-16.0548],[123.5089,-16.0224]]],[[[-173.7645,-15.9486],[-173.766,-15.9571],[-173.7688,-15.9485],[-173.7645,-15.9486]]],[[[123.683,-15.9667],[123.6881,-15.93],[123.6963,-15.9502],[123.683,-15.9667]]],[[[124.2156,-15.9212],[124.2268,-15.9371],[124.2121,-15.9413],[124.2156,-15.9212]]],[[[124.229,-15.9503],[124.2035,-15.9674],[124.1923,-15.9172],[124.229,-15.9503]]],[[[124.5925,-15.9109],[124.5798,-15.9539],[124.5303,-15.9682],[124.5925,-15.9109]]],[[[124.4619,-15.9185],[124.4456,-15.99],[124.4484,-15.9114],[124.4619,-15.9185]]],[[[-173.7137,-15.8591],[-173.7182,-15.8473],[-173.7135,-15.851],[-173.7137,-15.8591]]],[[[-179.8931,-15.7347],[-179.8881,-15.7582],[-179.9576,-15.7125],[-179.8931,-15.7347]]],[[[136.6763,-15.6005],[136.6616,-15.6124],[136.6489,-15.5995],[136.6763,-15.6005]]],[[[136.7878,-15.5622],[136.8348,-15.5562],[136.8369,-15.5794],[136.7878,-15.5622]]],[[[124.2717,-15.2826],[124.276,-15.3106],[124.2286,-15.3202],[124.2717,-15.2826]]],[[[124.8333,-15.2402],[124.8434,-15.2748],[124.7901,-15.2739],[124.8333,-15.2402]]],[[[124.7362,-14.9093],[124.7477,-14.9081],[124.7372,-14.9429],[124.7362,-14.9093]]],[[[129.7063,-14.7922],[129.7179,-14.8159],[129.6718,-14.7878],[129.7063,-14.7922]]],[[[128.3178,-14.7434],[128.3126,-14.764],[128.2966,-14.7385],[128.3178,-14.7434]]],[[[145.4701,-14.6622],[145.4427,-14.6774],[145.4468,-14.6493],[145.4701,-14.6622]]],[[[144.963,-14.5],[144.9824,-14.5143],[144.9542,-14.5057],[144.963,-14.5]]],[[[124.9935,-14.5003],[124.9782,-14.527],[124.9808,-14.4981],[124.9935,-14.5003]]],[[[125.4845,-14.4893],[125.4703,-14.5114],[125.4443,-14.4816],[125.4845,-14.4893]]],[[[125.5402,-14.4713],[125.5119,-14.4554],[125.5292,-14.4243],[125.5402,-14.4713]]],[[[124.9771,-14.419],[124.9623,-14.3951],[124.9742,-14.3818],[124.9771,-14.419]]],[[[125.9692,-14.3315],[125.9484,-14.384],[125.9255,-14.3742],[125.9692,-14.3315]]],[[[126.0321,-14.3107],[125.999,-14.3401],[125.994,-14.2892],[126.0321,-14.3107]]],[[[125.2962,-14.2703],[125.3107,-14.2735],[125.2997,-14.2932],[125.2962,-14.2703]]],[[[144.2656,-14.1664],[144.2759,-14.1983],[144.2367,-14.1882],[144.2656,-14.1664]]],[[[144.2358,-14.1568],[144.2048,-14.183],[144.2245,-14.1329],[144.2358,-14.1568]]],[[[144.5083,-14.1226],[144.532,-14.1222],[144.5239,-14.1325],[144.5083,-14.1226]]],[[[125.703,-14.1172],[125.6989,-14.1467],[125.6909,-14.1144],[125.703,-14.1172]]],[[[125.6304,-13.9288],[125.6462,-13.9515],[125.6276,-13.9602],[125.6304,-13.9288]]],[[[126.3093,-13.8998],[126.3159,-13.9174],[126.3062,-13.9269],[126.3093,-13.8998]]],[[[136.337,-13.8288],[136.3705,-13.812],[136.3614,-13.8465],[136.337,-13.8288]]],[[[136.5267,-13.7475],[136.4679,-13.7283],[136.5135,-13.6964],[136.5267,-13.7475]]],[[[136.9456,-13.6263],[136.9521,-13.6373],[136.9233,-13.6472],[136.9456,-13.6263]]],[[[136.0778,-13.4507],[136.1071,-13.4746],[136.0722,-13.4754],[136.0778,-13.4507]]],[[[-163.1756,-13.2792],[-163.1742,-13.2812],[-163.1762,-13.2813],[-163.1756,-13.2792]]],[[[-163.0845,-13.2538],[-163.0824,-13.2581],[-163.0843,-13.256],[-163.0845,-13.2538]]],[[[130.0181,-13.1098],[130.0781,-13.1758],[130.0163,-13.1798],[130.0181,-13.1098]]],[[[130.3916,-12.6281],[130.3792,-12.6463],[130.363,-12.6295],[130.3916,-12.6281]]],[[[130.4044,-12.5715],[130.4287,-12.5859],[130.4123,-12.5939],[130.4044,-12.5715]]],[[[143.4036,-12.2877],[143.4084,-12.2856],[143.4096,-12.2944],[143.4036,-12.2877]]],[[[136.1511,-12.1814],[136.1055,-12.1928],[136.1192,-12.1702],[136.1511,-12.1814]]],[[[131.0216,-12.1061],[131.0353,-12.1311],[131.0085,-12.1214],[131.0216,-12.1061]]],[[[131.1006,-12.0555],[131.1218,-12.0712],[131.0587,-12.0715],[131.1006,-12.0555]]],[[[131.0605,-12.037],[131.0322,-12.062],[130.9998,-12.0543],[131.0605,-12.037]]],[[[143.2589,-11.977],[143.273,-11.9925],[143.2626,-11.9901],[143.2589,-11.977]]],[[[143.4689,-11.9143],[143.4754,-11.9207],[143.4689,-11.9281],[143.4689,-11.9143]]],[[[135.977,-11.8551],[135.9458,-11.9061],[135.9412,-11.8845],[135.977,-11.8551]]],[[[136.6805,-11.8243],[136.6722,-11.836],[136.6413,-11.8434],[136.6805,-11.8243]]],[[[136.084,-11.7487],[136.102,-11.7485],[136.0775,-11.7755],[136.084,-11.7487]]],[[[135.1545,-11.6867],[135.1582,-11.7131],[135.1464,-11.7001],[135.1545,-11.6867]]],[[[136.8257,-11.6603],[136.8338,-11.6722],[136.8154,-11.6765],[136.8257,-11.6603]]],[[[144.0158,-11.6009],[144.0169,-11.5977],[144.0195,-11.6017],[144.0158,-11.6009]]],[[[143.86,-11.5822],[143.8595,-11.5844],[143.8579,-11.5824],[143.86,-11.5822]]],[[[132.122,-11.5692],[132.1421,-11.618],[132.1203,-11.6282],[132.122,-11.5692]]],[[[132.2978,-11.5711],[132.3215,-11.5858],[132.3103,-11.6017],[132.2978,-11.5711]]],[[[-165.4188,-11.5555],[-165.4125,-11.5643],[-165.4185,-11.5607],[-165.4188,-11.5555]]],[[[136.1187,-11.557],[136.11,-11.5686],[136.113,-11.5444],[136.1187,-11.557]]],[[[153.2499,-11.2944],[153.2432,-11.3238],[153.2329,-11.3163],[153.2499,-11.2944]]],[[[152.1362,-11.2654],[152.133,-11.2574],[152.1384,-11.2574],[152.1362,-11.2654]]],[[[152.9228,-11.1655],[152.9217,-11.1874],[152.9013,-11.1651],[152.9228,-11.1655]]],[[[152.7682,-11.1548],[152.7889,-11.1571],[152.771,-11.1663],[152.7682,-11.1548]]],[[[153.0166,-11.1539],[153.0215,-11.214],[152.9737,-11.1896],[153.0166,-11.1539]]],[[[153.0703,-11.1501],[153.0829,-11.167],[153.0589,-11.1734],[153.0703,-11.1501]]],[[[132.9125,-11.1552],[132.8765,-11.175],[132.854,-11.1525],[132.9125,-11.1552]]],[[[152.3372,-11.1336],[152.3344,-11.1439],[152.3154,-11.1301],[152.3372,-11.1336]]],[[[152.7037,-11.1328],[152.6652,-11.1428],[152.6886,-11.1218],[152.7037,-11.1328]]],[[[133.016,-11.0766],[133.0142,-11.0741],[133.0171,-11.0741],[133.016,-11.0766]]],[[[152.5836,-11.0819],[152.561,-11.1046],[152.5457,-11.0778],[152.5836,-11.0819]]],[[[133.0017,-11.0641],[132.9949,-11.0934],[132.9745,-11.0509],[133.0017,-11.0641]]],[[[132.8216,-10.9745],[132.8223,-11.0025],[132.8145,-10.9722],[132.8216,-10.9745]]],[[[122.881,-10.9764],[122.8723,-10.9993],[122.8421,-10.9612],[122.881,-10.9764]]],[[[-165.8054,-10.9389],[-165.8038,-10.9475],[-165.8247,-10.9492],[-165.8054,-10.9389]]],[[[162.427,-10.8881],[162.4446,-10.8828],[162.4508,-10.9003],[162.427,-10.8881]]],[[[152.1806,-10.8151],[152.1898,-10.8167],[152.1799,-10.819],[152.1806,-10.8151]]],[[[162.4681,-10.8069],[162.4896,-10.8358],[162.4638,-10.8543],[162.4681,-10.8069]]],[[[151.922,-10.8137],[151.9156,-10.8025],[151.9259,-10.8071],[151.922,-10.8137]]],[[[122.676,-10.811],[122.6773,-10.8293],[122.6401,-10.7983],[122.676,-10.811]]],[[[179.5031,-10.7721],[179.4992,-10.7681],[179.5046,-10.7691],[179.5031,-10.7721]]],[[[151.686,-10.7682],[151.6968,-10.7673],[151.7028,-10.7757],[151.686,-10.7682]]],[[[152.4054,-10.7627],[152.4121,-10.7835],[152.383,-10.7777],[152.4054,-10.7627]]],[[[151.3075,-10.7525],[151.3193,-10.7517],[151.3159,-10.7608],[151.3075,-10.7525]]],[[[151.2431,-10.7222],[151.236,-10.7128],[151.2513,-10.7137],[151.2431,-10.7222]]],[[[152.3922,-10.7083],[152.3447,-10.7108],[152.3478,-10.6763],[152.3922,-10.7083]]],[[[165.7955,-10.6674],[165.8271,-10.6748],[165.78,-10.7018],[165.7955,-10.6674]]],[[[142.6589,-10.626],[142.6515,-10.6568],[142.6356,-10.6253],[142.6589,-10.626]]],[[[151.2879,-10.622],[151.304,-10.6239],[151.2972,-10.6306],[151.2879,-10.622]]],[[[151.2395,-10.6083],[151.2456,-10.6237],[151.2181,-10.6009],[151.2395,-10.6083]]],[[[151.1922,-10.5825],[151.2092,-10.6008],[151.186,-10.5899],[151.1922,-10.5825]]],[[[150.7376,-10.6154],[150.6827,-10.6041],[150.7031,-10.5794],[150.7376,-10.6154]]],[[[142.2123,-10.5284],[142.2185,-10.5668],[142.1953,-10.5751],[142.2123,-10.5284]]],[[[142.3145,-10.5079],[142.3065,-10.5446],[142.287,-10.5259],[142.3145,-10.5079]]],[[[151.4094,-10.3909],[151.4189,-10.3923],[151.4193,-10.4033],[151.4094,-10.3909]]],[[[120.2044,-10.3067],[120.2005,-10.3236],[120.1749,-10.3221],[120.2044,-10.3067]]],[[[151.0231,-10.2686],[151.0157,-10.3148],[150.9954,-10.2765],[151.0231,-10.2686]]],[[[161.9616,-10.2182],[161.9832,-10.2485],[161.9772,-10.2705],[161.9616,-10.2182]]],[[[51.1924,-10.101],[51.197,-10.1031],[51.1877,-10.1261],[51.1924,-10.101]]],[[[51.1898,-10.0975],[51.1818,-10.0913],[51.1839,-10.0895],[51.1898,-10.0975]]],[[[51.1807,-10.0922],[51.1734,-10.0955],[51.1769,-10.0876],[51.1807,-10.0922]]],[[[142.8577,-10.0216],[142.8539,-10.0544],[142.8316,-10.0206],[142.8577,-10.0216]]],[[[-150.2356,-10.0012],[-150.2362,-10.0099],[-150.2428,-10.0055],[-150.2356,-10.0012]]],[[[142.1943,-9.955],[142.1787,-9.9753],[142.1633,-9.9529],[142.1943,-9.955]]],[[[-150.2078,-9.9318],[-150.2064,-9.9553],[-150.2082,-9.9601],[-150.2078,-9.9318]]],[[[-150.2115,-9.9192],[-150.2085,-9.9273],[-150.216,-9.915],[-150.2115,-9.9192]]],[[[144.037,-9.918],[144.0586,-9.9093],[144.043,-9.9286],[144.037,-9.918]]],[[[142.9338,-9.853],[142.9143,-9.8694],[142.8965,-9.8556],[142.9338,-9.853]]],[[[142.6458,-9.7624],[142.626,-9.7778],[142.6241,-9.766],[142.6458,-9.7624]]],[[[150.8805,-9.7555],[150.863,-9.7697],[150.8517,-9.7471],[150.8805,-9.7555]]],[[[143.7702,-9.5829],[143.7638,-9.6022],[143.7552,-9.5839],[143.7702,-9.5829]]],[[[142.3015,-9.5754],[142.2625,-9.5531],[142.3112,-9.5628],[142.3015,-9.5754]]],[[[-171.2127,-9.405],[-171.2133,-9.4194],[-171.2156,-9.4085],[-171.2127,-9.405]]],[[[-171.2691,-9.3706],[-171.2663,-9.3735],[-171.2688,-9.3764],[-171.2691,-9.3706]]],[[[150.7788,-9.2868],[150.7957,-9.3045],[150.7771,-9.3051],[150.7788,-9.2868]]],[[[151.9369,-9.2864],[151.8723,-9.2809],[151.8908,-9.2658],[151.9369,-9.2864]]],[[[150.7601,-9.2813],[150.7578,-9.3063],[150.7363,-9.2659],[150.7601,-9.2813]]],[[[150.9136,-9.2516],[150.8967,-9.2658],[150.8965,-9.2366],[150.9136,-9.2516]]],[[[150.8656,-9.2291],[150.8591,-9.2074],[150.8799,-9.214],[150.8656,-9.2291]]],[[[-171.8382,-9.1799],[-171.837,-9.1847],[-171.838,-9.1842],[-171.8382,-9.1799]]],[[[-171.8399,-9.1707],[-171.8476,-9.157],[-171.8476,-9.1519],[-171.8399,-9.1707]]],[[[143.2508,-9.0966],[143.2612,-9.143],[143.202,-9.1301],[143.2508,-9.0966]]],[[[143.2127,-9.0999],[143.1965,-9.0704],[143.231,-9.0845],[143.2127,-9.0999]]],[[[-157.9858,-9.0975],[-157.9794,-9.1128],[-158.0109,-9.0667],[-157.9858,-9.0975]]],[[[39.5608,-9.0341],[39.6124,-9.059],[39.6076,-9.0945],[39.5608,-9.0341]]],[[[-157.9125,-9.0304],[-157.9212,-9.0286],[-157.927,-9.015],[-157.9125,-9.0304]]],[[[-158.0318,-9.0599],[-158.0376,-9.0594],[-158.0648,-9.0146],[-158.0318,-9.0599]]],[[[143.4279,-8.9719],[143.4376,-9.0182],[143.3951,-9.0351],[143.4279,-8.9719]]],[[[160.0284,-8.8732],[160.0422,-8.905],[159.9905,-8.9155],[160.0284,-8.8732]]],[[[120.3038,-8.8566],[120.2984,-8.892],[120.263,-8.8867],[120.3038,-8.8566]]],[[[119.7927,-8.7955],[119.8,-8.8149],[119.7714,-8.817],[119.7927,-8.7955]]],[[[143.4342,-8.7029],[143.4571,-8.74],[143.4503,-8.7731],[143.4342,-8.7029]]],[[[119.2323,-8.6568],[119.2258,-8.6891],[119.2136,-8.6735],[119.2323,-8.6568]]],[[[143.4092,-8.6851],[143.3543,-8.6516],[143.3954,-8.6567],[143.4092,-8.6851]]],[[[119.5853,-8.6355],[119.562,-8.6872],[119.5454,-8.6604],[119.5853,-8.6355]]],[[[39.5014,-8.5095],[39.5276,-8.5426],[39.4942,-8.5261],[39.5014,-8.5095]]],[[[119.7167,-8.4984],[119.7355,-8.4977],[119.7188,-8.5128],[119.7167,-8.4984]]],[[[150.9649,-8.5607],[150.9191,-8.5804],[150.9512,-8.4824],[150.9649,-8.5607]]],[[[143.6621,-8.4835],[143.6494,-8.5357],[143.6004,-8.5193],[143.6621,-8.4835]]],[[[143.7654,-8.5091],[143.7263,-8.4367],[143.779,-8.4581],[143.7654,-8.5091]]],[[[116.9241,-8.4288],[116.9165,-8.446],[116.8381,-8.4462],[116.9241,-8.4288]]],[[[117.0053,-8.4075],[116.9847,-8.4311],[116.9878,-8.4019],[117.0053,-8.4075]]],[[[119.3257,-8.4112],[119.2867,-8.4679],[119.2704,-8.3993],[119.3257,-8.4112]]],[[[119.8647,-8.376],[119.8582,-8.3969],[119.8372,-8.3862],[119.8647,-8.376]]],[[[116.0295,-8.3557],[116.0419,-8.3465],[116.0383,-8.359],[116.0295,-8.3557]]],[[[143.4197,-8.306],[143.4704,-8.3343],[143.3078,-8.3224],[143.4197,-8.306]]],[[[128.7204,-8.2048],[128.7182,-8.206],[128.7186,-8.2039],[128.7204,-8.2048]]],[[[117.4142,-8.1378],[117.3779,-8.1647],[117.3494,-8.1603],[117.4142,-8.1378]]],[[[129.9015,-8.1061],[129.9129,-8.128],[129.8073,-8.2127],[129.9015,-8.1061]]],[[[117.7409,-8.1061],[117.7651,-8.1046],[117.7572,-8.1172],[117.7409,-8.1061]]],[[[178.4297,-7.9733],[178.4269,-7.9745],[178.4289,-7.9705],[178.4297,-7.9733]]],[[[125.7416,-7.9786],[125.7378,-8.0556],[125.7197,-7.988],[125.7416,-7.9786]]],[[[129.5463,-7.8875],[129.5387,-7.9575],[129.5067,-7.856],[129.5463,-7.8875]]],[[[177.1646,-7.2903],[177.1716,-7.2913],[177.1668,-7.2966],[177.1646,-7.2903]]],[[[121.7542,-7.2657],[121.7779,-7.2874],[121.7331,-7.2988],[121.7542,-7.2657]]],[[[113.7835,-7.213],[113.7964,-7.2318],[113.7487,-7.215],[113.7835,-7.213]]],[[[113.9429,-7.2162],[113.8845,-7.1968],[113.9172,-7.1773],[113.9429,-7.2162]]],[[[114.759,-7.1269],[114.7819,-7.119],[114.7698,-7.1405],[114.759,-7.1269]]],[[[134.4935,-7.062],[134.5226,-7.0992],[134.4729,-7.089],[134.4935,-7.062]]],[[[114.0381,-7.0748],[114.0562,-7.1133],[113.9347,-7.0741],[114.0381,-7.0748]]],[[[115.6151,-7.0417],[115.6255,-7.0659],[115.5939,-7.0527],[115.6151,-7.0417]]],[[[105.5342,-6.9973],[105.5657,-7.0122],[105.5186,-7.011],[105.5342,-6.9973]]],[[[131.9862,-6.9907],[131.956,-7.0592],[131.9104,-7.0681],[131.9862,-6.9907]]],[[[115.5327,-6.9973],[115.5278,-7.0328],[115.5047,-7.0081],[115.5327,-6.9973]]],[[[115.4683,-6.9924],[115.4266,-6.9876],[115.4623,-6.9723],[115.4683,-6.9924]]],[[[114.1605,-6.9916],[114.1847,-6.9731],[114.1773,-7.0073],[114.1605,-6.9916]]],[[[115.9011,-6.9633],[115.8921,-6.9519],[115.9251,-6.9636],[115.9011,-6.9633]]],[[[105.7944,-6.954],[105.779,-6.9731],[105.7636,-6.9664],[105.7944,-6.954]]],[[[115.6605,-6.9854],[115.615,-7.002],[115.5593,-6.9632],[115.6605,-6.9854]]],[[[116.2376,-6.9381],[116.2589,-6.943],[116.2459,-6.9519],[116.2376,-6.9381]]],[[[134.5022,-6.9519],[134.5116,-6.9295],[134.5268,-6.9511],[134.5022,-6.9519]]],[[[131.499,-6.8622],[131.494,-6.9057],[131.4605,-6.9126],[131.499,-6.8622]]],[[[134.6473,-6.8469],[134.5793,-6.8985],[134.5742,-6.8777],[134.6473,-6.8469]]],[[[120.8093,-6.8073],[120.8014,-6.8584],[120.7838,-6.8093],[120.8093,-6.8073]]],[[[156.0279,-6.7771],[155.9959,-6.8174],[155.9964,-6.7832],[156.0279,-6.7771]]],[[[134.5141,-6.7519],[134.466,-6.762],[134.4908,-6.6694],[134.5141,-6.7519]]],[[[134.8137,-6.4912],[134.7935,-6.564],[134.7571,-6.5514],[134.8137,-6.4912]]],[[[134.7337,-6.4197],[134.7082,-6.4171],[134.7334,-6.3679],[134.7337,-6.4197]]],[[[105.4539,-6.1355],[105.455,-6.1732],[105.4145,-6.1542],[105.4539,-6.1355]]],[[[105.3877,-6.0735],[105.3977,-6.0861],[105.3604,-6.116],[105.3877,-6.0735]]],[[[105.8363,-5.9457],[105.8573,-5.9428],[105.8499,-5.9801],[105.8363,-5.9457]]],[[[106.1514,-5.9253],[106.1608,-5.9366],[106.1495,-5.9435],[106.1514,-5.9253]]],[[[105.5095,-5.9401],[105.4889,-5.9717],[105.4603,-5.9544],[105.5095,-5.9401]]],[[[105.4986,-5.8905],[105.5322,-5.8534],[105.5258,-5.8936],[105.4986,-5.8905]]],[[[110.5956,-5.8498],[110.6052,-5.8523],[110.5982,-5.8692],[110.5956,-5.8498]]],[[[110.1836,-5.8161],[110.1906,-5.8132],[110.1929,-5.8195],[110.1836,-5.8161]]],[[[106.2812,-5.8068],[106.2816,-5.8156],[106.2591,-5.8088],[106.2812,-5.8068]]],[[[105.2919,-5.8001],[105.2812,-5.8385],[105.2268,-5.8294],[105.2919,-5.8001]]],[[[110.4889,-5.8116],[110.4522,-5.8163],[110.4819,-5.7776],[110.4889,-5.8116]]],[[[110.4031,-5.7424],[110.4114,-5.7421],[110.4064,-5.7496],[110.4031,-5.7424]]],[[[110.2503,-5.7401],[110.2463,-5.767],[110.235,-5.739],[110.2503,-5.7401]]],[[[134.7774,-5.7602],[134.773,-5.7332],[134.7956,-5.7465],[134.7774,-5.7602]]],[[[123.9925,-5.7529],[123.9327,-5.7779],[123.8941,-5.7287],[123.9925,-5.7529]]],[[[132.1906,-5.7247],[132.1789,-5.772],[132.1656,-5.7328],[132.1906,-5.7247]]],[[[105.2337,-5.6769],[105.2083,-5.6823],[105.2106,-5.6631],[105.2337,-5.6769]]],[[[122.5416,-5.6334],[122.5453,-5.6901],[122.4569,-5.6948],[122.5416,-5.6334]]],[[[134.2916,-5.5621],[134.3216,-5.592],[134.2435,-5.6397],[134.2916,-5.5621]]],[[[114.451,-5.5471],[114.4414,-5.5864],[114.3985,-5.5671],[114.451,-5.5471]]],[[[159.5436,-5.5109],[159.5483,-5.5055],[159.5512,-5.5135],[159.5436,-5.5109]]],[[[122.5267,-5.5085],[122.4887,-5.5597],[122.4818,-5.5278],[122.5267,-5.5085]]],[[[134.2339,-5.5165],[134.263,-5.5092],[134.234,-5.5525],[134.2339,-5.5165]]],[[[119.2699,-5.5367],[119.2881,-5.4759],[119.3053,-5.5239],[119.2699,-5.5367]]],[[[159.485,-5.4788],[159.4822,-5.4723],[159.4956,-5.4811],[159.485,-5.4788]]],[[[159.7072,-5.4745],[159.7135,-5.4795],[159.7081,-5.4985],[159.7072,-5.4745]]],[[[114.436,-5.4312],[114.4414,-5.4656],[114.4161,-5.4378],[114.436,-5.4312]]],[[[159.3516,-5.4285],[159.374,-5.4416],[159.3585,-5.4393],[159.3516,-5.4285]]],[[[117.9381,-5.3691],[117.9483,-5.4151],[117.9272,-5.3904],[117.9381,-5.3691]]],[[[134.5768,-5.3485],[134.5269,-5.4059],[134.4861,-5.3823],[134.5768,-5.3485]]],[[[124.3484,-5.3308],[124.3479,-5.3508],[124.3356,-5.3288],[124.3484,-5.3308]]],[[[117.6493,-5.1972],[117.6786,-5.2],[117.6518,-5.2252],[117.6493,-5.1972]]],[[[114.6009,-5.1118],[114.5996,-5.1118],[114.5996,-5.11],[114.6009,-5.1118]]],[[[159.4116,-5.1149],[159.4105,-5.097],[159.4173,-5.1075],[159.4116,-5.1149]]],[[[114.608,-5.0925],[114.5925,-5.0774],[114.6113,-5.0496],[114.608,-5.0925]]],[[[159.426,-5.009],[159.4196,-5.001],[159.429,-5.0032],[159.426,-5.009]]],[[[115.6555,-4.8968],[115.6633,-4.9116],[115.628,-4.9405],[115.6555,-4.8968]]],[[[123.0956,-4.8355],[123.0385,-4.8241],[123.117,-4.7939],[123.0956,-4.8355]]],[[[155.4618,-4.7832],[155.4712,-4.7785],[155.4649,-4.7866],[155.4618,-4.7832]]],[[[157.0271,-4.7725],[157.0362,-4.7739],[157.0261,-4.7816],[157.0271,-4.7725]]],[[[156.9369,-4.705],[156.9369,-4.7028],[156.9386,-4.7035],[156.9369,-4.705]]],[[[115.7486,-4.6841],[115.7302,-4.7081],[115.7004,-4.7169],[115.7486,-4.6841]]],[[[122.3488,-4.6821],[122.3712,-4.6863],[122.3261,-4.7175],[122.3488,-4.6821]]],[[[159.4343,-4.604],[159.4511,-4.6025],[159.4439,-4.6072],[159.4343,-4.604]]],[[[159.4863,-4.582],[159.4792,-4.5886],[159.4723,-4.524],[159.4863,-4.582]]],[[[122.7363,-4.5426],[122.7383,-4.5725],[122.6924,-4.5483],[122.7363,-4.5426]]],[[[152.0843,-4.1022],[152.0615,-4.1289],[152.0553,-4.1],[152.0843,-4.1022]]],[[[121.4424,-4.1092],[121.3887,-4.1647],[121.3812,-4.1056],[121.4424,-4.1092]]],[[[101.0295,-4.0039],[101.0472,-4.0042],[101.03,-4.0223],[101.0295,-4.0039]]],[[[134.1769,-4.0009],[134.0623,-3.9158],[134.1068,-3.9103],[134.1769,-4.0009]]],[[[130.9395,-3.8762],[130.9116,-3.8993],[130.9137,-3.8777],[130.9395,-3.8762]]],[[[133.9264,-3.8284],[133.9019,-3.8392],[133.8643,-3.7223],[133.9264,-3.8284]]],[[[100.6729,-3.4734],[100.6607,-3.4836],[100.6305,-3.4738],[100.6729,-3.4734]]],[[[130.7957,-3.3056],[130.7617,-3.3157],[130.7721,-3.294],[130.7957,-3.3056]]],[[[113.3928,-3.2521],[113.3997,-3.2806],[113.3707,-3.3091],[113.3928,-3.2521]]],[[[143.3273,-3.245],[143.2738,-3.2207],[143.3059,-3.2223],[143.3273,-3.245]]],[[[107.5375,-3.2],[107.5223,-3.252],[107.5168,-3.1992],[107.5375,-3.2]]],[[[107.5243,-2.9973],[107.5118,-2.9752],[107.523,-2.969],[107.5243,-2.9973]]],[[[135.7881,-2.9384],[135.7095,-2.9733],[135.735,-2.9373],[135.7881,-2.9384]]],[[[107.4555,-2.9285],[107.4367,-2.9874],[107.4255,-2.9501],[107.4555,-2.9285]]],[[[116.1852,-2.9302],[116.1582,-2.9378],[116.1471,-2.9094],[116.1852,-2.9302]]],[[[106.7375,-2.8764],[106.7424,-2.893],[106.7183,-2.9018],[106.7375,-2.8764]]],[[[110.1828,-2.8653],[110.1886,-2.9133],[110.1358,-2.8988],[110.1828,-2.8653]]],[[[106.8309,-2.8551],[106.8522,-2.8486],[106.8504,-2.8613],[106.8309,-2.8551]]],[[[106.7822,-2.8378],[106.7999,-2.843],[106.783,-2.8464],[106.7822,-2.8378]]],[[[107.4329,-2.8137],[107.3793,-2.8258],[107.4003,-2.7922],[107.4329,-2.8137]]],[[[134.8517,-2.6978],[134.8348,-2.7286],[134.8013,-2.7155],[134.8517,-2.6978]]],[[[110.1192,-2.7351],[110.0452,-2.7467],[110.0985,-2.674],[110.1192,-2.7351]]],[[[147.2977,-2.5417],[147.2708,-2.5798],[147.2635,-2.553],[147.2977,-2.5417]]],[[[133.3608,-2.4537],[133.371,-2.4955],[133.3216,-2.4498],[133.3608,-2.4537]]],[[[107.0744,-2.4078],[107.0763,-2.4216],[107.0648,-2.4172],[107.0744,-2.4078]]],[[[105.7839,-2.4163],[105.7789,-2.4005],[105.7988,-2.4055],[105.7839,-2.4163]]],[[[147.3766,-2.3756],[147.3068,-2.4426],[147.3376,-2.3705],[147.3766,-2.3756]]],[[[133.8931,-2.3021],[133.8753,-2.2844],[133.9242,-2.2778],[133.8931,-2.3021]]],[[[130.5938,-2.2453],[130.5988,-2.2558],[130.5613,-2.2509],[130.5938,-2.2453]]],[[[133.7289,-2.2277],[133.7502,-2.2492],[133.6756,-2.2674],[133.7289,-2.2277]]],[[[130.523,-2.2208],[130.5261,-2.2282],[130.4946,-2.2321],[130.523,-2.2208]]],[[[130.4669,-2.2212],[130.4728,-2.2284],[130.4442,-2.2212],[130.4669,-2.2212]]],[[[130.4421,-2.214],[130.4397,-2.2215],[130.3998,-2.2148],[130.4421,-2.214]]],[[[130.284,-2.1889],[130.2656,-2.2115],[130.2056,-2.197],[130.284,-2.1889]]],[[[133.7463,-2.1831],[133.7527,-2.2105],[133.6764,-2.2334],[133.7463,-2.1831]]],[[[133.8391,-2.1515],[133.8346,-2.195],[133.7822,-2.2052],[133.8391,-2.1515]]],[[[130.9123,-2.1617],[130.8857,-2.1471],[130.9017,-2.1474],[130.9123,-2.1617]]],[[[130.4292,-2.1237],[130.439,-2.1258],[130.4397,-2.13],[130.4292,-2.1237]]],[[[130.4853,-2.1365],[130.4535,-2.1349],[130.4406,-2.1251],[130.4853,-2.1365]]],[[[130.4058,-2.1117],[130.3981,-2.1116],[130.4067,-2.1056],[130.4058,-2.1117]]],[[[130.3984,-2.0925],[130.408,-2.0906],[130.4004,-2.1031],[130.3984,-2.0925]]],[[[130.466,-2.0653],[130.3931,-2.0829],[130.4341,-2.0626],[130.466,-2.0653]]],[[[147.7761,-2.0341],[147.7949,-2.0551],[147.742,-2.0686],[147.7761,-2.0341]]],[[[134.7384,-2.0204],[134.7376,-2.059],[134.7232,-2.027],[134.7384,-2.0204]]],[[[130.6222,-2.0029],[130.6235,-2.0104],[130.5936,-2.0021],[130.6222,-2.0029]]],[[[130.5812,-2.0067],[130.5378,-1.9993],[130.5516,-1.9912],[130.5812,-2.0067]]],[[[136.3595,-1.933],[136.3467,-1.9552],[136.3263,-1.9043],[136.3595,-1.933]]],[[[137.0475,-1.8438],[137.0593,-1.8691],[136.9623,-1.834],[137.0475,-1.8438]]],[[[127.6211,-1.8215],[127.5685,-1.8665],[127.5736,-1.8305],[127.6211,-1.8215]]],[[[124.0326,-1.8622],[124.0106,-1.8716],[124.0052,-1.8102],[124.0326,-1.8622]]],[[[129.6455,-1.8018],[129.6486,-1.8391],[129.6288,-1.8148],[129.6455,-1.8018]]],[[[135.8179,-1.793],[135.8164,-1.8129],[135.7945,-1.8097],[135.8179,-1.793]]],[[[-49.6089,-1.7864],[-49.5504,-1.8208],[-49.6657,-1.852],[-49.6089,-1.7864]]],[[[99.2891,-1.819],[99.2398,-1.8443],[99.2567,-1.7864],[99.2891,-1.819]]],[[[129.6421,-1.7918],[129.6263,-1.7949],[129.6327,-1.7775],[129.6421,-1.7918]]],[[[124.1582,-1.7393],[124.1803,-1.7649],[124.1651,-1.7893],[124.1582,-1.7393]]],[[[128.334,-1.604],[128.3563,-1.6345],[128.319,-1.6653],[128.334,-1.604]]],[[[138.7056,-1.595],[138.7203,-1.5783],[138.7483,-1.623],[138.7056,-1.595]]],[[[130.2371,-1.4685],[130.2507,-1.4788],[130.2075,-1.4921],[130.2371,-1.4685]]],[[[127.6916,-1.2859],[127.6908,-1.2842],[127.6928,-1.2848],[127.6916,-1.2859]]],[[[136.2183,-1.2418],[136.2306,-1.2489],[136.1978,-1.273],[136.2183,-1.2418]]],[[[136.6004,-1.2262],[136.5927,-1.2522],[136.5721,-1.1991],[136.6004,-1.2262]]],[[[123.3127,-1.181],[123.3036,-1.2831],[123.2764,-1.2128],[123.3127,-1.181]]],[[[129.3608,-1.1692],[129.3709,-1.1957],[129.296,-1.1796],[129.3608,-1.1692]]],[[[127.4271,-1.1593],[127.4185,-1.2162],[127.3926,-1.141],[127.4271,-1.1593]]],[[[128.4278,-1.1036],[128.3692,-1.1181],[128.3443,-1.0869],[128.4278,-1.1036]]],[[[104.2048,-1.0484],[104.2009,-1.0451],[104.2029,-1.0392],[104.2048,-1.0484]]],[[[104.2095,-1.0429],[104.239,-1.035],[104.2087,-1.0605],[104.2095,-1.0429]]],[[[131.1448,-1.0077],[131.0746,-1.0878],[131.0908,-1.0134],[131.1448,-1.0077]]],[[[104.4054,-0.863],[104.405,-0.8651],[104.4033,-0.8631],[104.4054,-0.863]]],[[[104.2341,-0.6611],[104.2359,-0.6568],[104.244,-0.6656],[104.2341,-0.6611]]],[[[174.2341,-0.5297],[174.2375,-0.5265],[174.2458,-0.5312],[174.2341,-0.5297]]],[[[104.038,-0.5217],[104.0346,-0.5181],[104.0388,-0.5178],[104.038,-0.5217]]],[[[122.6012,-0.4794],[122.5602,-0.5125],[122.5229,-0.4976],[122.6012,-0.4794]]],[[[104.2207,-0.4238],[104.19,-0.3955],[104.2246,-0.3954],[104.2207,-0.4238]]],[[[104.2006,-0.3892],[104.1815,-0.3651],[104.2295,-0.3749],[104.2006,-0.3892]]],[[[104.1497,-0.3411],[104.1731,-0.3522],[104.1479,-0.3635],[104.1497,-0.3411]]],[[[104.2228,-0.339],[104.2359,-0.3355],[104.2323,-0.3585],[104.2228,-0.339]]],[[[104.9265,-0.1381],[104.9271,-0.1368],[104.928,-0.1386],[104.9265,-0.1381]]],[[[98.188,-0.1148],[98.2084,-0.1305],[98.1896,-0.1454],[98.188,-0.1148]]],[[[104.7001,-0.0539],[104.7243,-0.0875],[104.6957,-0.0626],[104.7001,-0.0539]]],[[[97.8844,-0.0539],[97.8927,-0.0903],[97.8407,-0.0673],[97.8844,-0.0539]]],[[[104.8683,-0.0626],[104.8752,-0.0819],[104.8346,-0.0387],[104.8683,-0.0626]]],[[[130.1113,-0.0376],[130.15,-0.0897],[130.0672,-0.079],[130.1113,-0.0376]]],[[[129.6048,-0.0757],[129.5916,-0.0173],[129.6447,-0.0698],[129.6048,-0.0757]]],[[[104.7728,0.0511],[104.7787,0.0302],[104.7354,0.038],[104.7728,0.0511]]],[[[107.2403,0.1423],[107.2162,0.0983],[107.2057,0.1277],[107.2403,0.1423]]],[[[104.5149,0.1312],[104.5138,0.1118],[104.4868,0.1498],[104.5149,0.1312]]],[[[104.3022,0.1644],[104.3324,0.1049],[104.2953,0.138],[104.3022,0.1644]]],[[[173.5251,0.1788],[173.5505,0.1811],[173.5505,0.1739],[173.5251,0.1788]]],[[[104.2328,0.1947],[104.2339,0.1636],[104.201,0.172],[104.2328,0.1947]]],[[[173.3985,0.2231],[173.4139,0.2072],[173.3914,0.1928],[173.3985,0.2231]]],[[[173.3548,0.2683],[173.3683,0.2379],[173.3482,0.2544],[173.3548,0.2683]]],[[[129.9123,0.3066],[129.885,0.2726],[129.8543,0.3152],[129.9123,0.3066]]],[[[104.3727,0.2974],[104.3613,0.2755],[104.3259,0.3205],[104.3727,0.2974]]],[[[104.3155,0.3402],[104.3117,0.3065],[104.3008,0.3383],[104.3155,0.3402]]],[[[104.4311,0.4014],[104.4364,0.4057],[104.4503,0.3877],[104.4311,0.4014]]],[[[173.9375,0.3889],[173.947,0.3226],[173.9336,0.309],[173.9375,0.3889]]],[[[104.551,0.4216],[104.53,0.3584],[104.5141,0.4269],[104.551,0.4216]]],[[[103.5742,0.4382],[103.5882,0.407],[103.544,0.4463],[103.5742,0.4382]]],[[[104.3996,0.4734],[104.4255,0.46],[104.3989,0.4679],[104.3996,0.4734]]],[[[104.454,0.4729],[104.459,0.4582],[104.4373,0.4788],[104.454,0.4729]]],[[[108.8616,0.5095],[108.861,0.4755],[108.841,0.4953],[108.8616,0.5095]]],[[[104.2975,0.4809],[104.2826,0.5173],[104.2881,0.525],[104.2975,0.4809]]],[[[103.602,0.5229],[103.602,0.4893],[103.57,0.5534],[103.602,0.5229]]],[[[104.2389,0.5366],[104.2201,0.5393],[104.2232,0.5581],[104.2389,0.5366]]],[[[106.9761,0.5983],[106.9789,0.609],[106.986,0.6029],[106.9761,0.5983]]],[[[104.1918,0.5989],[104.2238,0.5774],[104.1966,0.543],[104.1918,0.5989]]],[[[103.6913,0.6312],[103.7004,0.6057],[103.6716,0.6141],[103.6913,0.6312]]],[[[104.0936,0.6386],[104.0871,0.6057],[104.0805,0.6417],[104.0936,0.6386]]],[[[104.3288,0.6623],[104.3117,0.665],[104.3159,0.6852],[104.3288,0.6623]]],[[[104.2971,0.6767],[104.2768,0.6912],[104.2985,0.6929],[104.2971,0.6767]]],[[[103.7367,0.7365],[103.7394,0.6872],[103.6916,0.7191],[103.7367,0.7365]]],[[[103.6775,0.7141],[103.6559,0.7424],[103.6885,0.7266],[103.6775,0.7141]]],[[[104.6414,0.7434],[104.6197,0.6954],[104.6012,0.7012],[104.6414,0.7434]]],[[[104.7126,0.7452],[104.697,0.7439],[104.6917,0.7576],[104.7126,0.7452]]],[[[104.3166,0.7512],[104.3173,0.7624],[104.3597,0.7448],[104.3166,0.7512]]],[[[104.7175,0.7596],[104.6921,0.7861],[104.7477,0.7822],[104.7175,0.7596]]],[[[103.55,0.7728],[103.5434,0.754],[103.5335,0.7902],[103.55,0.7728]]],[[[108.7206,0.7607],[108.6965,0.7951],[108.7088,0.805],[108.7206,0.7607]]],[[[97.3339,0.8358],[97.34,0.8069],[97.3172,0.8211],[97.3339,0.8358]]],[[[104.3608,0.8395],[104.3674,0.83],[104.3587,0.8144],[104.3608,0.8395]]],[[[104.4657,0.8826],[104.464,0.8574],[104.4245,0.8723],[104.4657,0.8826]]],[[[104.6935,0.8485],[104.6642,0.8581],[104.6894,0.8916],[104.6935,0.8485]]],[[[104.6457,0.8916],[104.6259,0.8565],[104.6207,0.8854],[104.6457,0.8916]]],[[[104.0517,0.9185],[104.0508,0.896],[104.0383,0.8898],[104.0517,0.9185]]],[[[104.1463,0.9627],[104.1998,0.9455],[104.1536,0.9331],[104.1463,0.9627]]],[[[104.0711,0.96],[104.0636,0.9185],[104.0511,0.9658],[104.0711,0.96]]],[[[107.4679,0.9693],[107.4524,0.9258],[107.4257,0.9763],[107.4679,0.9693]]],[[[104.253,0.9957],[104.2616,0.9726],[104.2335,0.9777],[104.253,0.9957]]],[[[104.1671,0.9933],[104.1569,1.0117],[104.1812,1.0287],[104.1671,0.9933]]],[[[103.8042,0.9812],[103.7582,1.0128],[103.7744,1.0515],[103.8042,0.9812]]],[[[104.1663,1.0291],[104.1861,1.0678],[104.1904,1.0405],[104.1663,1.0291]]],[[[103.8113,1.099],[103.8125,1.0854],[103.7961,1.0968],[103.8113,1.099]]],[[[103.7202,1.1173],[103.7197,1.1151],[103.7181,1.1171],[103.7202,1.1173]]],[[[107.4025,1.1197],[107.4116,1.099],[107.3921,1.0934],[107.4025,1.1197]]],[[[103.301,1.1483],[103.3036,1.1203],[103.2933,1.1219],[103.301,1.1483]]],[[[103.8876,1.1531],[103.8921,1.1439],[103.8784,1.1453],[103.8876,1.1531]]],[[[103.8679,1.1545],[103.8669,1.1613],[103.8718,1.1592],[103.8679,1.1545]]],[[[103.3994,1.1579],[103.3919,1.1358],[103.3777,1.1561],[103.3994,1.1579]]],[[[103.4159,1.336],[103.4365,1.3261],[103.4244,1.3096],[103.4159,1.336]]],[[[124.7713,1.7139],[124.7279,1.7208],[124.7541,1.7447],[124.7713,1.7139]]],[[[109.0992,2.0771],[109.1088,2.0712],[109.1001,2.0621],[109.0992,2.0771]]],[[[96.638,2.1857],[96.6375,2.1555],[96.6108,2.1932],[96.638,2.1857]]],[[[100.6668,2.2121],[100.6786,2.1698],[100.6232,2.225],[100.6668,2.2121]]],[[[101.0427,2.3198],[101.0168,2.3056],[100.9772,2.3179],[101.0427,2.3198]]],[[[104.1151,2.323],[104.132,2.2869],[104.0947,2.3112],[104.1151,2.323]]],[[[104.5053,2.4544],[104.5424,2.4593],[104.5256,2.432],[104.5053,2.4544]]],[[[108.9377,2.4987],[108.9591,2.5062],[108.9562,2.4844],[108.9377,2.4987]]],[[[104.3283,2.5765],[104.3132,2.6028],[104.3488,2.5812],[104.3283,2.5765]]],[[[108.571,2.695],[108.5832,2.7012],[108.5676,2.6619],[108.571,2.695]]],[[[103.9177,2.7049],[103.9246,2.6875],[103.9109,2.6819],[103.9177,2.7049]]],[[[105.3789,2.747],[105.3777,2.746],[105.3762,2.7493],[105.3789,2.747]]],[[[108.9264,2.7746],[108.9284,2.7574],[108.8875,2.7325],[108.9264,2.7746]]],[[[101.2384,2.9562],[101.2582,2.9671],[101.244,2.9073],[101.2384,2.9562]]],[[[108.8704,3.0482],[108.8496,3.0194],[108.8467,3.0655],[108.8704,3.0482]]],[[[105.9882,3.0528],[105.964,3.032],[105.9845,3.0905],[105.9882,3.0528]]],[[[105.6519,3.1266],[105.655,3.0949],[105.6388,3.1094],[105.6519,3.1266]]],[[[106.418,3.1595],[106.4317,3.1359],[106.4007,3.142],[106.418,3.1595]]],[[[106.1973,3.3031],[106.1702,3.3305],[106.2188,3.3948],[106.1973,3.3031]]],[[[108.0435,3.5978],[108.0488,3.5694],[108.0382,3.5867],[108.0435,3.5978]]],[[[108.0967,3.6418],[108.1246,3.6232],[108.0747,3.5944],[108.0967,3.6418]]],[[[108.0816,3.6434],[108.055,3.6433],[108.0596,3.6741],[108.0816,3.6434]]],[[[108.0397,3.7916],[108.0335,3.7707],[107.9961,3.8225],[108.0397,3.7916]]],[[[107.9085,3.9171],[107.9243,3.9048],[107.9134,3.8896],[107.9085,3.9171]]],[[[107.863,4.1668],[107.8639,4.1344],[107.8463,4.1201],[107.863,4.1668]]],[[[100.5792,4.2128],[100.5464,4.2217],[100.5363,4.2694],[100.5792,4.2128]]],[[[108.1989,4.264],[108.2051,4.2657],[108.1901,4.2434],[108.1989,4.264]]],[[[118.7723,4.6265],[118.7232,4.6028],[118.7474,4.6346],[118.7723,4.6265]]],[[[125.4299,4.6649],[125.4367,4.6695],[125.4317,4.6501],[125.4299,4.6649]]],[[[125.4349,4.6714],[125.4298,4.6783],[125.4373,4.6805],[125.4349,4.6714]]],[[[125.4834,4.7398],[125.473,4.7379],[125.4841,4.7507],[125.4834,4.7398]]],[[[119.4143,4.7794],[119.3988,4.6722],[119.3927,4.7445],[119.4143,4.7794]]],[[[118.3622,4.9805],[118.3014,4.9576],[118.332,4.9923],[118.3622,4.9805]]],[[[120.0119,5.0183],[120.0246,5.0021],[119.9963,4.9557],[120.0119,5.0183]]],[[[120.2112,5.0473],[120.218,5.0211],[120.1867,5.0265],[120.2112,5.0473]]],[[[120.314,5.1254],[120.3055,5.0952],[120.2747,5.0893],[120.314,5.1254]]],[[[120.3315,5.1599],[120.3346,5.1186],[120.3195,5.1341],[120.3315,5.1599]]],[[[120.4964,5.1863],[120.4952,5.1603],[120.4797,5.1946],[120.4964,5.1863]]],[[[120.352,5.217],[120.3524,5.2211],[120.3547,5.2181],[120.352,5.217]]],[[[120.5926,5.2199],[120.5988,5.2045],[120.5776,5.2106],[120.5926,5.2199]]],[[[120.6815,5.2165],[120.6716,5.2114],[120.6591,5.2257],[120.6815,5.2165]]],[[[120.3361,5.2326],[120.3565,5.2244],[120.3415,5.1827],[120.3361,5.2326]]],[[[119.9451,5.2332],[119.9426,5.2366],[119.9462,5.244],[119.9451,5.2332]]],[[[120.2748,5.1777],[120.2676,5.2568],[120.3084,5.2163],[120.2748,5.1777]]],[[[120.3501,5.258],[120.3661,5.2503],[120.3501,5.2344],[120.3501,5.258]]],[[[120.243,5.3452],[120.245,5.326],[120.2175,5.3572],[120.243,5.3452]]],[[[120.3065,5.3653],[120.297,5.3864],[120.3359,5.3782],[120.3065,5.3653]]],[[[120.381,5.4066],[120.3938,5.3964],[120.3657,5.3926],[120.381,5.4066]]],[[[120.5892,5.4026],[120.5806,5.4367],[120.6069,5.4124],[120.5892,5.4026]]],[[[119.1382,5.4622],[119.1244,5.4399],[119.1031,5.4493],[119.1382,5.4622]]],[[[120.5912,5.4587],[120.5863,5.4449],[120.5779,5.4594],[120.5912,5.4587]]],[[[120.7296,5.4811],[120.7402,5.4418],[120.7145,5.478],[120.7296,5.4811]]],[[[125.4909,5.4857],[125.4655,5.3915],[125.4536,5.4601],[125.4909,5.4857]]],[[[120.788,5.5143],[120.7448,5.5164],[120.7896,5.569],[120.788,5.5143]]],[[[120.2698,5.6296],[120.284,5.6221],[120.2723,5.6163],[120.2698,5.6296]]],[[[121.065,5.6933],[121.0453,5.6614],[121.0158,5.6761],[121.065,5.6933]]],[[[119.7012,5.7819],[119.7147,5.7871],[119.7067,5.7814],[119.7012,5.7819]]],[[[118.0124,5.776],[117.9703,5.7471],[117.9159,5.7907],[118.0124,5.776]]],[[[-57.1462,5.8094],[-57.1494,5.694],[-57.1738,5.7433],[-57.1462,5.8094]]],[[[120.4105,5.7938],[120.4064,5.7787],[120.3945,5.8113],[120.4105,5.7938]]],[[[103.0334,5.7925],[103.0015,5.7598],[102.9964,5.8127],[103.0334,5.7925]]],[[[119.936,5.8667],[119.9216,5.8719],[119.9369,5.876],[119.936,5.8667]]],[[[119.9554,5.8815],[119.9596,5.8623],[119.9268,5.8784],[119.9554,5.8815]]],[[[119.9946,5.8658],[119.9657,5.893],[120.0137,5.8786],[119.9946,5.8658]]],[[[102.773,5.9106],[102.7455,5.8854],[102.7452,5.9151],[102.773,5.9106]]],[[[119.9799,5.9208],[119.9771,5.9347],[119.9986,5.9416],[119.9799,5.9208]]],[[[169.4358,5.9539],[169.4451,5.9402],[169.4354,5.9463],[169.4358,5.9539]]],[[[120.0995,5.9644],[120.106,5.9402],[120.0892,5.9745],[120.0995,5.9644]]],[[[121.5856,5.9453],[121.5563,5.9533],[121.5785,5.9805],[121.5856,5.9453]]],[[[117.7111,6.0017],[117.6668,5.944],[117.6843,6.0071],[117.7111,6.0017]]],[[[121.5568,6.0187],[121.5189,5.9997],[121.5459,6.0447],[121.5568,6.0187]]],[[[121.3845,6.0154],[121.4297,6.0397],[121.4251,6.0107],[121.3845,6.0154]]],[[[121.7103,6.0406],[121.653,5.9968],[121.674,6.0592],[121.7103,6.0406]]],[[[118.011,6.1186],[118.0219,6.1261],[118.0261,6.1186],[118.011,6.1186]]],[[[118.0243,6.128],[118.0227,6.1272],[118.0234,6.1289],[118.0243,6.128]]],[[[120.5357,6.1479],[120.5606,6.1314],[120.5483,6.1162],[120.5357,6.1479]]],[[[121.8451,6.1483],[121.8437,6.1212],[121.814,6.1286],[121.8451,6.1483]]],[[[120.9037,6.1507],[120.9177,6.137],[120.8952,6.1252],[120.9037,6.1507]]],[[[118.0498,6.1495],[118.0488,6.1502],[118.0511,6.1525],[118.0498,6.1495]]],[[[118.1078,6.167],[118.1074,6.1649],[118.1058,6.1669],[118.1078,6.167]]],[[[121.8295,6.1517],[121.7949,6.1495],[121.8088,6.1751],[121.8295,6.1517]]],[[[120.4497,6.1756],[120.4435,6.1357],[120.4167,6.1586],[120.4497,6.1756]]],[[[118.0575,6.1737],[118.0549,6.1752],[118.0586,6.1772],[118.0575,6.1737]]],[[[120.922,6.18],[120.9357,6.1737],[120.8853,6.1389],[120.922,6.18]]],[[[120.9694,6.208],[120.9937,6.1888],[120.9694,6.1769],[120.9694,6.208]]],[[[118.073,6.2411],[118.0739,6.2423],[118.0745,6.2416],[118.073,6.2411]]],[[[169.4172,6.279],[169.4137,6.2835],[169.4183,6.284],[169.4172,6.279]]],[[[118.0664,6.2818],[118.0718,6.2905],[118.0798,6.2896],[118.0664,6.2818]]],[[[118.0076,6.3064],[118.0052,6.3083],[118.0074,6.3096],[118.0076,6.3064]]],[[[120.6659,6.2849],[120.6231,6.2672],[120.6631,6.3112],[120.6659,6.2849]]],[[[122.0027,6.2916],[121.981,6.281],[121.9572,6.3097],[122.0027,6.2916]]],[[[120.8647,6.3272],[120.8521,6.3456],[120.8451,6.312],[120.8647,6.3272]]],[[[120.7154,6.4133],[120.6701,6.4199],[120.7127,6.4409],[120.7154,6.4133]]],[[[120.7813,6.4465],[120.7925,6.4217],[120.7773,6.4392],[120.7813,6.4465]]],[[[99.3159,6.5609],[99.2969,6.5084],[99.2742,6.5656],[99.3159,6.5609]]],[[[99.8572,6.7363],[99.8675,6.71],[99.8521,6.7069],[99.8572,6.7363]]],[[[121.9628,6.7119],[121.9391,6.7278],[121.9867,6.7556],[121.9628,6.7119]]],[[[-58.5351,6.8532],[-58.4858,6.8693],[-58.5661,6.7159],[-58.5351,6.8532]]],[[[125.7227,6.9295],[125.705,6.9038],[125.6686,6.9509],[125.7227,6.9295]]],[[[-58.4478,7.0228],[-58.4104,7.004],[-58.5021,6.9019],[-58.4478,7.0228]]],[[[99.5998,7.1037],[99.5743,7.0907],[99.5578,7.1189],[99.5998,7.1037]]],[[[143.918,7.3548],[143.9203,7.355],[143.9155,7.3441],[143.918,7.3548]]],[[[149.1967,7.36],[149.2038,7.3599],[149.1937,7.346],[149.1967,7.36]]],[[[149.1695,7.373],[149.1791,7.3721],[149.1851,7.3591],[149.1695,7.373]]],[[[143.835,7.3678],[143.8438,7.3775],[143.843,7.3706],[143.835,7.3678]]],[[[143.8556,7.3738],[143.8584,7.3779],[143.8594,7.3721],[143.8556,7.3738]]],[[[143.9181,7.3732],[143.9081,7.3708],[143.9104,7.3795],[143.9181,7.3732]]],[[[168.9618,7.5553],[168.9456,7.5144],[168.9461,7.5285],[168.9618,7.5553]]],[[[98.3754,7.6131],[98.3591,7.5858],[98.3609,7.6055],[98.3754,7.6131]]],[[[168.2479,7.7506],[168.2411,7.7479],[168.2213,7.7633],[168.2479,7.7506]]],[[[168.2966,7.8169],[168.2943,7.835],[168.2966,7.8244],[168.2966,7.8169]]],[[[98.991,7.8369],[98.9863,7.7841],[98.9373,7.8421],[98.991,7.8369]]],[[[168.1743,8.1483],[168.1795,8.1383],[168.1634,8.1581],[168.1743,8.1483]]],[[[171.1834,8.1513],[171.1836,8.1365],[171.1748,8.1595],[171.1834,8.1513]]],[[[117.101,8.2488],[117.1213,8.2204],[117.0812,8.2263],[117.101,8.2488]]],[[[93.2437,8.2582],[93.2494,8.218],[93.2239,8.2425],[93.2437,8.2582]]],[[[113.3415,8.2635],[113.3401,8.2664],[113.3429,8.2655],[113.3415,8.2635]]],[[[-78.8522,8.2777],[-78.8435,8.2836],[-78.8414,8.2701],[-78.8522,8.2777]]],[[[171.1647,8.3018],[171.1597,8.3189],[171.1732,8.3107],[171.1647,8.3018]]],[[[115.4159,8.3435],[115.4121,8.3437],[115.413,8.3463],[115.4159,8.3435]]],[[[115.2713,8.3697],[115.2725,8.3727],[115.2751,8.3717],[115.2713,8.3697]]],[[[115.2394,8.3687],[115.2375,8.3723],[115.2402,8.3732],[115.2394,8.3687]]],[[[-78.8347,8.384],[-78.8276,8.3953],[-78.8092,8.3738],[-78.8347,8.384]]],[[[104.8421,8.4324],[104.8229,8.4254],[104.8434,8.4492],[104.8421,8.4324]]],[[[93.0623,8.4377],[93.079,8.45],[93.0789,8.4286],[93.0623,8.4377]]],[[[-79.0168,8.4689],[-78.9746,8.4882],[-78.9794,8.4453],[-79.0168,8.4689]]],[[[-79.0549,8.5011],[-79.0668,8.4815],[-79.0686,8.4954],[-79.0549,8.5011]]],[[[-79.0354,8.5878],[-79.0266,8.5973],[-79.0173,8.5895],[-79.0354,8.5878]]],[[[-79.6056,8.6132],[-79.5929,8.5911],[-79.6113,8.593],[-79.6056,8.6132]]],[[[-79.0654,8.6358],[-79.053,8.624],[-79.0645,8.6074],[-79.0654,8.6358]]],[[[97.6454,8.6594],[97.6477,8.6148],[97.6288,8.6542],[97.6454,8.6594]]],[[[171.2419,8.7133],[171.2334,8.7014],[171.2324,8.7152],[171.2419,8.7133]]],[[[-79.5197,8.8088],[-79.5112,8.8162],[-79.5147,8.8011],[-79.5197,8.8088]]],[[[165.7539,8.9291],[165.7565,8.9262],[165.7502,8.9258],[165.7539,8.9291]]],[[[166.2738,8.9219],[166.2595,8.9209],[166.2712,8.93],[166.2738,8.9219]]],[[[79.9072,8.9357],[79.9109,8.953],[79.9159,8.9468],[79.9072,8.9357]]],[[[166.2315,8.9598],[166.2285,8.958],[166.2276,8.9619],[166.2315,8.9598]]],[[[113.6932,8.9689],[113.693,8.9711],[113.6955,8.9708],[113.6932,8.9689]]],[[[170.0658,9.0168],[170.0711,9.0156],[170.075,9.012],[170.0658,9.0168]]],[[[79.6436,9.0749],[79.6647,9.0702],[79.6312,9.0671],[79.6436,9.0749]]],[[[79.5514,9.0931],[79.554,9.091],[79.5533,9.0845],[79.5514,9.0931]]],[[[165.6397,9.1377],[165.6428,9.1357],[165.6413,9.1343],[165.6397,9.1377]]],[[[79.0713,9.2004],[79.0881,9.1943],[79.0614,9.1961],[79.0713,9.2004]]],[[[118.4431,9.2378],[118.4518,9.2171],[118.4236,9.2066],[118.4431,9.2378]]],[[[98.2811,9.1761],[98.266,9.1966],[98.3145,9.2576],[98.2811,9.1761]]],[[[79.9835,9.3048],[79.9927,9.2951],[79.9801,9.2777],[79.9835,9.3048]]],[[[103.4477,9.3046],[103.495,9.3047],[103.4573,9.2783],[103.4477,9.3046]]],[[[166.8262,9.3157],[166.8182,9.319],[166.8119,9.3262],[166.8262,9.3157]]],[[[167.4627,9.4016],[167.4744,9.3926],[167.4554,9.3912],[167.4627,9.4016]]],[[[169.8765,9.5254],[169.878,9.5261],[169.8888,9.5199],[169.8765,9.5254]]],[[[170.1601,9.5504],[170.1607,9.5511],[170.1611,9.5508],[170.1601,9.5504]]],[[[170.1423,9.5455],[170.1493,9.5542],[170.1501,9.5495],[170.1423,9.5455]]],[[[-78.8291,9.5684],[-78.8188,9.5706],[-78.8238,9.5665],[-78.8291,9.5684]]],[[[79.8411,9.613],[79.8577,9.566],[79.8094,9.5801],[79.8411,9.613]]],[[[97.9753,9.6339],[97.9684,9.5978],[97.9557,9.6291],[97.9753,9.6339]]],[[[104.3649,9.6645],[104.3521,9.6687],[104.3639,9.7025],[104.3649,9.6645]]],[[[125.659,9.7198],[125.6572,9.6651],[125.6156,9.7065],[125.659,9.7198]]],[[[114.3613,9.7671],[114.36,9.77],[114.3628,9.7691],[114.3613,9.7671]]],[[[160.9762,9.7685],[160.9915,9.7635],[160.9622,9.7683],[160.9762,9.7685]]],[[[-75.8755,9.7833],[-75.8687,9.7808],[-75.8753,9.7797],[-75.8755,9.7833]]],[[[-75.8532,9.7988],[-75.8262,9.7943],[-75.8557,9.7888],[-75.8532,9.7988]]],[[[169.1537,9.7993],[169.1566,9.7961],[169.1441,9.797],[169.1537,9.7993]]],[[[125.7101,9.8148],[125.7252,9.7542],[125.6989,9.7666],[125.7101,9.8148]]],[[[104.6262,9.7951],[104.6401,9.822],[104.6616,9.8096],[104.6262,9.7951]]],[[[169.2961,9.8196],[169.2858,9.8145],[169.2829,9.8183],[169.2961,9.8196]]],[[[98.4675,9.8575],[98.4569,9.7871],[98.4351,9.8234],[98.4675,9.8575]]],[[[169.2497,9.8972],[169.2567,9.8983],[169.2515,9.8924],[169.2497,9.8972]]],[[[169.0033,9.9085],[169.0025,9.9155],[169.0067,9.9136],[169.0033,9.9085]]],[[[125.5112,9.8845],[125.508,9.9202],[125.5538,9.8664],[125.5112,9.8845]]],[[[115.5148,9.9261],[115.5135,9.929],[115.5163,9.9281],[115.5148,9.9261]]],[[[115.5329,9.9263],[115.5316,9.9293],[115.5344,9.9284],[115.5329,9.9263]]],[[[115.5083,9.9287],[115.507,9.9317],[115.5098,9.9308],[115.5083,9.9287]]],[[[125.0737,9.9418],[125.0687,9.8962],[125.0549,9.9628],[125.0737,9.9418]]],[[[169.0088,10.0392],[169.0166,10.0316],[169.0111,10.0276],[169.0088,10.0392]]],[[[99.848,10.0718],[99.8218,10.0648],[99.826,10.1241],[99.848,10.0718]]],[[[-64.9272,10.1567],[-64.9123,10.1479],[-64.9279,10.1456],[-64.9272,10.1567]]],[[[97.9854,10.1715],[97.9861,10.145],[97.9604,10.126],[97.9854,10.1715]]],[[[114.2423,10.1765],[114.2409,10.1795],[114.2437,10.1785],[114.2423,10.1765]]],[[[165.9914,10.1798],[166.0051,10.1797],[166.0033,10.1624],[165.9914,10.1798]]],[[[124.2462,10.188],[124.1953,10.1915],[124.2518,10.2091],[124.2462,10.188]]],[[[169.9006,10.2219],[169.8982,10.2219],[169.9009,10.2255],[169.9006,10.2219]]],[[[-65.7831,10.2498],[-65.7676,10.2244],[-65.8457,10.2678],[-65.7831,10.2498]]],[[[-64.5486,10.2766],[-64.5398,10.2677],[-64.5479,10.2573],[-64.5486,10.2766]]],[[[169.8687,10.2799],[169.8682,10.2778],[169.8667,10.2798],[169.8687,10.2799]]],[[[124.0552,10.2447],[124.02,10.2497],[124.0669,10.2889],[124.0552,10.2447]]],[[[-64.7497,10.3074],[-64.7303,10.3048],[-64.7407,10.2753],[-64.7497,10.3074]]],[[[-64.4145,10.3786],[-64.4342,10.3622],[-64.429,10.381],[-64.4145,10.3786]]],[[[125.4779,10.4573],[125.4955,10.4231],[125.4653,10.4455],[125.4779,10.4573]]],[[[122.7025,10.4491],[122.6841,10.4417],[122.6929,10.4744],[122.7025,10.4491]]],[[[98.0251,10.5707],[97.9996,10.5377],[97.9414,10.5603],[98.0251,10.5707]]],[[[119.1892,10.573],[119.1248,10.5534],[119.1184,10.585],[119.1892,10.573]]],[[[-61.7512,10.6848],[-61.7653,10.6695],[-61.762,10.6898],[-61.7512,10.6848]]],[[[-61.697,10.6976],[-61.6803,10.6967],[-61.6924,10.6768],[-61.697,10.6976]]],[[[125.9465,10.7589],[125.9629,10.7614],[125.9644,10.7458],[125.9465,10.7589]]],[[[124.5475,10.764],[124.4974,10.742],[124.5551,10.8129],[124.5475,10.764]]],[[[120.9582,10.9914],[120.9445,10.9737],[120.9351,10.9888],[120.9582,10.9914]]],[[[125.6241,10.98],[125.6123,11.0043],[125.6541,10.9984],[125.6241,10.98]]],[[[119.2683,10.9746],[119.2968,11.02],[119.301,10.9594],[119.2683,10.9746]]],[[[119.7277,11.029],[119.7414,11.0231],[119.7354,11.0093],[119.7277,11.029]]],[[[98.3192,11.0296],[98.3093,11.0062],[98.2969,11.0211],[98.3192,11.0296]]],[[[119.6891,11.0689],[119.6717,11.0298],[119.6692,11.0539],[119.6891,11.0689]]],[[[119.6723,11.1048],[119.6967,11.1022],[119.6751,11.0772],[119.6723,11.1048]]],[[[120.9463,11.1357],[120.9385,11.1569],[120.9813,11.1719],[120.9463,11.1357]]],[[[-63.7351,11.2023],[-63.7307,11.191],[-63.7426,11.201],[-63.7351,11.2023]]],[[[169.8605,11.2341],[169.8644,11.2254],[169.8351,11.2235],[169.8605,11.2341]]],[[[119.3748,11.2089],[119.342,11.2134],[119.3431,11.2447],[119.3748,11.2089]]],[[[167.4689,11.2934],[167.4783,11.2982],[167.4777,11.2928],[167.4689,11.2934]]],[[[123.1613,11.262],[123.1568,11.3132],[123.1922,11.296],[123.1613,11.262]]],[[[120.6773,11.2948],[120.6714,11.3113],[120.6946,11.3188],[120.6773,11.2948]]],[[[98.5505,11.2926],[98.549,11.2622],[98.5288,11.325],[98.5505,11.2926]]],[[[119.6769,11.2813],[119.6564,11.3081],[119.6919,11.3264],[119.6769,11.2813]]],[[[-63.1383,11.3514],[-63.134,11.3493],[-63.1378,11.3487],[-63.1383,11.3514]]],[[[123.8857,11.3485],[123.8997,11.3207],[123.8795,11.2839],[123.8857,11.3485]]],[[[162.3374,11.345],[162.3548,11.3547],[162.3361,11.3362],[162.3374,11.345]]],[[[-63.1308,11.3586],[-63.1311,11.3631],[-63.1293,11.3605],[-63.1308,11.3586]]],[[[-63.1416,11.3586],[-63.1377,11.3679],[-63.1327,11.3586],[-63.1416,11.3586]]],[[[-63.0635,11.366],[-63.0643,11.3702],[-63.0605,11.3691],[-63.0635,11.366]]],[[[-63.1231,11.3706],[-63.1212,11.3686],[-63.1228,11.3679],[-63.1231,11.3706]]],[[[167.5116,11.3751],[167.5182,11.3706],[167.5123,11.3699],[167.5116,11.3751]]],[[[-63.0905,11.381],[-63.0801,11.3798],[-63.0867,11.3742],[-63.0905,11.381]]],[[[167.363,11.3741],[167.3642,11.3869],[167.3673,11.3855],[167.363,11.3741]]],[[[-63.0935,11.3879],[-63.0935,11.3896],[-63.0922,11.3882],[-63.0935,11.3879]]],[[[120.0979,11.3855],[120.1066,11.3636],[120.0768,11.3898],[120.0979,11.3855]]],[[[-63.0928,11.3923],[-63.0933,11.3902],[-63.0949,11.3922],[-63.0928,11.3923]]],[[[-63.112,11.3746],[-63.1396,11.3931],[-63.1153,11.3942],[-63.112,11.3746]]],[[[-63.1395,11.3961],[-63.14,11.3939],[-63.1416,11.3959],[-63.1395,11.3961]]],[[[-63.1171,11.3954],[-63.12,11.3963],[-63.1184,11.3972],[-63.1171,11.3954]]],[[[162.3788,11.3896],[162.3804,11.4015],[162.3846,11.4122],[162.3788,11.3896]]],[[[-63.048,11.4127],[-63.0452,11.4186],[-63.0443,11.4127],[-63.048,11.4127]]],[[[98.1489,11.4171],[98.1484,11.3743],[98.1008,11.4118],[98.1489,11.4171]]],[[[120.8221,11.4437],[120.8435,11.4352],[120.8348,11.4185],[120.8221,11.4437]]],[[[120.1808,11.4477],[120.1672,11.4341],[120.1749,11.458],[120.1808,11.4477]]],[[[43.4526,11.4644],[43.4732,11.4571],[43.4575,11.439],[43.4526,11.4644]]],[[[123.2351,11.49],[123.1807,11.4831],[123.2292,11.5163],[123.2351,11.49]]],[[[43.3688,11.5329],[43.3622,11.4746],[43.3347,11.4621],[43.3688,11.5329]]],[[[92.5547,11.5943],[92.5768,11.5822],[92.5387,11.5523],[92.5547,11.5943]]],[[[123.3283,11.5838],[123.3268,11.5987],[123.3576,11.5966],[123.3283,11.5838]]],[[[162.3374,11.6179],[162.3347,11.6135],[162.3206,11.6234],[162.3374,11.6179]]],[[[165.5327,11.625],[165.5516,11.621],[165.5516,11.6054],[165.5327,11.625]]],[[[162.2459,11.6644],[162.2515,11.6686],[162.2568,11.6558],[162.2459,11.6644]]],[[[124.8838,11.6819],[124.8332,11.6326],[124.8204,11.7077],[124.8838,11.6819]]],[[[43.1838,11.7295],[43.1999,11.7228],[43.1965,11.7125],[43.1838,11.7295]]],[[[120.1835,11.7503],[120.1336,11.7754],[120.1826,11.7814],[120.1835,11.7503]]],[[[97.5308,11.7949],[97.4945,11.7854],[97.4797,11.8118],[97.5308,11.7949]]],[[[124.3472,11.8013],[124.325,11.7623],[124.2916,11.7888],[124.3472,11.8013]]],[[[-66.5928,11.8235],[-66.5864,11.8178],[-66.5929,11.8046],[-66.5928,11.8235]]],[[[-66.9416,11.8269],[-66.9292,11.8269],[-66.9447,11.8308],[-66.9416,11.8269]]],[[[102.4866,11.8271],[102.4907,11.7866],[102.447,11.8073],[102.4866,11.8271]]],[[[-66.7262,11.8563],[-66.7268,11.8594],[-66.7218,11.8598],[-66.7262,11.8563]]],[[[123.1211,11.8598],[123.1383,11.8581],[123.1208,11.8352],[123.1211,11.8598]]],[[[-66.721,11.8602],[-66.7138,11.8656],[-66.7193,11.86],[-66.721,11.8602]]],[[[-66.6165,11.8603],[-66.6108,11.872],[-66.6023,11.8575],[-66.6165,11.8603]]],[[[-66.1039,11.8737],[-66.0946,11.845],[-66.1208,11.8289],[-66.1039,11.8737]]],[[[-66.6853,11.8824],[-66.6821,11.8728],[-66.6888,11.8668],[-66.6853,11.8824]]],[[[-66.7927,11.89],[-66.7997,11.897],[-66.77,11.89],[-66.7927,11.89]]],[[[-66.6383,11.8993],[-66.6274,11.8872],[-66.6527,11.8993],[-66.6383,11.8993]]],[[[-66.8584,11.9034],[-66.8507,11.8961],[-66.8595,11.9016],[-66.8584,11.9034]]],[[[123.6692,11.9044],[123.6715,11.8706],[123.6563,11.8888],[123.6692,11.9044]]],[[[124.4598,11.9127],[124.4165,11.8936],[124.4336,11.9299],[124.4598,11.9127]]],[[[-67.4416,11.9473],[-67.4415,11.9494],[-67.435,11.9473],[-67.4416,11.9473]]],[[[-67.4369,11.951],[-67.4209,11.9526],[-67.4319,11.9473],[-67.4369,11.951]]],[[[124.3027,11.8996],[124.2784,11.9234],[124.3311,11.9595],[124.3027,11.8996]]],[[[-67.443,11.9604],[-67.4413,11.9596],[-67.4419,11.9585],[-67.443,11.9604]]],[[[121.5621,11.9578],[121.5801,11.8989],[121.5497,11.8892],[121.5621,11.9578]]],[[[-66.6896,11.9641],[-66.6724,11.9607],[-66.6675,11.9536],[-66.6896,11.9641]]],[[[-67.4587,11.9684],[-67.4582,11.9701],[-67.4578,11.9685],[-67.4587,11.9684]]],[[[-67.4783,11.9743],[-67.4704,11.9744],[-67.4786,11.9684],[-67.4783,11.9743]]],[[[119.827,11.9437],[119.8495,11.9816],[119.8696,11.9774],[119.827,11.9437]]],[[[124.4233,11.9596],[124.4041,11.9659],[124.4162,11.9921],[124.4233,11.9596]]],[[[121.9422,11.9452],[121.903,11.99],[121.9128,11.9982],[121.9422,11.9452]]],[[[121.9107,12.0822],[121.9417,12.094],[121.9547,12.0351],[121.9107,12.0822]]],[[[97.7437,12.1429],[97.73,12.1037],[97.7143,12.1383],[97.7437,12.1429]]],[[[93.0398,12.1042],[93.0534,12.0469],[93.0156,12.0825],[93.0398,12.1042]]],[[[98.4011,12.1742],[98.3884,12.1386],[98.3809,12.1605],[98.4011,12.1742]]],[[[121.0202,12.1907],[121.009,12.2365],[121.0348,12.2002],[121.0202,12.1907]]],[[[170.1279,12.2488],[170.1353,12.2475],[170.134,12.2463],[170.1279,12.2488]]],[[[170.1317,12.2507],[170.1335,12.2553],[170.1367,12.2532],[170.1317,12.2507]]],[[[124.0968,12.2581],[124.0933,12.2906],[124.1087,12.2846],[124.0968,12.2581]]],[[[-82.9849,12.3022],[-82.9811,12.286],[-82.9964,12.2988],[-82.9849,12.3022]]],[[[-61.5874,12.3154],[-61.5886,12.2897],[-61.6006,12.2976],[-61.5874,12.3154]]],[[[98.4631,12.3888],[98.4902,12.3542],[98.4531,12.3318],[98.4631,12.3888]]],[[[124.2798,12.3759],[124.2489,12.403],[124.2455,12.4606],[124.2798,12.3759]]],[[[43.4274,12.476],[43.4351,12.4678],[43.4294,12.4699],[43.4274,12.476]]],[[[-61.397,12.5128],[-61.3839,12.5202],[-61.388,12.5084],[-61.397,12.5128]]],[[[124.4277,12.5514],[124.4255,12.5799],[124.4543,12.5507],[124.4277,12.5514]]],[[[124.5148,12.5527],[124.4993,12.5409],[124.4803,12.5851],[124.5148,12.5527]]],[[[124.384,12.6118],[124.3884,12.5796],[124.361,12.5998],[124.384,12.6118]]],[[[125.0643,12.5733],[125.0099,12.5703],[124.9873,12.6401],[125.0643,12.5733]]],[[[-61.3914,12.6337],[-61.4045,12.6339],[-61.3963,12.6468],[-61.3914,12.6337]]],[[[125.0734,12.6348],[125.0444,12.6114],[125.0352,12.6819],[125.0734,12.6348]]],[[[124.3664,12.6554],[124.3519,12.6953],[124.3879,12.6733],[124.3664,12.6554]]],[[[100.8043,12.7166],[100.7808,12.6686],[100.7675,12.7099],[100.8043,12.7166]]],[[[98.3522,12.7411],[98.3622,12.7047],[98.3414,12.7248],[98.3522,12.7411]]],[[[122.0609,12.8266],[122.0576,12.7901],[122.0203,12.7981],[122.0609,12.8266]]],[[[42.9328,12.8481],[42.9517,12.8225],[42.9338,12.8325],[42.9328,12.8481]]],[[[42.9488,12.8982],[42.9603,12.8712],[42.9358,12.8914],[42.9488,12.8982]]],[[[-61.147,12.9498],[-61.1407,12.9379],[-61.1488,12.9351],[-61.147,12.9498]]],[[[42.9347,12.9197],[42.8919,12.9544],[42.956,12.9436],[42.9347,12.9197]]],[[[-61.1397,12.9585],[-61.1339,12.9642],[-61.1314,12.9574],[-61.1397,12.9585]]],[[[122.0664,12.9651],[122.0742,12.9094],[122.0331,12.9507],[122.0664,12.9651]]],[[[93.0099,12.99],[92.965,12.9351],[92.9627,12.9766],[93.0099,12.99]]],[[[42.8672,13.0198],[42.8401,13.0337],[42.8737,13.0429],[42.8672,13.0198]]],[[[92.7173,13.0994],[92.7181,13.0611],[92.6975,13.0957],[92.7173,13.0994]]],[[[122.8779,13.1545],[122.869,13.147],[122.8544,13.1754],[122.8779,13.1545]]],[[[98.5287,13.2057],[98.4994,13.1679],[98.4907,13.2263],[98.5287,13.2057]]],[[[122.7227,13.3614],[122.7184,13.3246],[122.7138,13.3638],[122.7227,13.3614]]],[[[122.1668,13.5209],[122.176,13.5307],[122.1797,13.5058],[122.1668,13.5209]]],[[[122.1231,13.5372],[122.1336,13.517],[122.107,13.5274],[122.1231,13.5372]]],[[[109.3547,13.6094],[109.3434,13.6323],[109.3625,13.6165],[109.3547,13.6094]]],[[[120.3636,13.6504],[120.3112,13.6804],[120.4099,13.656],[120.3636,13.6504]]],[[[120.3134,13.7799],[120.2603,13.8081],[120.2858,13.8374],[120.3134,13.7799]]],[[[120.0255,13.8998],[120.0562,13.877],[120.0171,13.8846],[120.0255,13.8998]]],[[[121.7875,13.9134],[121.7493,13.8877],[121.7459,13.9401],[121.7875,13.9134]]],[[[123.807,13.9483],[123.8348,13.9767],[123.8302,13.8914],[123.807,13.9483]]],[[[124.3117,13.9579],[124.3224,13.9833],[124.3509,13.9503],[124.3117,13.9579]]],[[[93.2307,13.9792],[93.2364,14.0121],[93.2457,13.9757],[93.2307,13.9792]]],[[[123.3073,14.1097],[123.2884,14.1256],[123.3252,14.1144],[123.3073,14.1097]]],[[[-82.7507,14.1373],[-82.7488,14.1394],[-82.7482,14.1384],[-82.7507,14.1373]]],[[[-82.7762,14.1443],[-82.7767,14.1421],[-82.7782,14.1441],[-82.7762,14.1443]]],[[[-82.7637,14.1455],[-82.7652,14.146],[-82.7637,14.1473],[-82.7637,14.1455]]],[[[-82.8003,14.1563],[-82.7987,14.1581],[-82.7974,14.1554],[-82.8003,14.1563]]],[[[-82.7447,14.1591],[-82.7445,14.1612],[-82.7412,14.1594],[-82.7447,14.1591]]],[[[-82.7423,14.1648],[-82.7426,14.1629],[-82.7455,14.1636],[-82.7423,14.1648]]],[[[-82.8042,14.1654],[-82.8048,14.1633],[-82.8063,14.1653],[-82.8042,14.1654]]],[[[-82.8043,14.1684],[-82.8055,14.1698],[-82.8043,14.1697],[-82.8043,14.1684]]],[[[-82.8079,14.1704],[-82.8085,14.1682],[-82.81,14.1702],[-82.8079,14.1704]]],[[[-82.8236,14.1803],[-82.8246,14.1828],[-82.8229,14.1813],[-82.8236,14.1803]]],[[[-82.8216,14.1872],[-82.8222,14.1851],[-82.8237,14.1871],[-82.8216,14.1872]]],[[[97.8099,14.1855],[97.7891,14.135],[97.7791,14.1553],[97.8099,14.1855]]],[[[-82.5626,14.2333],[-82.5636,14.2379],[-82.5588,14.2366],[-82.5626,14.2333]]],[[[-82.9992,14.2426],[-82.9989,14.2442],[-82.9975,14.2429],[-82.9992,14.2426]]],[[[-82.9989,14.2524],[-82.9986,14.2488],[-83.0005,14.2492],[-82.9989,14.2524]]],[[[-82.9475,14.2582],[-82.9499,14.2591],[-82.9475,14.2591],[-82.9475,14.2582]]],[[[-82.9423,14.263],[-82.9408,14.2659],[-82.9407,14.2631],[-82.9423,14.263]]],[[[-82.9164,14.2781],[-82.9143,14.282],[-82.9129,14.2781],[-82.9164,14.2781]]],[[[-82.9718,14.2826],[-82.9723,14.2804],[-82.9738,14.2825],[-82.9718,14.2826]]],[[[-82.5628,14.2855],[-82.562,14.2837],[-82.5635,14.2837],[-82.5628,14.2855]]],[[[-82.5694,14.2865],[-82.5675,14.2865],[-82.5685,14.2856],[-82.5694,14.2865]]],[[[-82.8678,14.2875],[-82.8666,14.289],[-82.8666,14.2875],[-82.8678,14.2875]]],[[[-82.9787,14.2906],[-82.9772,14.291],[-82.9768,14.2893],[-82.9787,14.2906]]],[[[-82.8697,14.2898],[-82.8697,14.2912],[-82.8683,14.2906],[-82.8697,14.2898]]],[[[-82.8597,14.2918],[-82.8602,14.2926],[-82.8572,14.2927],[-82.8597,14.2918]]],[[[-82.9444,14.2992],[-82.9459,14.3004],[-82.9438,14.3017],[-82.9444,14.2992]]],[[[-82.9494,14.3],[-82.9519,14.2992],[-82.9514,14.3026],[-82.9494,14.3]]],[[[-82.9431,14.303],[-82.9456,14.3039],[-82.9431,14.3039],[-82.9431,14.303]]],[[[121.8023,14.2921],[121.8456,14.2919],[121.8211,14.2539],[121.8023,14.2921]]],[[[-82.9494,14.3083],[-82.9514,14.3078],[-82.9503,14.3098],[-82.9494,14.3083]]],[[[-82.9543,14.3111],[-82.9521,14.3128],[-82.9525,14.3111],[-82.9543,14.3111]]],[[[-83.0514,14.3137],[-83.052,14.3115],[-83.0535,14.3135],[-83.0514,14.3137]]],[[[-83.0372,14.3148],[-83.0381,14.3158],[-83.0349,14.318],[-83.0372,14.3148]]],[[[-83.044,14.3193],[-83.0445,14.3171],[-83.0461,14.3191],[-83.044,14.3193]]],[[[-83.0527,14.3185],[-83.0537,14.3196],[-83.0515,14.3208],[-83.0527,14.3185]]],[[[-83.0432,14.3202],[-83.0401,14.3209],[-83.0399,14.3183],[-83.0432,14.3202]]],[[[-82.9693,14.3185],[-82.9709,14.3185],[-82.9674,14.321],[-82.9693,14.3185]]],[[[-83.0484,14.3185],[-83.0487,14.3223],[-83.0474,14.3185],[-83.0484,14.3185]]],[[[-83.0365,14.3205],[-83.0375,14.3218],[-83.0359,14.3229],[-83.0365,14.3205]]],[[[-83.0337,14.3212],[-83.0331,14.3239],[-83.031,14.3227],[-83.0337,14.3212]]],[[[-83.0412,14.3239],[-83.0399,14.3267],[-83.0394,14.3235],[-83.0412,14.3239]]],[[[-82.6021,14.3202],[-82.5893,14.3277],[-82.5993,14.313],[-82.6021,14.3202]]],[[[-83.0627,14.3267],[-83.0622,14.3294],[-83.0608,14.3271],[-83.0627,14.3267]]],[[[-83.0668,14.3301],[-83.0633,14.3301],[-83.0665,14.3267],[-83.0668,14.3301]]],[[[-82.6036,14.3373],[-82.6006,14.3273],[-82.6099,14.3298],[-82.6036,14.3373]]],[[[-83.0148,14.3385],[-83.0144,14.34],[-83.0136,14.3386],[-83.0148,14.3385]]],[[[-83.0104,14.3385],[-83.0107,14.3408],[-83.0088,14.339],[-83.0104,14.3385]]],[[[-83.016,14.3422],[-83.016,14.3445],[-83.0133,14.3432],[-83.016,14.3422]]],[[[-83.0387,14.3872],[-83.0375,14.3849],[-83.0391,14.384],[-83.0387,14.3872]]],[[[-82.9001,14.3889],[-82.9006,14.3934],[-82.8983,14.3905],[-82.9001,14.3889]]],[[[120.5844,14.3903],[120.5782,14.3748],[120.5615,14.3808],[120.5844,14.3903]]],[[[-82.8933,14.3953],[-82.8938,14.3931],[-82.8953,14.3951],[-82.8933,14.3953]]],[[[-82.8995,14.3964],[-82.9001,14.3999],[-82.8977,14.3983],[-82.8995,14.3964]]],[[[-83.0506,14.4126],[-83.0501,14.4145],[-83.049,14.4126],[-83.0506,14.4126]]],[[[97.7822,14.4068],[97.7786,14.3903],[97.7683,14.4087],[97.7822,14.4068]]],[[[-83.0521,14.4171],[-83.0526,14.4149],[-83.0541,14.4169],[-83.0521,14.4171]]],[[[-82.8728,14.4163],[-82.8728,14.4279],[-82.8622,14.4202],[-82.8728,14.4163]]],[[[-83.029,14.4301],[-83.0286,14.4315],[-83.0278,14.4302],[-83.029,14.4301]]],[[[-82.7095,14.4394],[-82.71,14.4414],[-82.7083,14.4407],[-82.7095,14.4394]]],[[[-82.7213,14.4406],[-82.7197,14.4429],[-82.72,14.4408],[-82.7213,14.4406]]],[[[122.0396,14.4379],[122.0318,14.4002],[122.0251,14.4441],[122.0396,14.4379]]],[[[-82.6924,14.4468],[-82.6915,14.4481],[-82.6908,14.4463],[-82.6924,14.4468]]],[[[-82.7046,14.4493],[-82.7062,14.4509],[-82.7034,14.4508],[-82.7046,14.4493]]],[[[-82.6915,14.4525],[-82.6915,14.4513],[-82.6927,14.4513],[-82.6915,14.4525]]],[[[-82.6933,14.4513],[-82.6946,14.4526],[-82.6929,14.4532],[-82.6933,14.4513]]],[[[-82.7108,14.4531],[-82.7114,14.4544],[-82.7105,14.454],[-82.7108,14.4531]]],[[[-82.7064,14.4551],[-82.7069,14.4529],[-82.7084,14.4549],[-82.7064,14.4551]]],[[[-82.8771,14.4544],[-82.8782,14.4564],[-82.8754,14.4558],[-82.8771,14.4544]]],[[[-82.7156,14.4557],[-82.7154,14.4584],[-82.7133,14.4581],[-82.7156,14.4557]]],[[[-82.8784,14.4569],[-82.8805,14.459],[-82.8784,14.459],[-82.8784,14.4569]]],[[[-82.8896,14.4638],[-82.8901,14.4617],[-82.8916,14.4636],[-82.8896,14.4638]]],[[[-82.8678,14.4668],[-82.8683,14.4679],[-82.865,14.4685],[-82.8678,14.4668]]],[[[-82.9045,14.4662],[-82.905,14.4693],[-82.9021,14.4679],[-82.9045,14.4662]]],[[[-82.888,14.4724],[-82.8872,14.4737],[-82.8852,14.4729],[-82.888,14.4724]]],[[[-82.8236,14.4842],[-82.8243,14.4867],[-82.8216,14.4864],[-82.8236,14.4842]]],[[[-82.826,14.4868],[-82.8265,14.4846],[-82.8281,14.4866],[-82.826,14.4868]]],[[[-82.8328,14.4912],[-82.8334,14.489],[-82.8349,14.491],[-82.8328,14.4912]]],[[[-82.8211,14.4904],[-82.8206,14.4927],[-82.8198,14.4904],[-82.8211,14.4904]]],[[[-82.8261,14.4954],[-82.8238,14.4932],[-82.8249,14.4923],[-82.8261,14.4954]]],[[[122.9569,14.4957],[122.942,14.4534],[122.8965,14.4512],[122.9569,14.4957]]],[[[-83.0209,14.5024],[-83.0215,14.5002],[-83.023,14.5022],[-83.0209,14.5024]]],[[[-82.5831,14.5516],[-82.5817,14.5542],[-82.5808,14.5517],[-82.5831,14.5516]]],[[[-82.9624,14.5535],[-82.9629,14.5514],[-82.9645,14.5534],[-82.9624,14.5535]]],[[[-82.5824,14.556],[-82.5829,14.5539],[-82.5845,14.5559],[-82.5824,14.556]]],[[[-82.5769,14.5547],[-82.5794,14.5574],[-82.5762,14.5556],[-82.5769,14.5547]]],[[[-82.5725,14.5547],[-82.5728,14.558],[-82.5696,14.5554],[-82.5725,14.5547]]],[[[-82.6575,14.5542],[-82.6535,14.5621],[-82.6479,14.5428],[-82.6575,14.5542]]],[[[-82.7326,14.5628],[-82.7331,14.5607],[-82.7346,14.5627],[-82.7326,14.5628]]],[[[-82.5613,14.5672],[-82.5618,14.565],[-82.5633,14.567],[-82.5613,14.5672]]],[[[-82.9649,14.569],[-82.9654,14.5669],[-82.9669,14.5689],[-82.9649,14.569]]],[[[-82.5781,14.569],[-82.5786,14.5669],[-82.5801,14.5689],[-82.5781,14.569]]],[[[-82.5651,14.5732],[-82.5633,14.5704],[-82.5651,14.5702],[-82.5651,14.5732]]],[[[-82.6946,14.584],[-82.6944,14.586],[-82.6919,14.586],[-82.6946,14.584]]],[[[-82.6678,14.5995],[-82.6676,14.6018],[-82.6659,14.6014],[-82.6678,14.5995]]],[[[-82.7799,14.6197],[-82.7738,14.6251],[-82.7731,14.6132],[-82.7799,14.6197]]],[[[-82.6372,14.6258],[-82.6377,14.6236],[-82.6393,14.6256],[-82.6372,14.6258]]],[[[-82.669,14.6389],[-82.6695,14.6367],[-82.6711,14.6387],[-82.669,14.6389]]],[[[169.0166,14.6425],[169.0137,14.6333],[169.0099,14.6396],[169.0166,14.6425]]],[[[-82.6772,14.6494],[-82.6736,14.6501],[-82.6712,14.6471],[-82.6772,14.6494]]],[[[-82.6947,14.8062],[-82.6937,14.8087],[-82.6927,14.805],[-82.6947,14.8062]]],[[[122.0734,14.8493],[122.026,14.849],[122.0116,14.8742],[122.0734,14.8493]]],[[[40.3459,15.014],[40.2662,14.9816],[40.2969,15.0555],[40.3459,15.014]]],[[[-82.5587,15.0718],[-82.5593,15.0696],[-82.5608,15.0716],[-82.5587,15.0718]]],[[[42.1887,15.0733],[42.1787,15.0338],[42.1587,15.065],[42.1887,15.0733]]],[[[-82.6777,15.0873],[-82.6782,15.0851],[-82.6798,15.0871],[-82.6777,15.0873]]],[[[-82.5956,15.124],[-82.5969,15.1256],[-82.5951,15.1279],[-82.5956,15.124]]],[[[-82.5837,15.1321],[-82.5842,15.13],[-82.5858,15.132],[-82.5837,15.1321]]],[[[-82.7027,15.1527],[-82.7038,15.1548],[-82.6986,15.1561],[-82.7027,15.1527]]],[[[-82.5339,15.1552],[-82.5337,15.1587],[-82.5319,15.1552],[-82.5339,15.1552]]],[[[-82.5364,15.1713],[-82.5385,15.1742],[-82.5361,15.1719],[-82.5364,15.1713]]],[[[-82.542,15.1826],[-82.5425,15.1804],[-82.544,15.1824],[-82.542,15.1826]]],[[[-82.5563,15.1844],[-82.5578,15.187],[-82.5532,15.1867],[-82.5563,15.1844]]],[[[-82.6392,15.1899],[-82.6415,15.1914],[-82.6383,15.194],[-82.6392,15.1899]]],[[[40.28,15.1187],[40.2279,15.1474],[40.2931,15.1993],[40.28,15.1187]]],[[[-82.5875,15.1979],[-82.5846,15.2014],[-82.5844,15.1972],[-82.5875,15.1979]]],[[[-82.6006,15.223],[-82.604,15.2267],[-82.5996,15.2272],[-82.6006,15.223]]],[[[-82.7007,15.2286],[-82.6986,15.233],[-82.6975,15.229],[-82.7007,15.2286]]],[[[-82.628,15.2448],[-82.6295,15.2493],[-82.627,15.2448],[-82.628,15.2448]]],[[[109.1168,15.3907],[109.1442,15.3789],[109.1052,15.3745],[109.1168,15.3907]]],[[[42.4608,15.7191],[42.3873,15.7062],[42.3771,15.7425],[42.4608,15.7191]]],[[[95.0443,15.7451],[95.059,15.7195],[95.0263,15.7143],[95.0443,15.7451]]],[[[-79.8449,15.788],[-79.8493,15.7919],[-79.8427,15.7955],[-79.8449,15.788]]],[[[-79.9893,15.7949],[-79.9878,15.7962],[-79.9864,15.7944],[-79.9893,15.7949]]],[[[-79.9838,15.7979],[-79.9843,15.7994],[-79.9829,15.7987],[-79.9838,15.7979]]],[[[-83.2951,15.8359],[-83.2962,15.8387],[-83.2944,15.8384],[-83.2951,15.8359]]],[[[-61.6077,15.8408],[-61.605,15.8409],[-61.6035,15.839],[-61.6077,15.8408]]],[[[-61.5906,15.8402],[-61.591,15.8441],[-61.5859,15.8365],[-61.5906,15.8402]]],[[[-83.3026,15.8527],[-83.3037,15.8538],[-83.3022,15.8547],[-83.3026,15.8527]]],[[[-79.7757,15.8527],[-79.7756,15.8565],[-79.7713,15.8542],[-79.7757,15.8527]]],[[[-83.3037,15.8559],[-83.3043,15.8537],[-83.3058,15.8558],[-83.3037,15.8559]]],[[[-79.7465,15.8552],[-79.7453,15.8586],[-79.7438,15.8573],[-79.7465,15.8552]]],[[[-83.3057,15.8583],[-83.3052,15.8593],[-83.3047,15.8583],[-83.3057,15.8583]]],[[[-83.3053,15.8599],[-83.3057,15.8596],[-83.3089,15.8625],[-83.3053,15.8599]]],[[[-78.6371,15.8621],[-78.6404,15.864],[-78.6369,15.8673],[-78.6371,15.8621]]],[[[-61.5906,15.8805],[-61.5888,15.8772],[-61.596,15.8813],[-61.5906,15.8805]]],[[[-83.2605,15.9107],[-83.2611,15.9123],[-83.2594,15.9123],[-83.2605,15.9107]]],[[[-83.2564,15.9158],[-83.2569,15.9136],[-83.2585,15.9156],[-83.2564,15.9158]]],[[[-83.263,15.9197],[-83.2621,15.9217],[-83.2615,15.9195],[-83.263,15.9197]]],[[[-83.273,15.9207],[-83.2722,15.922],[-83.2721,15.9206],[-83.273,15.9207]]],[[[-83.2689,15.9206],[-83.2687,15.9222],[-83.2683,15.9206],[-83.2689,15.9206]]],[[[-83.2664,15.9274],[-83.2673,15.9282],[-83.2656,15.9297],[-83.2664,15.9274]]],[[[-83.277,15.9569],[-83.2775,15.9547],[-83.279,15.9568],[-83.277,15.9569]]],[[[-83.286,15.9586],[-83.2851,15.96],[-83.2834,15.9587],[-83.286,15.9586]]],[[[-86.4945,15.9613],[-86.4886,15.9586],[-86.4936,15.9531],[-86.4945,15.9613]]],[[[108.5387,15.9535],[108.5405,15.9206],[108.4882,15.9639],[108.5387,15.9535]]],[[[-86.4769,15.9767],[-86.4657,15.9776],[-86.4655,15.9689],[-86.4769,15.9767]]],[[[-83.3256,16.0297],[-83.3278,16.0346],[-83.324,16.0308],[-83.3256,16.0297]]],[[[-83.3306,16.034],[-83.331,16.0373],[-83.3288,16.0343],[-83.3306,16.034]]],[[[-88.2583,16.1063],[-88.2557,16.1077],[-88.2558,16.1038],[-88.2583,16.1063]]],[[[-88.3249,16.158],[-88.3254,16.1558],[-88.327,16.1578],[-88.3249,16.158]]],[[[-61.1167,16.1703],[-61.1273,16.177],[-61.1063,16.1762],[-61.1167,16.1703]]],[[[-61.1058,16.1811],[-61.104,16.1805],[-61.1058,16.1786],[-61.1058,16.1811]]],[[[-88.6956,16.1978],[-88.7012,16.1779],[-88.7083,16.1855],[-88.6956,16.1978]]],[[[-88.1904,16.2178],[-88.1913,16.2214],[-88.19,16.2187],[-88.1904,16.2178]]],[[[-61.5864,16.3501],[-61.5842,16.3573],[-61.5767,16.3526],[-61.5864,16.3501]]],[[[119.9303,16.3805],[119.9183,16.4269],[119.9598,16.389],[119.9303,16.3805]]],[[[-88.0427,16.4352],[-88.041,16.4389],[-88.0395,16.4357],[-88.0427,16.4352]]],[[[111.5081,16.442],[111.5069,16.4435],[111.51,16.4447],[111.5081,16.442]]],[[[-86.1503,16.4454],[-86.1244,16.4448],[-86.1668,16.4309],[-86.1503,16.4454]]],[[[111.7122,16.4474],[111.7109,16.4503],[111.7137,16.4494],[111.7122,16.4474]]],[[[111.7028,16.4509],[111.7014,16.4539],[111.7042,16.4529],[111.7028,16.4509]]],[[[111.7428,16.4571],[111.7415,16.4601],[111.7443,16.4591],[111.7428,16.4571]]],[[[-88.2869,16.5198],[-88.2754,16.514],[-88.2917,16.5119],[-88.2869,16.5198]]],[[[111.6595,16.5436],[111.6582,16.5465],[111.661,16.5456],[111.6595,16.5436]]],[[[111.714,16.5437],[111.7126,16.5466],[111.7153,16.5457],[111.714,16.5437]]],[[[111.6734,16.5699],[111.672,16.5729],[111.6749,16.572],[111.6734,16.5699]]],[[[111.7039,16.5732],[111.7028,16.5751],[111.7059,16.5752],[111.7039,16.5732]]],[[[111.6803,16.5782],[111.6789,16.5811],[111.6817,16.5802],[111.6803,16.5782]]],[[[-88.1725,16.6744],[-88.1689,16.6768],[-88.168,16.6631],[-88.1725,16.6744]]],[[[-87.7986,16.7253],[-87.7843,16.7381],[-87.79,16.7283],[-87.7986,16.7253]]],[[[-88.1091,16.8246],[-88.1057,16.8307],[-88.1025,16.8169],[-88.1091,16.8246]]],[[[-88.0925,16.8742],[-88.0859,16.8773],[-88.0906,16.8681],[-88.0925,16.8742]]],[[[-88.0928,16.875],[-88.0965,16.8793],[-88.0978,16.8924],[-88.0928,16.875]]],[[[-88.0896,16.8849],[-88.0902,16.8969],[-88.0832,16.9048],[-88.0896,16.8849]]],[[[112.3269,16.9424],[112.3242,16.9417],[112.325,16.9443],[112.3269,16.9424]]],[[[112.3143,16.9517],[112.3142,16.9538],[112.3161,16.9525],[112.3143,16.9517]]],[[[41.7047,16.9548],[41.7236,16.921],[41.6668,16.9039],[41.7047,16.9548]]],[[[112.2002,16.9743],[112.197,16.9724],[112.1987,16.9757],[112.2002,16.9743]]],[[[-88.059,16.9773],[-88.0527,16.9822],[-88.0446,16.9808],[-88.059,16.9773]]],[[[-88.0348,17.0078],[-88.0321,17.012],[-88.0296,17.0013],[-88.0348,17.0078]]],[[[-88.0301,17.0858],[-88.0546,17.0736],[-88.0485,17.089],[-88.0301,17.0858]]],[[[-87.5135,17.1789],[-87.5122,17.1825],[-87.5077,17.1795],[-87.5135,17.1789]]],[[[-87.5812,17.1758],[-87.5668,17.1895],[-87.5824,17.1601],[-87.5812,17.1758]]],[[[-88.0944,17.19],[-88.0832,17.1944],[-88.0921,17.1817],[-88.0944,17.19]]],[[[-88.0839,17.2966],[-88.0755,17.2876],[-88.0851,17.2599],[-88.0839,17.2966]]],[[[-88.0627,17.3944],[-88.0546,17.3802],[-88.062,17.3726],[-88.0627,17.3944]]],[[[-83.9044,17.405],[-83.897,17.41],[-83.8975,17.4033],[-83.9044,17.405]]],[[[-87.5074,17.4455],[-87.4842,17.4427],[-87.4925,17.4333],[-87.5074,17.4455]]],[[[-88.153,17.5229],[-88.1468,17.5015],[-88.1573,17.5133],[-88.153,17.5229]]],[[[-88.1851,17.5464],[-88.1759,17.5397],[-88.1842,17.5283],[-88.1851,17.5464]]],[[[-88.1736,17.5713],[-88.1717,17.5634],[-88.1842,17.547],[-88.1736,17.5713]]],[[[-88.0408,17.694],[-88.047,17.6797],[-88.0408,17.7121],[-88.0408,17.694]]],[[[-88.0211,17.7883],[-88.0237,17.7438],[-88.039,17.7276],[-88.0211,17.7883]]],[[[-88.0714,17.8536],[-88.0449,17.8507],[-88.0651,17.8454],[-88.0714,17.8536]]],[[[-88.0298,18.0312],[-88.024,18.0295],[-88.0321,18.0136],[-88.0298,18.0312]]],[[[-64.9475,18.3297],[-64.9414,18.3214],[-64.9591,18.3063],[-64.9475,18.3297]]],[[[-64.9111,18.4064],[-64.9074,18.386],[-64.9188,18.4042],[-64.9111,18.4064]]],[[[122.1497,18.5782],[122.1126,18.507],[122.1095,18.5611],[122.1497,18.5782]]],[[[105.9321,19.3824],[105.929,19.3591],[105.9205,19.3763],[105.9321,19.3824]]],[[[121.5069,19.4511],[121.5135,19.4247],[121.5046,19.4318],[121.5069,19.4511]]],[[[-16.5394,19.9309],[-16.517,19.9125],[-16.5388,19.9079],[-16.5394,19.9309]]],[[[107.7319,20.1339],[107.7456,20.1397],[107.7396,20.1241],[107.7319,20.1339]]],[[[-91.9672,20.2039],[-91.9663,20.2075],[-91.9651,20.2036],[-91.9672,20.2039]]],[[[-91.9743,20.2134],[-91.9704,20.2156],[-91.972,20.208],[-91.9743,20.2134]]],[[[121.7972,20.3199],[121.8084,20.3382],[121.8088,20.3019],[121.7972,20.3199]]],[[[-77.9048,20.5733],[-77.8784,20.5652],[-77.8908,20.557],[-77.9048,20.5733]]],[[[-78.3814,20.6565],[-78.3767,20.6423],[-78.3935,20.645],[-78.3814,20.6565]]],[[[-78.1055,20.6804],[-78.0914,20.6821],[-78.0985,20.6699],[-78.1055,20.6804]]],[[[-74.9205,20.6939],[-74.9015,20.6876],[-74.9004,20.6739],[-74.9205,20.6939]]],[[[107.4679,20.7325],[107.4663,20.7204],[107.4526,20.7145],[107.4679,20.7325]]],[[[107.1458,20.7519],[107.1299,20.7483],[107.1441,20.7657],[107.1458,20.7519]]],[[[-78.6471,20.7327],[-78.663,20.7607],[-78.6432,20.7735],[-78.6471,20.7327]]],[[[107.4824,20.7694],[107.4948,20.7768],[107.4819,20.7556],[107.4824,20.7694]]],[[[-78.4958,20.7603],[-78.5032,20.7586],[-78.5075,20.7773],[-78.4958,20.7603]]],[[[107.1332,20.775],[107.1188,20.8056],[107.1377,20.7923],[107.1332,20.775]]],[[[107.4168,20.7731],[107.4039,20.7779],[107.4108,20.806],[107.4168,20.7731]]],[[[-78.6261,20.8208],[-78.6349,20.8402],[-78.6216,20.8333],[-78.6261,20.8208]]],[[[106.8079,20.8176],[106.7867,20.8073],[106.7615,20.8417],[106.8079,20.8176]]],[[[107.2899,20.8478],[107.2944,20.8389],[107.2723,20.8326],[107.2899,20.8478]]],[[[107.1078,20.8359],[107.0858,20.8425],[107.1019,20.8565],[107.1078,20.8359]]],[[[106.9028,20.8475],[106.8815,20.8472],[106.8918,20.8731],[106.9028,20.8475]]],[[[106.766,20.8478],[106.7255,20.8748],[106.7533,20.8713],[106.766,20.8478]]],[[[107.2101,20.8651],[107.1907,20.8822],[107.2101,20.8757],[107.2101,20.8651]]],[[[-92.2423,20.897],[-92.244,20.9011],[-92.2386,20.8994],[-92.2423,20.897]]],[[[107.3029,20.9004],[107.3244,20.8703],[107.3004,20.8952],[107.3029,20.9004]]],[[[107.3196,20.9035],[107.3263,20.8808],[107.3097,20.9052],[107.3196,20.9035]]],[[[106.9772,20.9314],[106.9972,20.9369],[106.9911,20.917],[106.9772,20.9314]]],[[[106.9322,20.939],[106.9369,20.9521],[106.9551,20.9392],[106.9322,20.939]]],[[[107.3496,20.9243],[107.3161,20.9399],[107.3903,20.9594],[107.3496,20.9243]]],[[[107.3732,20.9091],[107.4543,20.96],[107.4204,20.9174],[107.3732,20.9091]]],[[[107.0582,20.9661],[107.0194,20.9542],[107.0438,20.9783],[107.0582,20.9661]]],[[[-92.3089,20.9723],[-92.31,20.9787],[-92.3044,20.9752],[-92.3089,20.9723]]],[[[106.7385,20.9503],[106.6869,20.9819],[106.7445,20.9951],[106.7385,20.9503]]],[[[-78.7157,21.0987],[-78.7069,21.0812],[-78.7438,21.1077],[-78.7157,21.0987]]],[[[107.518,21.0452],[107.5532,21.1138],[107.5818,21.1176],[107.518,21.0452]]],[[[107.5713,21.1347],[107.5817,21.1293],[107.5635,21.1176],[107.5713,21.1347]]],[[[107.6698,21.1975],[107.6802,21.2071],[107.6583,21.1394],[107.6698,21.1975]]],[[[107.9688,21.2443],[107.9797,21.2294],[107.9536,21.2336],[107.9688,21.2443]]],[[[107.6386,21.2558],[107.6152,21.233],[107.5995,21.2378],[107.6386,21.2558]]],[[[107.5421,21.259],[107.5728,21.2732],[107.5879,21.2615],[107.5421,21.259]]],[[[107.5399,21.2665],[107.5331,21.2854],[107.5571,21.2816],[107.5399,21.2665]]],[[[107.7814,21.2951],[107.7935,21.2912],[107.7541,21.2837],[107.7814,21.2951]]],[[[107.6948,21.2969],[107.6999,21.2918],[107.6602,21.2668],[107.6948,21.2969]]],[[[-78.7684,21.4094],[-78.771,21.4183],[-78.7624,21.4178],[-78.7684,21.4094]]],[[[-86.7968,21.5071],[-86.7901,21.4612],[-86.8037,21.4975],[-86.7968,21.5071]]],[[[108.16,21.5442],[108.177,21.5301],[108.1266,21.5204],[108.16,21.5442]]],[[[-82.4278,21.5731],[-82.4285,21.5543],[-82.4619,21.5713],[-82.4278,21.5731]]],[[[-82.284,21.5858],[-82.3368,21.5687],[-82.324,21.5822],[-82.284,21.5858]]],[[[-82.5246,21.7203],[-82.5708,21.7161],[-82.5759,21.7618],[-82.5246,21.7203]]],[[[108.5697,21.7658],[108.5709,21.7775],[108.5774,21.7632],[108.5697,21.7658]]],[[[-83.1908,21.7963],[-83.2059,21.8088],[-83.206,21.8253],[-83.1908,21.7963]]],[[[113.1759,21.8621],[113.1312,21.8504],[113.1559,21.8727],[113.1759,21.8621]]],[[[-81.8325,21.8786],[-81.8168,21.8742],[-81.8397,21.8686],[-81.8325,21.8786]]],[[[113.0109,21.8762],[113.0353,21.8784],[113.0345,21.8553],[113.0109,21.8762]]],[[[-82.5998,21.8862],[-82.6151,21.8949],[-82.6024,21.8752],[-82.5998,21.8862]]],[[[-77.7248,21.8937],[-77.7301,21.8805],[-77.7515,21.8989],[-77.7248,21.8937]]],[[[-82.6392,21.9034],[-82.6322,21.9018],[-82.6256,21.8959],[-82.6392,21.9034]]],[[[-83.3669,21.9527],[-83.3516,21.9461],[-83.4364,21.9422],[-83.3669,21.9527]]],[[[121.6025,21.9488],[121.6012,21.9572],[121.6057,21.9537],[121.6025,21.9488]]],[[[113.2233,22.0006],[113.1828,21.9605],[113.1924,22.0338],[113.2233,22.0006]]],[[[-81.322,22.0332],[-81.3887,22.0231],[-81.4555,22.0713],[-81.322,22.0332]]],[[[-91.3974,22.1138],[-91.406,22.1214],[-91.3971,22.1215],[-91.3974,22.1138]]],[[[113.9033,22.1584],[113.8996,22.163],[113.9106,22.1662],[113.9033,22.1584]]],[[[114.2641,22.1623],[114.2507,22.1623],[114.2664,22.1787],[114.2641,22.1623]]],[[[113.9106,22.1787],[113.9033,22.1787],[113.9033,22.1865],[113.9106,22.1787]]],[[[114.249,22.1772],[114.2428,22.185],[114.2538,22.1865],[114.249,22.1772]]],[[[-78.0637,22.1758],[-78.0802,22.1707],[-78.0963,22.1949],[-78.0637,22.1758]]],[[[113.9907,22.1919],[113.9775,22.1934],[113.9876,22.199],[113.9907,22.1919]]],[[[114.0221,22.2068],[114.0314,22.1959],[114.0158,22.1919],[114.0221,22.2068]]],[[[114.1563,22.2318],[114.1422,22.2419],[114.1563,22.2388],[114.1563,22.2318]]],[[[114.296,22.2544],[114.2883,22.2325],[114.2829,22.2497],[114.296,22.2544]]],[[[114.043,22.2412],[114.0205,22.2552],[114.0422,22.256],[114.043,22.2412]]],[[[114.0479,22.2567],[114.0453,22.2622],[114.0518,22.2614],[114.0479,22.2567]]],[[[-78.3242,22.2633],[-78.3041,22.2602],[-78.3374,22.2198],[-78.3242,22.2633]]],[[[114.3499,22.2646],[114.3467,22.2591],[114.3467,22.2692],[114.3499,22.2646]]],[[[-77.9276,22.2691],[-77.9084,22.2731],[-77.9345,22.2503],[-77.9276,22.2691]]],[[[114.2726,22.2762],[114.2648,22.27],[114.2656,22.2794],[114.2726,22.2762]]],[[[36.6512,22.2718],[36.6599,22.2443],[36.631,22.2521],[36.6512,22.2718]]],[[[114.0735,22.2801],[114.0697,22.2801],[114.0697,22.2856],[114.0735,22.2801]]],[[[114.0407,22.2911],[114.043,22.2817],[114.0345,22.2794],[114.0407,22.2911]]],[[[114.3702,22.3052],[114.3639,22.3129],[114.3663,22.3184],[114.3702,22.3052]]],[[[114.1344,22.3199],[114.1468,22.3137],[114.1298,22.3152],[114.1344,22.3199]]],[[[-75.765,22.3144],[-75.7606,22.3033],[-75.7668,22.3071],[-75.765,22.3144]]],[[[113.9426,22.3223],[113.9299,22.2927],[113.9237,22.3137],[113.9426,22.3223]]],[[[114.3523,22.3129],[114.3467,22.3098],[114.356,22.3223],[114.3523,22.3129]]],[[[114.3312,22.3261],[114.3195,22.3238],[114.3163,22.3363],[114.3312,22.3261]]],[[[114.0618,22.3395],[114.058,22.3519],[114.0658,22.3488],[114.0618,22.3395]]],[[[-77.8978,22.3056],[-77.9372,22.3536],[-77.9023,22.3245],[-77.8978,22.3056]]],[[[120.3482,22.3209],[120.3711,22.3555],[120.3777,22.3417],[120.3482,22.3209]]],[[[114.1048,22.3261],[114.0791,22.3558],[114.1025,22.3535],[114.1048,22.3261]]],[[[114.296,22.3621],[114.296,22.3488],[114.289,22.3652],[114.296,22.3621]]],[[[114.3289,22.3426],[114.3054,22.3458],[114.3109,22.3761],[114.3289,22.3426]]],[[[113.884,22.3792],[113.8799,22.3699],[113.8761,22.3839],[113.884,22.3792]]],[[[-84.3906,22.4057],[-84.4469,22.4024],[-84.4324,22.4204],[-84.3906,22.4057]]],[[[-89.7489,22.4459],[-89.7436,22.4467],[-89.7424,22.4418],[-89.7489,22.4459]]],[[[-75.8436,22.4798],[-75.8354,22.4616],[-75.8465,22.4676],[-75.8436,22.4798]]],[[[-78.1512,22.4724],[-78.1337,22.4388],[-78.1904,22.4503],[-78.1512,22.4724]]],[[[114.3654,22.4744],[114.3591,22.4658],[114.3583,22.4869],[114.3654,22.4744]]],[[[-82.3691,22.4966],[-82.3725,22.4728],[-82.3814,22.482],[-82.3691,22.4966]]],[[[-78.836,22.4946],[-78.8326,22.4773],[-78.8737,22.4956],[-78.836,22.4946]]],[[[114.3171,22.5182],[114.2936,22.5128],[114.3085,22.526],[114.3171,22.5182]]],[[[-78.9809,22.5258],[-78.9665,22.5144],[-78.9828,22.5058],[-78.9809,22.5258]]],[[[-79.1494,22.5448],[-79.1554,22.5314],[-79.1797,22.5395],[-79.1494,22.5448]]],[[[114.4256,22.5517],[114.4334,22.5439],[114.4225,22.5439],[114.4256,22.5517]]],[[[114.289,22.5564],[114.3163,22.5517],[114.3008,22.5353],[114.289,22.5564]]],[[[-89.7962,22.5725],[-89.7807,22.5783],[-89.7809,22.5747],[-89.7962,22.5725]]],[[[-89.7768,22.5799],[-89.7685,22.579],[-89.7744,22.5762],[-89.7768,22.5799]]],[[[-82.6912,22.5912],[-82.679,22.5862],[-82.6896,22.5731],[-82.6912,22.5912]]],[[[-78.6566,22.5792],[-78.7037,22.6111],[-78.6628,22.601],[-78.6566,22.5792]]],[[[-79.1337,22.6218],[-79.1691,22.6203],[-79.1419,22.6376],[-79.1337,22.6218]]],[[[36.2043,22.6701],[36.2009,22.6517],[36.17,22.6838],[36.2043,22.6701]]],[[[-79.505,22.6673],[-79.5155,22.6442],[-79.5264,22.6697],[-79.505,22.6673]]],[[[36.0635,22.7381],[36.0383,22.7372],[36.0663,22.7669],[36.0635,22.7381]]],[[[36.2276,22.7929],[36.1968,22.7909],[36.214,22.8136],[36.2276,22.7929]]],[[[-83.7877,22.817],[-83.7625,22.8068],[-83.8187,22.7804],[-83.7877,22.817]]],[[[-79.8357,22.9077],[-79.832,22.8949],[-79.8483,22.8909],[-79.8357,22.9077]]],[[[-79.961,22.9831],[-79.9429,22.9685],[-79.9652,22.9547],[-79.961,22.9831]]],[[[-80.011,23.0456],[-79.9955,23.0316],[-80.0292,23.0029],[-80.011,23.0456]]],[[[-161.9167,23.0591],[-161.9264,23.051],[-161.9305,23.0606],[-161.9167,23.0591]]],[[[120.0379,23.06],[120.0432,23.0446],[120.0282,23.0662],[120.0379,23.06]]],[[[120.0485,23.1496],[120.0366,23.121],[120.0514,23.1682],[120.0485,23.1496]]],[[[119.4257,23.2224],[119.4183,23.1918],[119.4076,23.2134],[119.4257,23.2224]]],[[[120.0606,23.1902],[120.0762,23.2248],[120.0768,23.2185],[120.0606,23.1902]]],[[[35.7094,23.2067],[35.5822,23.2266],[35.6915,23.2379],[35.7094,23.2067]]],[[[119.4142,23.226],[119.4015,23.2494],[119.4207,23.2368],[119.4142,23.226]]],[[[-81.0036,23.2521],[-80.9955,23.2433],[-81.012,23.2276],[-81.0036,23.2521]]],[[[119.6125,23.2532],[119.6047,23.2478],[119.6003,23.2528],[119.6125,23.2532]]],[[[119.6108,23.2565],[119.6094,23.2565],[119.6101,23.259],[119.6108,23.2565]]],[[[119.6607,23.2633],[119.6693,23.2633],[119.6623,23.2472],[119.6607,23.2633]]],[[[119.6523,23.2659],[119.6525,23.2615],[119.6477,23.2633],[119.6523,23.2659]]],[[[119.4974,23.2684],[119.5019,23.2746],[119.5042,23.2712],[119.4974,23.2684]]],[[[120.0849,23.2687],[120.0856,23.2973],[120.0876,23.2967],[120.0849,23.2687]]],[[[119.3281,23.3194],[119.3283,23.3168],[119.3267,23.3188],[119.3281,23.3194]]],[[[119.3139,23.3251],[119.3135,23.3223],[119.3119,23.3242],[119.3139,23.3251]]],[[[119.3294,23.3198],[119.3267,23.3253],[119.3297,23.3234],[119.3294,23.3198]]],[[[120.1055,23.3112],[120.0973,23.3104],[120.1139,23.3346],[120.1055,23.3112]]],[[[120.1205,23.3658],[120.1104,23.3514],[120.1189,23.3709],[120.1205,23.3658]]],[[[119.5211,23.3741],[119.5319,23.3676],[119.5142,23.361],[119.5211,23.3741]]],[[[120.1327,23.3868],[120.1324,23.4022],[120.1345,23.3907],[120.1327,23.3868]]],[[[119.5052,23.3753],[119.4796,23.3581],[119.4787,23.4051],[119.5052,23.3753]]],[[[119.3106,23.3979],[119.3104,23.4095],[119.3207,23.4086],[119.3106,23.3979]]],[[[120.1356,23.416],[120.1331,23.422],[120.1379,23.4206],[120.1356,23.416]]],[[[120.1261,23.4445],[120.1324,23.4431],[120.131,23.4371],[120.1261,23.4445]]],[[[119.5339,23.4974],[119.501,23.4857],[119.5023,23.4941],[119.5339,23.4974]]],[[[116.9295,23.5395],[116.9708,23.5998],[116.9583,23.5473],[116.9295,23.5395]]],[[[36.1903,23.5929],[36.1841,23.6241],[36.2064,23.6146],[36.1903,23.5929]]],[[[-166.1727,23.6404],[-166.1737,23.6381],[-166.1747,23.6396],[-166.1727,23.6404]]],[[[-77.7305,23.69],[-77.7115,23.6869],[-77.7264,23.6731],[-77.7305,23.69]]],[[[-79.6879,23.6887],[-79.6909,23.6929],[-79.6893,23.6957],[-79.6879,23.6887]]],[[[-80.412,23.7003],[-80.4152,23.7064],[-80.4049,23.7077],[-80.412,23.7003]]],[[[-166.1673,23.7267],[-166.1655,23.7241],[-166.1669,23.7242],[-166.1673,23.7267]]],[[[-166.1682,23.7303],[-166.1683,23.7294],[-166.1693,23.7309],[-166.1682,23.7303]]],[[[-166.1682,23.7318],[-166.1695,23.7312],[-166.1699,23.7327],[-166.1682,23.7318]]],[[[119.6128,23.7498],[119.5941,23.7275],[119.5885,23.743],[119.6128,23.7498]]],[[[-166.2653,23.7655],[-166.2658,23.7633],[-166.2673,23.7653],[-166.2653,23.7655]]],[[[-77.8347,23.761],[-77.8311,23.7672],[-77.8155,23.7616],[-77.8347,23.761]]],[[[-166.2099,23.7822],[-166.2104,23.7801],[-166.2119,23.7821],[-166.2099,23.7822]]],[[[-166.2039,23.79],[-166.2045,23.7878],[-166.206,23.7898],[-166.2039,23.79]]],[[[-166.2325,23.8026],[-166.2331,23.8003],[-166.2348,23.8022],[-166.2325,23.8026]]],[[[-79.7496,23.8158],[-79.7514,23.8173],[-79.7469,23.8179],[-79.7496,23.8158]]],[[[-166.2281,23.8218],[-166.2267,23.8194],[-166.2281,23.819],[-166.2281,23.8218]]],[[[-166.2319,23.8234],[-166.2312,23.8221],[-166.2338,23.8232],[-166.2319,23.8234]]],[[[-166.3253,23.85],[-166.3271,23.8483],[-166.3284,23.8496],[-166.3253,23.85]]],[[[-166.2203,23.8577],[-166.22,23.8539],[-166.2228,23.8572],[-166.2203,23.8577]]],[[[-166.2234,23.8618],[-166.2231,23.8582],[-166.2248,23.8595],[-166.2234,23.8618]]],[[[-166.2441,23.867],[-166.2447,23.8648],[-166.2462,23.8668],[-166.2441,23.867]]],[[[-166.2856,23.869],[-166.2916,23.8626],[-166.2931,23.8643],[-166.2856,23.869]]],[[[-166.2492,23.8692],[-166.2481,23.8677],[-166.251,23.8681],[-166.2492,23.8692]]],[[[-166.2541,23.8725],[-166.2536,23.8707],[-166.2554,23.8714],[-166.2541,23.8725]]],[[[-80.4596,23.9549],[-80.4617,23.9511],[-80.4684,23.9459],[-80.4596,23.9549]]],[[[-80.3693,23.982],[-80.3656,23.9866],[-80.3625,23.9842],[-80.3693,23.982]]],[[[-80.3544,23.9839],[-80.3529,23.9891],[-80.3479,23.9874],[-80.3544,23.9839]]],[[[-80.2871,24.0076],[-80.294,24.0092],[-80.2868,24.0132],[-80.2871,24.0076]]],[[[-80.2579,24.0088],[-80.256,24.0159],[-80.2536,24.0103],[-80.2579,24.0088]]],[[[-80.18,24.0308],[-80.1804,24.0287],[-80.182,24.0307],[-80.18,24.0308]]],[[[-77.1827,24.0438],[-77.1667,24.0406],[-77.1721,24.0301],[-77.1827,24.0438]]],[[[123.7817,24.0391],[123.7577,24.0538],[123.8029,24.0606],[123.7817,24.0391]]],[[[123.9945,24.2357],[124.0287,24.2344],[124.0135,24.2138],[123.9945,24.2357]]],[[[124.0973,24.3092],[124.0819,24.31],[124.0827,24.3282],[124.0973,24.3092]]],[[[123.9665,24.3262],[123.9812,24.3472],[123.9993,24.3218],[123.9665,24.3262]]],[[[118.2564,24.4481],[118.2573,24.4238],[118.209,24.4116],[118.2564,24.4481]]],[[[-82.1495,24.5509],[-82.1501,24.5487],[-82.1516,24.5508],[-82.1495,24.5509]]],[[[-82.1652,24.5515],[-82.1636,24.5537],[-82.1611,24.551],[-82.1652,24.5515]]],[[[-82.1654,24.5614],[-82.1643,24.5655],[-82.1642,24.5598],[-82.1654,24.5614]]],[[[118.3265,24.5432],[118.2977,24.5614],[118.3338,24.5635],[118.3265,24.5432]]],[[[-82.1555,24.5718],[-82.155,24.574],[-82.1533,24.572],[-82.1555,24.5718]]],[[[-82.8629,24.6266],[-82.8647,24.6243],[-82.8649,24.627],[-82.8629,24.6266]]],[[[-82.8752,24.6243],[-82.8745,24.6296],[-82.8739,24.6257],[-82.8752,24.6243]]],[[[-82.8678,24.6316],[-82.8678,24.6281],[-82.869,24.6288],[-82.8678,24.6316]]],[[[-82.9251,24.6305],[-82.924,24.6361],[-82.9208,24.6331],[-82.9251,24.6305]]],[[[-82.8534,24.6487],[-82.8539,24.6466],[-82.8555,24.6486],[-82.8534,24.6487]]],[[[124.7051,24.6693],[124.7171,24.635],[124.6786,24.6365],[124.7051,24.6693]]],[[[124.6961,24.7545],[124.7079,24.7371],[124.6886,24.7446],[124.6961,24.7545]]],[[[121.9539,24.8464],[121.9391,24.8366],[121.9273,24.8486],[121.9539,24.8464]]],[[[-80.6957,24.9025],[-80.6996,24.9013],[-80.7004,24.9064],[-80.6957,24.9025]]],[[[125.2458,24.9359],[125.2506,24.9153],[125.2376,24.934],[125.2458,24.9359]]],[[[-80.7836,24.9373],[-80.7842,24.9364],[-80.7881,24.9405],[-80.7836,24.9373]]],[[[37.0945,24.9771],[37.1121,24.9446],[37.0691,24.9533],[37.0945,24.9771]]],[[[119.4695,24.9958],[119.4769,24.9883],[119.4629,24.9759],[119.4695,24.9958]]],[[[-80.7321,25.0019],[-80.7257,25.0006],[-80.7325,24.9954],[-80.7321,25.0019]]],[[[-80.8675,25.0346],[-80.8639,25.0319],[-80.8652,25.031],[-80.8675,25.0346]]],[[[-80.753,25.0279],[-80.7599,25.0379],[-80.7564,25.0415],[-80.753,25.0279]]],[[[55.0511,25.0354],[55.0659,25.0346],[55.0466,25.0233],[55.0511,25.0354]]],[[[-80.6441,25.0845],[-80.6457,25.0759],[-80.6485,25.0819],[-80.6441,25.0845]]],[[[55.146,25.0882],[55.1441,25.0908],[55.1495,25.0961],[55.146,25.0882]]],[[[55.1219,25.0961],[55.1425,25.0932],[55.1277,25.0914],[55.1219,25.0961]]],[[[119.1159,25.0363],[119.1091,25.0806],[119.1541,25.1027],[119.1159,25.0363]]],[[[-80.6658,25.0958],[-80.6796,25.1033],[-80.6693,25.102],[-80.6658,25.0958]]],[[[-80.6458,25.097],[-80.6585,25.1096],[-80.6487,25.1081],[-80.6458,25.097]]],[[[55.1646,25.1107],[55.1579,25.1056],[55.1615,25.1111],[55.1646,25.1107]]],[[[-80.6791,25.1162],[-80.6858,25.1139],[-80.6845,25.1237],[-80.6791,25.1162]]],[[[-80.4845,25.1156],[-80.4774,25.1114],[-80.4958,25.0983],[-80.4845,25.1156]]],[[[55.1554,25.0963],[55.1263,25.1212],[55.1514,25.1262],[55.1554,25.0963]]],[[[55.1553,25.1303],[55.1602,25.1234],[55.1594,25.1123],[55.1553,25.1303]]],[[[55.1185,25.0966],[55.1213,25.1256],[55.154,25.1318],[55.1185,25.0966]]],[[[-80.64,25.1348],[-80.6359,25.1226],[-80.6419,25.1124],[-80.64,25.1348]]],[[[-80.706,25.1374],[-80.7076,25.1295],[-80.713,25.1372],[-80.706,25.1374]]],[[[52.8738,25.1601],[52.8867,25.1345],[52.8749,25.1413],[52.8738,25.1601]]],[[[-80.6018,25.1746],[-80.5876,25.1681],[-80.5911,25.1612],[-80.6018,25.1746]]],[[[55.1712,25.18],[55.1401,25.1878],[55.1733,25.1856],[55.1712,25.18]]],[[[55.1774,25.1898],[55.1786,25.1907],[55.1796,25.1899],[55.1774,25.1898]]],[[[55.1774,25.182],[55.1747,25.182],[55.1926,25.1907],[55.1774,25.182]]],[[[55.1856,25.1888],[55.1847,25.1903],[55.187,25.1905],[55.1856,25.1888]]],[[[-80.5399,25.1872],[-80.5387,25.1833],[-80.5473,25.1822],[-80.5399,25.1872]]],[[[55.1796,25.1908],[55.1782,25.1914],[55.1792,25.1918],[55.1796,25.1908]]],[[[55.1766,25.1904],[55.1751,25.1913],[55.1767,25.1916],[55.1766,25.1904]]],[[[55.1754,25.1924],[55.1747,25.192],[55.1738,25.1931],[55.1754,25.1924]]],[[[55.1831,25.1875],[55.1841,25.1937],[55.1866,25.1916],[55.1831,25.1875]]],[[[55.1777,25.1926],[55.1767,25.1923],[55.1762,25.1934],[55.1777,25.1926]]],[[[55.1799,25.1924],[55.179,25.193],[55.1803,25.1941],[55.1799,25.1924]]],[[[55.1736,25.1943],[55.1725,25.1938],[55.1716,25.1949],[55.1736,25.1943]]],[[[55.1576,25.1949],[55.1558,25.1957],[55.1577,25.1961],[55.1576,25.1949]]],[[[55.1761,25.194],[55.1736,25.1962],[55.1756,25.1952],[55.1761,25.194]]],[[[55.159,25.1954],[55.1601,25.1963],[55.1608,25.1955],[55.159,25.1954]]],[[[55.1541,25.1949],[55.1507,25.1965],[55.1538,25.1959],[55.1541,25.1949]]],[[[55.1698,25.1951],[55.1685,25.1955],[55.1694,25.197],[55.1698,25.1951]]],[[[55.1762,25.1962],[55.1748,25.1968],[55.1762,25.197],[55.1762,25.1962]]],[[[55.1502,25.1962],[55.1476,25.1976],[55.1502,25.1972],[55.1502,25.1962]]],[[[55.1675,25.1963],[55.1659,25.1971],[55.1677,25.198],[55.1675,25.1963]]],[[[55.1731,25.1973],[55.1714,25.1973],[55.1733,25.1986],[55.1731,25.1973]]],[[[55.1536,25.1975],[55.1521,25.1978],[55.1524,25.1988],[55.1536,25.1975]]],[[[55.1511,25.1984],[55.1504,25.1986],[55.1507,25.199],[55.1511,25.1984]]],[[[55.1572,25.1981],[55.1561,25.1978],[55.1551,25.1992],[55.1572,25.1981]]],[[[55.1708,25.1981],[55.1697,25.1977],[55.1683,25.1994],[55.1708,25.1981]]],[[[55.1476,25.1995],[55.1457,25.1995],[55.1467,25.2004],[55.1476,25.1995]]],[[[55.172,25.1993],[55.1708,25.1996],[55.172,25.2005],[55.172,25.1993]]],[[[55.1757,25.1988],[55.175,25.1982],[55.1742,25.2002],[55.1757,25.1988]]],[[[55.1496,25.1988],[55.1487,25.1997],[55.1504,25.2008],[55.1496,25.1988]]],[[[55.1658,25.1985],[55.1643,25.1996],[55.1659,25.2008],[55.1658,25.1985]]],[[[55.1516,25.2002],[55.1514,25.2014],[55.1536,25.2008],[55.1516,25.2002]]],[[[55.1631,25.2001],[55.1624,25.2001],[55.1637,25.2014],[55.1631,25.2001]]],[[[55.1686,25.2002],[55.1673,25.2001],[55.1672,25.2016],[55.1686,25.2002]]],[[[55.1575,25.2003],[55.1544,25.2017],[55.1559,25.202],[55.1575,25.2003]]],[[[55.1487,25.2013],[55.1471,25.2016],[55.1484,25.2021],[55.1487,25.2013]]],[[[55.1658,25.2017],[55.1649,25.2021],[55.1662,25.2025],[55.1658,25.2017]]],[[[55.1712,25.2011],[55.1698,25.2021],[55.1716,25.2027],[55.1712,25.2011]]],[[[55.1511,25.2025],[55.1497,25.2024],[55.1506,25.2036],[55.1511,25.2025]]],[[[55.1742,25.202],[55.172,25.2033],[55.173,25.2037],[55.1742,25.202]]],[[[55.1533,25.2027],[55.152,25.2037],[55.1532,25.2037],[55.1533,25.2027]]],[[[55.1592,25.2017],[55.1578,25.2016],[55.1581,25.2042],[55.1592,25.2017]]],[[[55.154,25.2036],[55.1544,25.2043],[55.1556,25.2034],[55.154,25.2036]]],[[[55.1471,25.203],[55.1456,25.2036],[55.1465,25.2049],[55.1471,25.203]]],[[[55.1493,25.2033],[55.1483,25.2037],[55.1499,25.2051],[55.1493,25.2033]]],[[[-110.7026,25.1992],[-110.6959,25.2057],[-110.698,25.1964],[-110.7026,25.1992]]],[[[55.1589,25.2049],[55.1572,25.2056],[55.1586,25.2061],[55.1589,25.2049]]],[[[55.1561,25.2049],[55.1552,25.2047],[55.1556,25.2062],[55.1561,25.2049]]],[[[55.1476,25.2058],[55.1452,25.207],[55.147,25.2072],[55.1476,25.2058]]],[[[55.1536,25.2058],[55.1527,25.2073],[55.1544,25.2069],[55.1536,25.2058]]],[[[55.1505,25.206],[55.1483,25.208],[55.1506,25.2072],[55.1505,25.206]]],[[[55.1593,25.2071],[55.1581,25.2082],[55.1602,25.2078],[55.1593,25.2071]]],[[[55.1757,25.2069],[55.1743,25.2077],[55.1756,25.2082],[55.1757,25.2069]]],[[[55.1571,25.2076],[55.155,25.209],[55.157,25.2086],[55.1571,25.2076]]],[[[55.186,25.2066],[55.1822,25.2083],[55.1838,25.2092],[55.186,25.2066]]],[[[55.151,25.2081],[55.151,25.209],[55.153,25.2092],[55.151,25.2081]]],[[[55.1813,25.2086],[55.1789,25.2088],[55.1792,25.2095],[55.1813,25.2086]]],[[[55.1877,25.2084],[55.1865,25.2079],[55.1864,25.2095],[55.1877,25.2084]]],[[[55.1895,25.2069],[55.1876,25.2068],[55.1882,25.2097],[55.1895,25.2069]]],[[[55.1464,25.2084],[55.1453,25.2084],[55.1447,25.2097],[55.1464,25.2084]]],[[[55.1746,25.2091],[55.172,25.2095],[55.1742,25.2099],[55.1746,25.2091]]],[[[55.1777,25.2089],[55.1758,25.209],[55.1781,25.2099],[55.1777,25.2089]]],[[[55.1522,25.2102],[55.151,25.2106],[55.1521,25.2111],[55.1522,25.2102]]],[[[55.1881,25.2104],[55.1864,25.2108],[55.1878,25.2113],[55.1881,25.2104]]],[[[55.1494,25.2097],[55.1479,25.2112],[55.1502,25.2112],[55.1494,25.2097]]],[[[55.1856,25.2104],[55.1839,25.2103],[55.185,25.2115],[55.1856,25.2104]]],[[[55.1463,25.2103],[55.1453,25.2115],[55.1468,25.2114],[55.1463,25.2103]]],[[[55.1714,25.2098],[55.17,25.2099],[55.1705,25.2118],[55.1714,25.2098]]],[[[55.1834,25.2109],[55.1815,25.2116],[55.1832,25.2124],[55.1834,25.2109]]],[[[55.1768,25.2115],[55.1755,25.2104],[55.1731,25.2115],[55.1768,25.2115]]],[[[55.1808,25.2117],[55.1797,25.2118],[55.1805,25.2133],[55.1808,25.2117]]],[[[55.1853,25.2133],[55.1851,25.2124],[55.1838,25.213],[55.1853,25.2133]]],[[[55.188,25.2122],[55.1867,25.2123],[55.1865,25.2138],[55.188,25.2122]]],[[[55.172,25.2123],[55.172,25.2141],[55.1732,25.2124],[55.172,25.2123]]],[[[55.2004,25.2106],[55.1987,25.2099],[55.2025,25.2141],[55.2004,25.2106]]],[[[55.1787,25.2126],[55.1778,25.2121],[55.1767,25.2138],[55.1787,25.2126]]],[[[55.1577,25.2128],[55.1561,25.2125],[55.1559,25.2144],[55.1577,25.2128]]],[[[55.155,25.2133],[55.1532,25.2143],[55.1541,25.2147],[55.155,25.2133]]],[[[55.169,25.2136],[55.1671,25.2146],[55.1685,25.2151],[55.169,25.2136]]],[[[55.1911,25.213],[55.19,25.2127],[55.1887,25.2148],[55.1911,25.213]]],[[[55.1762,25.2142],[55.1756,25.2138],[55.1751,25.2154],[55.1762,25.2142]]],[[[55.1824,25.2139],[55.181,25.2141],[55.1807,25.2152],[55.1824,25.2139]]],[[[55.1465,25.2145],[55.1456,25.2141],[55.1457,25.2156],[55.1465,25.2145]]],[[[55.1836,25.2146],[55.1826,25.2148],[55.1827,25.2158],[55.1836,25.2146]]],[[[55.1788,25.2148],[55.1782,25.2142],[55.1778,25.216],[55.1788,25.2148]]],[[[55.1517,25.215],[55.1509,25.2145],[55.1505,25.216],[55.1517,25.215]]],[[[55.1643,25.215],[55.1631,25.2166],[55.1642,25.2165],[55.1643,25.215]]],[[[55.1451,25.215],[55.144,25.2146],[55.1441,25.2166],[55.1451,25.215]]],[[[55.1528,25.2159],[55.1524,25.2154],[55.151,25.2173],[55.1528,25.2159]]],[[[55.1564,25.2163],[55.1559,25.2153],[55.1547,25.2169],[55.1564,25.2163]]],[[[55.1826,25.2167],[55.1808,25.2161],[55.1801,25.2169],[55.1826,25.2167]]],[[[55.1494,25.2158],[55.1479,25.2167],[55.1498,25.2174],[55.1494,25.2158]]],[[[55.1757,25.2163],[55.1746,25.2169],[55.1759,25.2174],[55.1757,25.2163]]],[[[55.1694,25.2163],[55.1675,25.2158],[55.1672,25.2173],[55.1694,25.2163]]],[[[55.1711,25.2158],[55.1704,25.215],[55.1701,25.2174],[55.1711,25.2158]]],[[[55.1774,25.2161],[55.1762,25.2163],[55.1777,25.2174],[55.1774,25.2161]]],[[[55.1949,25.2],[55.1994,25.2179],[55.2028,25.2161],[55.1949,25.2]]],[[[55.1539,25.2176],[55.1533,25.2168],[55.1527,25.2175],[55.1539,25.2176]]],[[[55.1655,25.2166],[55.1631,25.2182],[55.1654,25.2182],[55.1655,25.2166]]],[[[55.1725,25.2172],[55.1717,25.2174],[55.1717,25.2182],[55.1725,25.2172]]],[[[55.1464,25.2175],[55.1456,25.2186],[55.1471,25.2186],[55.1464,25.2175]]],[[[55.1846,25.2179],[55.1842,25.2171],[55.1831,25.2183],[55.1846,25.2179]]],[[[55.1892,25.2183],[55.1877,25.2179],[55.187,25.2187],[55.1892,25.2183]]],[[[55.1712,25.218],[55.1701,25.2181],[55.1713,25.2191],[55.1712,25.218]]],[[[55.1506,25.2185],[55.1488,25.2187],[55.1504,25.2194],[55.1506,25.2185]]],[[[55.1681,25.2186],[55.1671,25.2177],[55.167,25.2192],[55.1681,25.2186]]],[[[55.1399,25.2195],[55.1456,25.1939],[55.1406,25.1916],[55.1399,25.2195]]],[[[55.1521,25.2182],[55.1516,25.2189],[55.1528,25.2195],[55.1521,25.2182]]],[[[55.1572,25.2186],[55.1559,25.218],[55.1544,25.2196],[55.1572,25.2186]]],[[[55.1907,25.2188],[55.1899,25.22],[55.1909,25.22],[55.1907,25.2188]]],[[[55.1799,25.2191],[55.1788,25.2191],[55.1793,25.2202],[55.1799,25.2191]]],[[[55.1699,25.219],[55.1689,25.2191],[55.1701,25.2202],[55.1699,25.219]]],[[[55.1768,25.2191],[55.1759,25.219],[55.1756,25.2203],[55.1768,25.2191]]],[[[55.1892,25.2201],[55.1884,25.2196],[55.188,25.2204],[55.1892,25.2201]]],[[[55.182,25.2192],[55.1808,25.2194],[55.1827,25.2204],[55.182,25.2192]]],[[[55.1782,25.219],[55.1771,25.219],[55.1779,25.2205],[55.1782,25.219]]],[[[55.175,25.2196],[55.1742,25.2196],[55.1743,25.2207],[55.175,25.2196]]],[[[55.1516,25.22],[55.1504,25.2201],[55.1502,25.2209],[55.1516,25.22]]],[[[55.1476,25.22],[55.1463,25.2202],[55.1463,25.2211],[55.1476,25.22]]],[[[55.1671,25.2205],[55.1659,25.2196],[55.1659,25.2214],[55.1671,25.2205]]],[[[55.1954,25.1946],[55.2099,25.2217],[55.2049,25.2057],[55.1954,25.1946]]],[[[55.1458,25.2205],[55.1448,25.2205],[55.1453,25.2218],[55.1458,25.2205]]],[[[55.149,25.2209],[55.1478,25.2205],[55.1479,25.2223],[55.149,25.2209]]],[[[55.1444,25.2208],[55.1434,25.2223],[55.1447,25.2222],[55.1444,25.2208]]],[[[55.1697,25.2213],[55.169,25.2206],[55.1677,25.2224],[55.1697,25.2213]]],[[[55.1733,25.2195],[55.1713,25.2223],[55.1739,25.2205],[55.1733,25.2195]]],[[[55.1777,25.2215],[55.176,25.2223],[55.1773,25.2226],[55.1777,25.2215]]],[[[55.1753,25.2217],[55.1737,25.2224],[55.175,25.2228],[55.1753,25.2217]]],[[[55.1805,25.2209],[55.1784,25.2226],[55.1825,25.2228],[55.1805,25.2209]]],[[[55.1541,25.2205],[55.151,25.2226],[55.1551,25.2215],[55.1541,25.2205]]],[[[55.1714,25.2234],[55.1677,25.2239],[55.1699,25.2243],[55.1714,25.2234]]],[[[55.1501,25.2223],[55.1457,25.2228],[55.1495,25.2244],[55.1501,25.2223]]],[[[55.1639,25.2225],[55.1629,25.2215],[55.1623,25.2242],[55.1639,25.2225]]],[[[55.174,25.2234],[55.1729,25.2228],[55.1728,25.2244],[55.174,25.2234]]],[[[55.1881,25.2226],[55.1872,25.2244],[55.1881,25.2241],[55.1881,25.2226]]],[[[55.1479,25.2247],[55.1475,25.2239],[55.1459,25.2245],[55.1479,25.2247]]],[[[55.1777,25.2236],[55.1774,25.225],[55.1796,25.2249],[55.1777,25.2236]]],[[[55.1924,25.2244],[55.1909,25.2246],[55.192,25.2255],[55.1924,25.2244]]],[[[55.1437,25.2242],[55.1431,25.2258],[55.1445,25.2257],[55.1437,25.2242]]],[[[55.1757,25.2244],[55.1747,25.2257],[55.1761,25.2259],[55.1757,25.2244]]],[[[55.1867,25.2223],[55.1835,25.2236],[55.183,25.2259],[55.1867,25.2223]]],[[[55.182,25.224],[55.1807,25.2261],[55.1822,25.2255],[55.182,25.224]]],[[[55.1887,25.2252],[55.1887,25.2262],[55.1906,25.2255],[55.1887,25.2252]]],[[[55.186,25.2249],[55.1843,25.2252],[55.1859,25.2262],[55.186,25.2249]]],[[[55.172,25.2251],[55.1703,25.2249],[55.1697,25.2265],[55.172,25.2251]]],[[[55.1966,25.224],[55.1947,25.2228],[55.1957,25.2267],[55.1966,25.224]]],[[[55.1658,25.2268],[55.1655,25.2263],[55.1643,25.2267],[55.1658,25.2268]]],[[[55.1488,25.2259],[55.1475,25.2266],[55.1493,25.2271],[55.1488,25.2259]]],[[[55.1669,25.2239],[55.1651,25.2248],[55.1681,25.2271],[55.1669,25.2239]]],[[[55.1787,25.2265],[55.177,25.2267],[55.1771,25.2276],[55.1787,25.2265]]],[[[55.1883,25.227],[55.1882,25.2277],[55.19,25.2272],[55.1883,25.227]]],[[[55.1629,25.2267],[55.1616,25.2273],[55.1631,25.2278],[55.1629,25.2267]]],[[[55.174,25.2262],[55.1734,25.2257],[55.1717,25.2278],[55.174,25.2262]]],[[[55.1808,25.2269],[55.1795,25.227],[55.1796,25.2283],[55.1808,25.2269]]],[[[55.1755,25.2268],[55.1745,25.2268],[55.1745,25.2283],[55.1755,25.2268]]],[[[55.1841,25.2271],[55.1818,25.2276],[55.1839,25.2286],[55.1841,25.2271]]],[[[55.1865,25.228],[55.1851,25.2285],[55.1876,25.2289],[55.1865,25.228]]],[[[55.1712,25.2286],[55.1699,25.228],[55.169,25.2295],[55.1712,25.2286]]],[[[55.1815,25.229],[55.1804,25.2288],[55.1801,25.2299],[55.1815,25.229]]],[[[55.2002,25.2228],[55.1948,25.2292],[55.2068,25.2279],[55.2002,25.2228]]],[[[55.1739,25.2291],[55.172,25.2295],[55.1742,25.2304],[55.1739,25.2291]]],[[[55.1878,25.2298],[55.1861,25.2298],[55.186,25.2308],[55.1878,25.2298]]],[[[55.1777,25.2295],[55.1763,25.2303],[55.1782,25.231],[55.1777,25.2295]]],[[[55.1849,25.2299],[55.1831,25.2311],[55.1853,25.2312],[55.1849,25.2299]]],[[[55.172,25.2301],[55.1703,25.231],[55.172,25.2314],[55.172,25.2301]]],[[[55.181,25.2306],[55.1794,25.231],[55.1818,25.2315],[55.181,25.2306]]],[[[55.1904,25.2295],[55.1891,25.2299],[55.189,25.2316],[55.1904,25.2295]]],[[[55.1681,25.2285],[55.1664,25.2302],[55.1694,25.2317],[55.1681,25.2285]]],[[[55.1655,25.2313],[55.1639,25.2319],[55.1647,25.2322],[55.1655,25.2313]]],[[[55.1883,25.2317],[55.1865,25.2324],[55.1884,25.2323],[55.1883,25.2317]]],[[[55.1755,25.2314],[55.1725,25.2328],[55.1753,25.2324],[55.1755,25.2314]]],[[[55.1907,25.232],[55.1891,25.2328],[55.1907,25.2329],[55.1907,25.232]]],[[[55.1937,25.2294],[55.1987,25.2337],[55.2053,25.2296],[55.1937,25.2294]]],[[[55.1887,25.2331],[55.1865,25.2337],[55.1885,25.2337],[55.1887,25.2331]]],[[[55.1826,25.2328],[55.1815,25.2325],[55.1819,25.2339],[55.1826,25.2328]]],[[[55.1911,25.2337],[55.1904,25.2346],[55.1916,25.2346],[55.1911,25.2337]]],[[[55.1766,25.2341],[55.1812,25.234],[55.179,25.2322],[55.1766,25.2341]]],[[[55.1716,25.2337],[55.1705,25.233],[55.1706,25.2353],[55.1716,25.2337]]],[[[55.1852,25.2332],[55.1838,25.2328],[55.1834,25.2351],[55.1852,25.2332]]],[[[55.2074,25.231],[55.1983,25.2346],[55.2053,25.2349],[55.2074,25.231]]],[[[55.1799,25.235],[55.1782,25.2355],[55.1794,25.2362],[55.1799,25.235]]],[[[55.1698,25.2337],[55.168,25.2328],[55.1681,25.2359],[55.1698,25.2337]]],[[[55.1636,25.2342],[55.1624,25.234],[55.1633,25.2365],[55.1636,25.2342]]],[[[-79.1531,25.2366],[-79.1535,25.2347],[-79.1546,25.2366],[-79.1531,25.2366]]],[[[55.1869,25.2354],[55.1862,25.2351],[55.1853,25.2366],[55.1869,25.2354]]],[[[55.1827,25.2358],[55.1816,25.2366],[55.1841,25.2368],[55.1827,25.2358]]],[[[55.1768,25.2368],[55.1751,25.2365],[55.1758,25.2379],[55.1768,25.2368]]],[[[55.1797,25.2371],[55.1784,25.2368],[55.1779,25.2379],[55.1797,25.2371]]],[[[55.1742,25.2368],[55.1719,25.2376],[55.1737,25.2383],[55.1742,25.2368]]],[[[55.17,25.2378],[55.1683,25.2379],[55.1696,25.2383],[55.17,25.2378]]],[[[55.1759,25.2387],[55.175,25.2384],[55.1746,25.2394],[55.1759,25.2387]]],[[[55.1808,25.239],[55.179,25.2392],[55.1797,25.2398],[55.1808,25.239]]],[[[55.1861,25.2383],[55.1808,25.2381],[55.1843,25.2402],[55.1861,25.2383]]],[[[55.1786,25.2394],[55.1768,25.2402],[55.1779,25.2402],[55.1786,25.2394]]],[[[-80.9433,25.2303],[-80.9606,25.2215],[-80.9524,25.2406],[-80.9433,25.2303]]],[[[55.1903,25.2384],[55.1889,25.2375],[55.1883,25.2403],[55.1903,25.2384]]],[[[55.1671,25.2381],[55.1646,25.2376],[55.1644,25.2403],[55.1671,25.2381]]],[[[55.1813,25.2405],[55.1801,25.2403],[55.1799,25.241],[55.1813,25.2405]]],[[[55.1872,25.2404],[55.1851,25.2419],[55.1865,25.2416],[55.1872,25.2404]]],[[[55.2002,25.2387],[55.196,25.2422],[55.2011,25.2408],[55.2002,25.2387]]],[[[55.1694,25.2412],[55.1677,25.2409],[55.1668,25.2423],[55.1694,25.2412]]],[[[55.1824,25.2414],[55.181,25.2418],[55.1812,25.2425],[55.1824,25.2414]]],[[[55.1704,25.239],[55.1722,25.2429],[55.1742,25.2403],[55.1704,25.239]]],[[[55.1793,25.2425],[55.1787,25.2413],[55.1773,25.2419],[55.1793,25.2425]]],[[[55.1877,25.2424],[55.1864,25.2431],[55.1875,25.2431],[55.1877,25.2424]]],[[[55.1834,25.2422],[55.1831,25.2439],[55.1847,25.2439],[55.1834,25.2422]]],[[[55.1764,25.2407],[55.1738,25.2427],[55.1751,25.2445],[55.1764,25.2407]]],[[[55.1735,25.2435],[55.1729,25.2442],[55.1742,25.2446],[55.1735,25.2435]]],[[[55.1797,25.2433],[55.1782,25.2446],[55.1801,25.2448],[55.1797,25.2433]]],[[[55.1869,25.2441],[55.1859,25.2436],[55.1856,25.2453],[55.1869,25.2441]]],[[[55.141,25.2368],[55.1376,25.185],[55.1288,25.2026],[55.141,25.2368]]],[[[55.2092,25.2356],[55.2088,25.2235],[55.1983,25.2492],[55.2092,25.2356]]],[[[55.1818,25.2451],[55.1771,25.2462],[55.1865,25.2492],[55.1818,25.2451]]],[[[55.1754,25.2464],[55.173,25.248],[55.1779,25.2509],[55.1754,25.2464]]],[[[55.1481,25.2429],[55.1747,25.2578],[55.2015,25.2516],[55.1481,25.2429]]],[[[-80.9779,25.2634],[-80.9661,25.2556],[-80.9792,25.2502],[-80.9779,25.2634]]],[[[-80.9352,25.2517],[-80.9223,25.2465],[-80.9302,25.2311],[-80.9352,25.2517]]],[[[-79.1507,25.2709],[-79.1504,25.2634],[-79.1533,25.2696],[-79.1507,25.2709]]],[[[-79.1551,25.2783],[-79.1537,25.2791],[-79.1541,25.277],[-79.1551,25.2783]]],[[[-79.171,25.3126],[-79.1734,25.3135],[-79.171,25.3135],[-79.171,25.3126]]],[[[-79.1688,25.3219],[-79.1697,25.3225],[-79.1684,25.3231],[-79.1688,25.3219]]],[[[-81.0656,25.3162],[-81.0604,25.329],[-81.0408,25.321],[-81.0656,25.3162]]],[[[-81.0896,25.348],[-81.1176,25.3469],[-81.1085,25.3545],[-81.0896,25.348]]],[[[-79.1884,25.3686],[-79.1922,25.3718],[-79.1898,25.3738],[-79.1884,25.3686]]],[[[-79.1996,25.3955],[-79.2023,25.3968],[-79.2021,25.3998],[-79.1996,25.3955]]],[[[-79.2083,25.4167],[-79.2097,25.4178],[-79.2089,25.4197],[-79.2083,25.4167]]],[[[-79.2108,25.423],[-79.2113,25.4208],[-79.2128,25.4228],[-79.2108,25.423]]],[[[-79.2613,25.5188],[-79.2619,25.5247],[-79.2613,25.5237],[-79.2613,25.5188]]],[[[-79.3064,25.5859],[-79.2989,25.5817],[-79.2974,25.5717],[-79.3064,25.5859]]],[[[-79.3116,25.6035],[-79.3122,25.6014],[-79.3137,25.6034],[-79.3116,25.6035]]],[[[122.0705,25.6355],[122.0798,25.6303],[122.0719,25.6254],[122.0705,25.6355]]],[[[119.683,25.6381],[119.6699,25.6526],[119.7171,25.6639],[119.683,25.6381]]],[[[119.5962,25.6684],[119.5969,25.6463],[119.5634,25.637],[119.5962,25.6684]]],[[[-79.305,25.6896],[-79.307,25.6891],[-79.3061,25.6907],[-79.305,25.6896]]],[[[-81.3737,25.7976],[-81.3486,25.7919],[-81.3635,25.7835],[-81.3737,25.7976]]],[[[-81.5737,25.8738],[-81.5703,25.888],[-81.567,25.8814],[-81.5737,25.8738]]],[[[-78.8427,25.9536],[-78.8441,25.9543],[-78.8433,25.9568],[-78.8427,25.9536]]],[[[-78.8502,25.957],[-78.8498,25.9592],[-78.8483,25.9567],[-78.8502,25.957]]],[[[119.9853,25.9649],[119.9666,25.9474],[119.9758,25.9667],[119.9853,25.9649]]],[[[-78.885,25.9735],[-78.8855,25.9714],[-78.887,25.9734],[-78.885,25.9735]]],[[[119.9286,25.9767],[119.9524,25.9761],[119.9373,25.9649],[119.9286,25.9767]]],[[[-79.131,25.979],[-79.1311,25.9818],[-79.1294,25.9803],[-79.131,25.979]]],[[[-79.0102,26.0276],[-79.0109,26.0308],[-79.0093,26.0286],[-79.0102,26.0276]]],[[[-79.0941,26.0313],[-79.0858,26.0298],[-79.0924,26.0276],[-79.0941,26.0313]]],[[[-79.0656,26.0423],[-79.0642,26.0449],[-79.0624,26.0433],[-79.0656,26.0423]]],[[[-77.532,26.1072],[-77.5316,26.0789],[-77.5488,26.0932],[-77.532,26.1072]]],[[[119.933,26.1598],[119.964,26.1669],[119.9326,26.1399],[119.933,26.1598]]],[[[119.971,26.1924],[119.9688,26.2201],[120.0142,26.2204],[119.971,26.1924]]],[[[127.9408,26.262],[127.9395,26.2395],[127.9326,26.2506],[127.9408,26.262]]],[[[55.3203,26.2783],[55.3226,26.2541],[55.2903,26.2552],[55.3203,26.2783]]],[[[-77.288,26.347],[-77.2884,26.306],[-77.3195,26.345],[-77.288,26.347]]],[[[127.9887,26.3748],[127.9891,26.3585],[127.9677,26.3597],[127.9887,26.3748]]],[[[120.4814,26.3679],[120.4911,26.3887],[120.5077,26.3759],[120.4814,26.3679]]],[[[-77.2799,26.4236],[-77.2641,26.4252],[-77.295,26.4077],[-77.2799,26.4236]]],[[[120.0289,26.5027],[120.0619,26.5244],[120.0608,26.501],[120.0289,26.5027]]],[[[-76.9634,26.5537],[-76.9608,26.5342],[-76.9828,26.4999],[-76.9634,26.5537]]],[[[120.1286,26.5561],[120.1164,26.5697],[120.1616,26.6022],[120.1286,26.5561]]],[[[-77.4244,26.6081],[-77.4328,26.6048],[-77.4355,26.6215],[-77.4244,26.6081]]],[[[119.7731,26.6062],[119.7702,26.627],[119.8136,26.6236],[119.7731,26.6062]]],[[[-111.4361,26.6429],[-111.4256,26.6247],[-111.4299,26.6239],[-111.4361,26.6429]]],[[[119.6699,26.64],[119.6576,26.6681],[119.7564,26.6749],[119.6699,26.64]]],[[[119.9236,26.6791],[119.9441,26.6954],[119.9424,26.6631],[119.9236,26.6791]]],[[[-78.4787,26.774],[-78.4865,26.7561],[-78.4955,26.7718],[-78.4787,26.774]]],[[[120.312,26.9311],[120.2854,26.934],[120.3027,26.9418],[120.312,26.9311]]],[[[127.9459,26.9516],[127.9482,26.9113],[127.9181,26.9252],[127.9459,26.9516]]],[[[142.1947,27.1151],[142.1931,27.1356],[142.2297,27.1083],[142.1947,27.1151]]],[[[35.7798,27.0962],[35.7507,27.1126],[35.7481,27.136],[35.7798,27.0962]]],[[[-78.3306,27.223],[-78.341,27.2324],[-78.3236,27.2319],[-78.3306,27.223]]],[[[142.2118,27.4947],[142.2131,27.4846],[142.2088,27.4978],[142.2118,27.4947]]],[[[142.1388,27.6676],[142.1253,27.6809],[142.1419,27.6797],[142.1388,27.6676]]],[[[-175.8984,27.7636],[-175.9028,27.7634],[-175.9007,27.7657],[-175.8984,27.7636]]],[[[-175.9429,27.7719],[-175.9416,27.7703],[-175.9441,27.7711],[-175.9429,27.7719]]],[[[-175.947,27.7764],[-175.9499,27.7764],[-175.949,27.7779],[-175.947,27.7764]]],[[[-175.8105,27.7802],[-175.8119,27.7775],[-175.8144,27.78],[-175.8105,27.7802]]],[[[-175.8398,27.7822],[-175.8402,27.7812],[-175.841,27.7829],[-175.8398,27.7822]]],[[[-175.8367,27.7823],[-175.8361,27.7818],[-175.8373,27.782],[-175.8367,27.7823]]],[[[-175.8367,27.7823],[-175.8378,27.7825],[-175.8367,27.7831],[-175.8367,27.7823]]],[[[-175.8603,27.7845],[-175.8619,27.7836],[-175.8618,27.7852],[-175.8603,27.7845]]],[[[121.0324,27.8702],[121.0837,27.8657],[121.02,27.8377],[121.0324,27.8702]]],[[[-175.7347,27.9128],[-175.7357,27.9104],[-175.7367,27.9119],[-175.7347,27.9128]]],[[[129.2579,28.0359],[129.26,28.0063],[129.2074,28.0316],[129.2579,28.0359]]],[[[129.1513,28.0484],[129.1745,28.0526],[129.1505,28.015],[129.1513,28.0484]]],[[[-112.3136,28.3765],[-112.298,28.3841],[-112.2996,28.3697],[-112.3136,28.3765]]],[[[121.6253,28.5231],[121.5954,28.5138],[121.6077,28.5418],[121.6253,28.5231]]],[[[-82.6553,28.5435],[-82.6645,28.5535],[-82.6557,28.554],[-82.6553,28.5435]]],[[[-82.6682,28.6356],[-82.6555,28.637],[-82.6556,28.6268],[-82.6682,28.6356]]],[[[-82.6802,28.6606],[-82.6844,28.6653],[-82.682,28.6675],[-82.6802,28.6606]]],[[[-82.6737,28.6982],[-82.6729,28.7031],[-82.669,28.6995],[-82.6737,28.6982]]],[[[-112.9317,28.7086],[-112.899,28.6949],[-112.8997,28.6842],[-112.9317,28.7086]]],[[[-82.7032,28.7226],[-82.7123,28.7224],[-82.7073,28.7257],[-82.7032,28.7226]]],[[[-112.9605,28.7325],[-112.9473,28.7172],[-112.9585,28.7237],[-112.9605,28.7325]]],[[[-112.2957,28.735],[-112.2845,28.7151],[-112.2865,28.71],[-112.2957,28.735]]],[[[-82.6525,28.7522],[-82.6659,28.7466],[-82.6684,28.751],[-82.6525,28.7522]]],[[[-82.7425,28.7918],[-82.7436,28.7883],[-82.7469,28.787],[-82.7425,28.7918]]],[[[-82.7089,28.817],[-82.7307,28.8183],[-82.7179,28.8231],[-82.7089,28.817]]],[[[-112.9846,28.8266],[-112.9748,28.825],[-112.9815,28.8209],[-112.9846,28.8266]]],[[[-82.7279,28.8563],[-82.7322,28.8561],[-82.7308,28.8612],[-82.7279,28.8563]]],[[[-82.7181,28.8712],[-82.7075,28.8716],[-82.7145,28.865],[-82.7181,28.8712]]],[[[-82.6917,28.8663],[-82.6794,28.8749],[-82.6656,28.8699],[-82.6917,28.8663]]],[[[-82.6415,28.8563],[-82.6632,28.8836],[-82.6474,28.8822],[-82.6415,28.8563]]],[[[-82.6771,28.8911],[-82.6888,28.8964],[-82.6675,28.8937],[-82.6771,28.8911]]],[[[-113.0376,28.8977],[-113.0329,28.8955],[-113.045,28.8833],[-113.0376,28.8977]]],[[[-113.4806,28.9751],[-113.4763,28.9671],[-113.4809,28.9673],[-113.4806,28.9751]]],[[[-113.516,28.9966],[-113.5046,28.9951],[-113.5112,28.9891],[-113.516,28.9966]]],[[[-113.4672,29.023],[-113.4597,29.0129],[-113.4675,29.0165],[-113.4672,29.023]]],[[[-90.8336,29.0509],[-90.8293,29.0395],[-90.8435,29.0447],[-90.8336,29.0509]]],[[[-90.7953,29.0508],[-90.7884,29.046],[-90.8011,29.0407],[-90.7953,29.0508]]],[[[-113.0896,29.0699],[-113.0823,29.0655],[-113.0957,29.0635],[-113.0896,29.0699]]],[[[-82.8127,29.1063],[-82.8035,29.0988],[-82.8162,29.0929],[-82.8127,29.1063]]],[[[-90.3537,29.1316],[-90.3458,29.1186],[-90.4003,29.1066],[-90.3537,29.1316]]],[[[129.2196,29.1267],[129.1956,29.1588],[129.2205,29.1571],[129.2196,29.1267]]],[[[-112.4624,29.272],[-112.4564,29.2674],[-112.4645,29.2682],[-112.4624,29.272]]],[[[-89.8741,29.3292],[-89.8752,29.3047],[-89.9049,29.3161],[-89.8741,29.3292]]],[[[-113.5799,29.5594],[-113.5684,29.5647],[-113.5634,29.553],[-113.5799,29.5594]]],[[[-89.0002,29.6208],[-88.9978,29.622],[-88.996,29.6193],[-89.0002,29.6208]]],[[[-88.994,29.6211],[-88.996,29.6219],[-88.992,29.6234],[-88.994,29.6211]]],[[[122.2643,29.694],[122.2403,29.687],[122.2046,29.7191],[122.2643,29.694]]],[[[-89.5115,29.6986],[-89.5303,29.6936],[-89.5331,29.7214],[-89.5115,29.6986]]],[[[122.3051,29.7402],[122.2573,29.737],[122.2159,29.7758],[122.3051,29.7402]]],[[[-88.9798,29.8099],[-88.9842,29.7921],[-88.9831,29.8115],[-88.9798,29.8099]]],[[[121.9685,29.7946],[122.0302,29.8161],[121.9938,29.7692],[121.9685,29.7946]]],[[[-88.8702,29.8614],[-88.8671,29.8563],[-88.8649,29.8466],[-88.8702,29.8614]]],[[[-88.9104,29.8733],[-88.9066,29.8676],[-88.9266,29.8606],[-88.9104,29.8733]]],[[[122.343,29.8796],[122.2844,29.8631],[122.2923,29.883],[122.343,29.8796]]],[[[-88.8816,29.8815],[-88.883,29.8741],[-88.8828,29.89],[-88.8816,29.8815]]],[[[-88.893,29.8829],[-88.9068,29.878],[-88.8829,29.8956],[-88.893,29.8829]]],[[[122.052,29.9625],[122.0383,29.9345],[122.0267,29.9437],[122.052,29.9625]]],[[[-89.2389,29.9669],[-89.2314,29.9644],[-89.2683,29.944],[-89.2389,29.9669]]],[[[122.1615,29.9899],[122.1765,29.9601],[122.1348,29.9747],[122.1615,29.9899]]],[[[-114.4818,30.0214],[-114.473,30.0224],[-114.4742,30.0138],[-114.4818,30.0214]]],[[[122.3953,30.0024],[122.372,29.9817],[122.3791,30.0264],[122.3953,30.0024]]],[[[-114.5557,30.0926],[-114.5404,30.0913],[-114.5344,30.0833],[-114.5557,30.0926]]],[[[121.9146,30.0887],[121.9564,30.1085],[121.9317,30.0694],[121.9146,30.0887]]],[[[122.7564,30.1442],[122.7814,30.1324],[122.7633,30.1277],[122.7564,30.1442]]],[[[122.201,30.183],[122.1471,30.1575],[122.169,30.2021],[122.201,30.183]]],[[[122.0178,30.1855],[122.0566,30.1923],[122.0236,30.1658],[122.0178,30.1855]]],[[[122.6699,30.2035],[122.6847,30.2036],[122.6848,30.1819],[122.6699,30.2035]]],[[[122.6486,30.1959],[122.6323,30.2106],[122.6418,30.2143],[122.6486,30.1959]]],[[[-88.8945,30.2367],[-88.8774,30.2437],[-88.8936,30.2298],[-88.8945,30.2367]]],[[[121.9578,30.2987],[121.9611,30.3313],[121.9824,30.3448],[121.9578,30.2987]]],[[[49.0631,30.4795],[49.0068,30.4766],[49.0398,30.5026],[49.0631,30.4795]]],[[[122.2682,30.5168],[122.2525,30.5163],[122.2645,30.5298],[122.2682,30.5168]]],[[[122.0594,30.5872],[122.0879,30.5967],[122.0719,30.5755],[122.0594,30.5872]]],[[[122.5428,30.6549],[122.5569,30.681],[122.5822,30.6632],[122.5428,30.6549]]],[[[122.7855,30.7311],[122.7839,30.7009],[122.7516,30.7075],[122.7855,30.7311]]],[[[130.8578,30.7665],[130.8547,30.7256],[130.8381,30.7275],[130.8578,30.7665]]],[[[130.3088,30.8041],[130.3107,30.7804],[130.259,30.7816],[130.3088,30.8041]]],[[[130.4004,30.8116],[130.4261,30.819],[130.4466,30.8043],[130.4004,30.8116]]],[[[122.6761,30.844],[122.6699,30.8592],[122.6985,30.8538],[122.6761,30.844]]],[[[129.4537,31.1997],[129.4518,31.1807],[129.4369,31.1741],[129.4537,31.1997]]],[[[130.1589,31.3562],[130.1694,31.361],[130.162,31.3498],[130.1589,31.3562]]],[[[131.4138,31.5399],[131.4177,31.5111],[131.4054,31.5235],[131.4138,31.5399]]],[[[129.8165,31.7803],[129.8428,31.8148],[129.8299,31.7733],[129.8165,31.7803]]],[[[128.35,32.008],[128.3547,31.9893],[128.346,31.9862],[128.35,32.008]]],[[[128.3975,32.0416],[128.3941,32.0548],[128.4139,32.0544],[128.3975,32.0416]]],[[[120.6017,32.0318],[120.5688,32.0581],[120.6272,32.0465],[120.6017,32.0318]]],[[[130.0225,32.1606],[130.029,32.1911],[130.0443,32.1564],[130.0225,32.1606]]],[[[130.209,32.2199],[130.1885,32.221],[130.192,32.2432],[130.209,32.2199]]],[[[130.1798,32.2608],[130.1676,32.2268],[130.1575,32.2387],[130.1798,32.2608]]],[[[-64.8522,32.3083],[-64.8341,32.3291],[-64.843,32.3112],[-64.8522,32.3083]]],[[[130.3695,32.3481],[130.3313,32.3055],[130.3012,32.3059],[130.3695,32.3481]]],[[[130.3126,32.3408],[130.3159,32.3691],[130.3404,32.3523],[130.3126,32.3408]]],[[[130.4162,32.3962],[130.4317,32.3786],[130.4205,32.3669],[130.4162,32.3962]]],[[[129.7817,32.567],[129.7901,32.5587],[129.7752,32.5462],[129.7817,32.567]]],[[[128.8901,32.5647],[128.9036,32.5725],[128.9032,32.56],[128.8901,32.5647]]],[[[130.4618,32.5623],[130.4749,32.5851],[130.4817,32.5614],[130.4618,32.5623]]],[[[128.8254,32.6016],[128.8412,32.6002],[128.839,32.595],[128.8254,32.6016]]],[[[130.4785,32.595],[130.5101,32.6069],[130.4872,32.5756],[130.4785,32.595]]],[[[129.7441,32.661],[129.7568,32.6628],[129.7564,32.6517],[129.7441,32.661]]],[[[131.8247,32.6695],[131.8131,32.6556],[131.8092,32.6692],[131.8247,32.6695]]],[[[129.7682,32.7048],[129.7726,32.7095],[129.7853,32.6919],[129.7682,32.7048]]],[[[131.9256,32.7285],[131.9284,32.7139],[131.9222,32.7174],[131.9256,32.7285]]],[[[128.6026,32.74],[128.5978,32.7095],[128.5897,32.7201],[128.6026,32.74]]],[[[132.4872,32.74],[132.4942,32.7407],[132.488,32.7332],[132.4872,32.74]]],[[[131.9253,32.7716],[131.9111,32.7699],[131.912,32.7779],[131.9253,32.7716]]],[[[129.0046,32.7621],[128.9652,32.745],[128.9915,32.7917],[129.0046,32.7621]]],[[[132.4823,32.7954],[132.4861,32.8054],[132.4998,32.8035],[132.4823,32.7954]]],[[[128.6739,32.8044],[128.6817,32.8089],[128.677,32.8017],[128.6739,32.8044]]],[[[129.5993,32.8886],[129.6021,32.8809],[129.5928,32.8783],[129.5993,32.8886]]],[[[129.1842,32.9208],[129.1945,32.9243],[129.1879,32.9163],[129.1842,32.9208]]],[[[128.9486,32.9044],[128.9351,32.9242],[128.9521,32.9169],[128.9486,32.9044]]],[[[129.6252,32.9381],[129.6163,32.9163],[129.5922,32.9407],[129.6252,32.9381]]],[[[132.4386,32.9429],[132.4559,32.9502],[132.4598,32.9446],[132.4386,32.9429]]],[[[132.0801,32.9671],[132.0719,32.9512],[132.0633,32.9609],[132.0801,32.9671]]],[[[131.9198,32.9814],[131.9441,33.0155],[131.9472,32.9942],[131.9198,32.9814]]],[[[129.1898,33.0073],[129.1773,33.0161],[129.1899,33.0198],[129.1898,33.0073]]],[[[129.3521,33.0004],[129.3373,33.0091],[129.3536,33.0219],[129.3521,33.0004]]],[[[129.2349,32.9984],[129.2319,33.0129],[129.2595,33.0185],[129.2349,32.9984]]],[[[129.5866,33.0157],[129.5358,33.0082],[129.635,33.0624],[129.5866,33.0157]]],[[[132.3203,33.1013],[132.3172,33.1081],[132.3327,33.11],[132.3203,33.1013]]],[[[132.0147,33.105],[132.0029,33.0985],[132.0083,33.1113],[132.0147,33.105]]],[[[132.409,33.1046],[132.4154,33.1133],[132.4214,33.1116],[132.409,33.1046]]],[[[139.681,33.1374],[139.6979,33.1163],[139.6799,33.1231],[139.681,33.1374]]],[[[129.6799,33.1349],[129.6725,33.1431],[129.6808,33.1415],[129.6799,33.1349]]],[[[129.5481,33.1349],[129.5033,33.1401],[129.5423,33.1524],[129.5481,33.1349]]],[[[131.9832,33.163],[131.9819,33.1686],[131.9894,33.1731],[131.9832,33.163]]],[[[128.9032,33.1661],[128.8985,33.1658],[128.8994,33.1735],[128.9032,33.1661]]],[[[132.3116,33.148],[132.2619,33.176],[132.2905,33.1781],[132.3116,33.148]]],[[[129.5789,33.1798],[129.5928,33.1929],[129.5922,33.1693],[129.5789,33.1798]]],[[[129.123,33.1617],[129.1197,33.2128],[129.1435,33.1898],[129.123,33.1617]]],[[[129.0265,33.2069],[129.0143,33.1997],[129.0146,33.2115],[129.0265,33.2069]]],[[[129.0939,33.2084],[129.0512,33.1828],[129.0291,33.1996],[129.0939,33.2084]]],[[[132.3757,33.2214],[132.3595,33.1872],[132.3417,33.2046],[132.3757,33.2214]]],[[[132.4679,33.2751],[132.4776,33.2679],[132.4704,33.2558],[132.4679,33.2751]]],[[[131.9491,33.272],[131.9383,33.2807],[131.9583,33.2808],[131.9491,33.272]]],[[[132.3511,33.3785],[132.362,33.3712],[132.3578,33.3673],[132.3511,33.3785]]],[[[132.3382,33.388],[132.3442,33.3959],[132.3416,33.3804],[132.3382,33.388]]],[[[129.6831,33.4178],[129.6856,33.4078],[129.6808,33.4136],[129.6831,33.4178]]],[[[129.4315,33.4139],[129.4336,33.3567],[129.4097,33.3526],[129.4315,33.4139]]],[[[129.5215,33.434],[129.5264,33.4536],[129.5449,33.4422],[129.5215,33.434]]],[[[129.7269,33.4604],[129.7272,33.4501],[129.7154,33.4639],[129.7269,33.4604]]],[[[129.7816,33.4374],[129.7208,33.4175],[129.7529,33.471],[129.7816,33.4374]]],[[[135.8368,33.4766],[135.8296,33.4508],[135.7994,33.4638],[135.8368,33.4766]]],[[[-119.0306,33.4889],[-119.0381,33.4648],[-119.0471,33.484],[-119.0306,33.4889]]],[[[126.9594,33.5194],[126.9636,33.496],[126.9448,33.4938],[126.9594,33.5194]]],[[[129.9666,33.5388],[129.9771,33.5442],[129.9683,33.5261],[129.9666,33.5388]]],[[[129.8766,33.5442],[129.8835,33.5659],[129.8899,33.5535],[129.8766,33.5442]]],[[[129.751,33.5672],[129.7452,33.5828],[129.7702,33.5722],[129.751,33.5672]]],[[[129.8581,33.5878],[129.8482,33.6046],[129.8627,33.6183],[129.8581,33.5878]]],[[[130.3132,33.6205],[130.2933,33.613],[130.3014,33.6382],[130.3132,33.6205]]],[[[132.4924,33.7365],[132.4754,33.7323],[132.4823,33.7397],[132.4924,33.7365]]],[[[131.6749,33.7383],[131.6693,33.7185],[131.6331,33.719],[131.6749,33.7383]]],[[[129.6339,33.7346],[129.6268,33.7424],[129.6371,33.7467],[129.6339,33.7346]]],[[[132.1519,33.7462],[132.1322,33.7123],[132.1395,33.7478],[132.1519,33.7462]]],[[[130.3661,33.7588],[130.36,33.7678],[130.3797,33.758],[130.3661,33.7588]]],[[[131.9582,33.7694],[131.9632,33.7917],[131.9883,33.7869],[131.9582,33.7694]]],[[[132.5212,33.8515],[132.5346,33.8485],[132.5321,33.8419],[132.5212,33.8515]]],[[[134.8123,33.8402],[134.8062,33.8519],[134.8202,33.8567],[134.8123,33.8402]]],[[[132.0199,33.8604],[132.0218,33.848],[131.9995,33.8577],[132.0199,33.8604]]],[[[132.0702,33.8674],[132.0566,33.8773],[132.0627,33.8823],[132.0702,33.8674]]],[[[130.495,33.8996],[130.4865,33.9142],[130.5041,33.9031],[130.495,33.8996]]],[[[130.4374,33.8987],[130.4075,33.9088],[130.4421,33.9134],[130.4374,33.8987]]],[[[132.6898,33.926],[132.6673,33.8694],[132.653,33.8968],[132.6898,33.926]]],[[[132.5553,33.9357],[132.529,33.926],[132.5162,33.9304],[132.5553,33.9357]]],[[[126.3243,33.9534],[126.3218,33.9298],[126.3026,33.9538],[126.3243,33.9534]]],[[[132.3553,33.9394],[132.338,33.9482],[132.3433,33.9586],[132.3553,33.9394]]],[[[132.6654,33.9559],[132.6517,33.9553],[132.662,33.9746],[132.6654,33.9559]]],[[[130.861,33.969],[130.8647,33.9827],[130.8679,33.978],[130.861,33.969]]],[[[131.8689,33.9819],[131.836,33.9335],[131.8062,33.9407],[131.8689,33.9819]]],[[[126.9186,33.9906],[126.9352,33.9741],[126.9124,33.9709],[126.9186,33.9906]]],[[[132.5182,33.9829],[132.4946,33.9647],[132.5002,33.9848],[132.5182,33.9829]]],[[[132.5358,33.9802],[132.565,33.9897],[132.5396,33.9609],[132.5358,33.9802]]],[[[130.714,34.0068],[130.7171,33.9978],[130.7107,33.9989],[130.714,34.0068]]],[[[133.36,33.991],[133.3495,34.0001],[133.3676,34.0076],[133.36,33.991]]],[[[132.2713,33.9959],[132.2609,34.0015],[132.2637,34.0113],[132.2713,33.9959]]],[[[-119.3642,34.0175],[-119.3901,34.0022],[-119.445,34.014],[-119.3642,34.0175]]],[[[132.4187,34.0257],[132.4256,34.0113],[132.4018,34.0223],[132.4187,34.0257]]],[[[131.7105,34.0048],[131.7335,33.9878],[131.7126,34.0344],[131.7105,34.0048]]],[[[131.7609,34.0478],[131.7448,34.0257],[131.7249,34.0336],[131.7609,34.0478]]],[[[127.3338,34.0395],[127.3187,34.0373],[127.3084,34.0604],[127.3338,34.0395]]],[[[132.5321,34.0475],[132.5235,34.0572],[132.5335,34.0733],[132.5321,34.0475]]],[[[126.5949,34.1153],[126.6034,34.0973],[126.5816,34.1017],[126.5949,34.1153]]],[[[130.7843,34.1006],[130.7749,34.1166],[130.7961,34.1091],[130.7843,34.1006]]],[[[133.5317,34.137],[133.5427,34.1303],[133.5318,34.1235],[133.5317,34.137]]],[[[132.4105,34.1711],[132.3875,34.1503],[132.3822,34.1724],[132.4105,34.1711]]],[[[134.8173,34.1555],[134.822,34.1796],[134.8292,34.1733],[134.8173,34.1555]]],[[[133.321,34.1814],[133.3151,34.1714],[133.3064,34.1823],[133.321,34.1814]]],[[[132.7705,34.1678],[132.7804,34.1879],[132.7999,34.1733],[132.7705,34.1678]]],[[[132.8537,34.1886],[132.8421,34.159],[132.8029,34.1597],[132.8537,34.1886]]],[[[132.3049,34.1839],[132.2942,34.1965],[132.3143,34.1958],[132.3049,34.1839]]],[[[133.2726,34.1973],[133.2715,34.1833],[133.2634,34.1959],[133.2726,34.1973]]],[[[132.6552,34.1743],[132.6716,34.2035],[132.6826,34.187],[132.6552,34.1743]]],[[[126.7637,34.2121],[126.7591,34.177],[126.7473,34.1894],[126.7637,34.2121]]],[[[133.1234,34.2186],[133.1153,34.1937],[133.0539,34.2113],[133.1234,34.2186]]],[[[139.1691,34.2289],[139.1213,34.189],[139.1358,34.2366],[139.1691,34.2289]]],[[[125.9282,34.235],[125.9369,34.2474],[125.9553,34.2414],[125.9282,34.235]]],[[[133.1605,34.2477],[133.1675,34.2356],[133.1513,34.2337],[133.1605,34.2477]]],[[[130.1047,34.2387],[130.1078,34.2496],[130.1136,34.246],[130.1047,34.2387]]],[[[127.2561,34.2216],[127.2224,34.2111],[127.2537,34.2505],[127.2561,34.2216]]],[[[126.6122,34.2512],[126.626,34.2393],[126.5985,34.2331],[126.6122,34.2512]]],[[[126.0633,34.2518],[126.0561,34.2267],[126.0231,34.2362],[126.0633,34.2518]]],[[[125.925,34.2588],[125.9238,34.2437],[125.899,34.2462],[125.925,34.2588]]],[[[127.526,34.2681],[127.5384,34.27],[127.5381,34.2634],[127.526,34.2681]]],[[[126.5486,34.2823],[126.5707,34.2808],[126.5389,34.2757],[126.5486,34.2823]]],[[[133.6358,34.2736],[133.6215,34.2555],[133.6237,34.2864],[133.6358,34.2736]]],[[[133.2192,34.2882],[133.2317,34.2722],[133.2026,34.2428],[133.2192,34.2882]]],[[[135.0178,34.2898],[135.012,34.2748],[135.0023,34.277],[135.0178,34.2898]]],[[[127.3954,34.2812],[127.3866,34.2941],[127.4006,34.2946],[127.3954,34.2812]]],[[[127.3664,34.2866],[127.3491,34.268],[127.3516,34.296],[127.3664,34.2866]]],[[[135.0346,34.2932],[135.0587,34.2978],[135.0417,34.291],[135.0346,34.2932]]],[[[129.3763,34.301],[129.3601,34.27],[129.3536,34.2937],[129.3763,34.301]]],[[[133.6825,34.3148],[133.6756,34.3041],[133.6619,34.3253],[133.6825,34.3148]]],[[[132.4417,34.3027],[132.4172,34.3043],[132.4388,34.3262],[132.4417,34.3027]]],[[[139.2103,34.3367],[139.2238,34.3244],[139.1976,34.3166],[139.2103,34.3367]]],[[[127.0028,34.3371],[126.9891,34.3076],[126.956,34.3166],[127.0028,34.3371]]],[[[126.0145,34.3397],[126.0579,34.3204],[125.9966,34.3273],[126.0145,34.3397]]],[[[126.466,34.3464],[126.476,34.3427],[126.4745,34.3334],[126.466,34.3464]]],[[[133.4416,34.3502],[133.4546,34.3371],[133.4326,34.339],[133.4416,34.3502]]],[[[133.5804,34.3499],[133.5675,34.3552],[133.5885,34.3623],[133.5804,34.3499]]],[[[130.8731,34.3706],[130.8473,34.3421],[130.8373,34.3536],[130.8731,34.3706]]],[[[133.5394,34.3683],[133.5166,34.3873],[133.5558,34.3959],[133.5394,34.3683]]],[[[125.3045,34.3938],[125.2966,34.3801],[125.2838,34.3984],[125.3045,34.3938]]],[[[133.7838,34.3815],[133.7585,34.3686],[133.753,34.3982],[133.7838,34.3815]]],[[[134.0483,34.4027],[134.0542,34.3907],[134.0395,34.3782],[134.0483,34.4027]]],[[[133.667,34.3819],[133.6533,34.4094],[133.6755,34.4075],[133.667,34.3819]]],[[[126.8663,34.3907],[126.9456,34.4116],[126.907,34.3553],[126.8663,34.3907]]],[[[127.2656,34.3922],[127.2523,34.3839],[127.2395,34.4137],[127.2656,34.3922]]],[[[133.7631,34.419],[133.7585,34.4306],[133.7772,34.4231],[133.7631,34.419]]],[[[134.0617,34.4341],[134.0663,34.4253],[134.0554,34.4163],[134.0617,34.4341]]],[[[125.2953,34.4474],[125.2829,34.4343],[125.2904,34.4515],[125.2953,34.4474]]],[[[126.4143,34.4564],[126.4172,34.4499],[126.4138,34.4528],[126.4143,34.4564]]],[[[127.042,34.4199],[127.0558,34.4562],[127.0703,34.413],[127.042,34.4199]]],[[[127.8045,34.4549],[127.8027,34.4085],[127.7866,34.4315],[127.8045,34.4549]]],[[[126.4082,34.4612],[126.4121,34.4679],[126.4149,34.4581],[126.4082,34.4612]]],[[[139.2925,34.4759],[139.2972,34.4744],[139.2916,34.4698],[139.2925,34.4759]]],[[[134.0013,34.4556],[133.9793,34.4472],[133.9673,34.4777],[134.0013,34.4556]]],[[[126.0333,34.4818],[126.0677,34.4821],[126.0388,34.4606],[126.0333,34.4818]]],[[[127.8041,34.4936],[127.8229,34.4799],[127.7973,34.4752],[127.8041,34.4936]]],[[[134.0087,34.5],[134.023,34.5019],[134.0191,34.4773],[134.0087,34.5]]],[[[131.413,34.5151],[131.4185,34.5],[131.4065,34.491],[131.413,34.5151]]],[[[131.2935,34.5097],[131.2769,34.4991],[131.276,34.5215],[131.2935,34.5097]]],[[[127.1261,34.506],[127.1021,34.5168],[127.1341,34.5221],[127.1261,34.506]]],[[[139.2794,34.534],[139.2768,34.5128],[139.2643,34.5259],[139.2794,34.534]]],[[[127.4638,34.4814],[127.4507,34.5404],[127.5051,34.4934],[127.4638,34.4814]]],[[[136.9836,34.5505],[136.9798,34.538],[136.9755,34.5441],[136.9836,34.5505]]],[[[127.4045,34.5701],[127.3958,34.5632],[127.4094,34.5801],[127.4045,34.5701]]],[[[127.686,34.5765],[127.6711,34.556],[127.6371,34.5679],[127.686,34.5765]]],[[[127.1041,34.5979],[127.0944,34.6104],[127.1076,34.6046],[127.1041,34.5979]]],[[[127.5654,34.6114],[127.5496,34.5944],[127.5221,34.6104],[127.5654,34.6114]]],[[[125.8576,34.6215],[125.8206,34.5961],[125.8019,34.6214],[125.8576,34.6215]]],[[[125.9709,34.6348],[125.9768,34.6187],[125.9457,34.6364],[125.9709,34.6348]]],[[[128.5786,34.6492],[128.5842,34.6392],[128.5615,34.6324],[128.5786,34.6492]]],[[[125.4588,34.6494],[125.4816,34.656],[125.4654,34.6374],[125.4588,34.6494]]],[[[128.3478,34.6529],[128.3804,34.6391],[128.349,34.6375],[128.3478,34.6529]]],[[[134.479,34.6492],[134.4642,34.6652],[134.4896,34.6706],[134.479,34.6492]]],[[[126.1873,34.6406],[126.1276,34.6133],[126.1159,34.6494],[126.1873,34.6406]]],[[[134.5764,34.6511],[134.5741,34.6756],[134.5892,34.6612],[134.5764,34.6511]]],[[[128.2297,34.6707],[128.2218,34.6803],[128.2565,34.6756],[128.2297,34.6707]]],[[[125.3761,34.6732],[125.3708,34.6666],[125.3621,34.6764],[125.3761,34.6732]]],[[[137.0102,34.6817],[137.002,34.6683],[136.998,34.6758],[137.0102,34.6817]]],[[[134.5133,34.6708],[134.5444,34.6809],[134.5421,34.6589],[134.5133,34.6708]]],[[[128.1955,34.7071],[128.1968,34.6859],[128.1679,34.7024],[128.1955,34.7071]]],[[[126.0977,34.7084],[126.1078,34.7134],[126.1026,34.6965],[126.0977,34.7084]]],[[[125.2076,34.6876],[125.1792,34.6697],[125.2038,34.7156],[125.2076,34.6876]]],[[[127.731,34.7185],[127.7327,34.6997],[127.7165,34.7127],[127.731,34.7185]]],[[[128.4966,34.745],[128.51,34.7317],[128.4696,34.7405],[128.4966,34.745]]],[[[128.2967,34.7456],[128.2933,34.7618],[128.3078,34.7523],[128.2967,34.7456]]],[[[128.536,34.7575],[128.5522,34.7473],[128.5086,34.7612],[128.536,34.7575]]],[[[119.4518,34.7634],[119.445,34.7782],[119.4945,34.7608],[119.4518,34.7634]]],[[[126.3228,34.7747],[126.315,34.7601],[126.3059,34.7795],[126.3228,34.7747]]],[[[131.1361,34.762],[131.1477,34.7896],[131.1605,34.7685],[131.1361,34.762]]],[[[127.4451,34.779],[127.4474,34.7953],[127.4671,34.8006],[127.4451,34.779]]],[[[128.4714,34.7694],[128.4766,34.8165],[128.5085,34.7714],[128.4714,34.7694]]],[[[128.1264,34.8373],[128.1401,34.8348],[128.1419,34.8248],[128.1264,34.8373]]],[[[128.1972,34.8333],[128.1737,34.8544],[128.2267,34.8491],[128.1972,34.8333]]],[[[25.7299,34.8815],[25.7096,34.8659],[25.6801,34.8745],[25.7299,34.8815]]],[[[127.7044,34.8714],[127.7101,34.8965],[127.7449,34.8918],[127.7044,34.8714]]],[[[26.1343,34.9463],[26.1498,34.9333],[26.133,34.9226],[26.1343,34.9463]]],[[[126.2739,34.9524],[126.2886,34.9614],[126.2963,34.9326],[126.2739,34.9524]]],[[[128.5137,34.9444],[128.5332,34.9725],[128.5288,34.9275],[128.5137,34.9444]]],[[[126.2172,34.9855],[126.2117,34.9532],[126.1995,34.9696],[126.2172,34.9855]]],[[[126.2447,34.9756],[126.2538,35.0055],[126.2704,34.977],[126.2447,34.9756]]],[[[128.651,35.0196],[128.6459,34.9803],[128.6146,34.9743],[128.651,35.0196]]],[[[126.1706,34.9997],[126.1295,34.947],[126.0972,35.0025],[126.1706,34.9997]]],[[[139.1715,35.0366],[139.1628,35.0409],[139.1694,35.0436],[139.1715,35.0366]]],[[[128.5618,35.0522],[128.5425,35.0683],[128.5548,35.0696],[128.5618,35.0522]]],[[[129.0653,35.0972],[129.0888,35.0502],[129.0466,35.0794],[129.0653,35.0972]]],[[[126.022,35.0789],[126.0094,35.0888],[126.015,35.0994],[126.022,35.0789]]],[[[126.1377,35.2729],[126.1379,35.2975],[126.1541,35.2764],[126.1377,35.2729]]],[[[126.0125,35.3525],[126.0391,35.3428],[126.0137,35.3319],[126.0125,35.3525]]],[[[25.2306,35.459],[25.2367,35.4274],[25.1841,35.4444],[25.2306,35.459]]],[[[120.1709,35.7433],[120.1533,35.7537],[120.1715,35.7844],[120.1709,35.7433]]],[[[126.6258,35.7791],[126.6348,35.8007],[126.6415,35.7918],[126.6258,35.7791]]],[[[126.4707,35.824],[126.4521,35.8065],[126.4424,35.832],[126.4707,35.824]]],[[[126.3705,35.8445],[126.3604,35.8477],[126.3788,35.8541],[126.3705,35.8445]]],[[[14.3325,36.0189],[14.3506,36.0095],[14.3246,36.0034],[14.3325,36.0189]]],[[[125.9889,36.1177],[125.9799,36.1074],[125.9701,36.1191],[125.9889,36.1177]]],[[[29.6566,36.131],[29.6557,36.1362],[29.6606,36.1323],[29.6566,36.131]]],[[[29.7507,36.1388],[29.7641,36.1357],[29.7386,36.1223],[29.7507,36.1388]]],[[[29.494,36.1611],[29.5085,36.1547],[29.4915,36.1516],[29.494,36.1611]]],[[[29.599,36.1493],[29.5592,36.121],[29.5796,36.1619],[29.599,36.1493]]],[[[33.7876,36.1815],[33.778,36.1737],[33.7813,36.1787],[33.7876,36.1815]]],[[[29.874,36.1864],[29.912,36.1995],[29.8846,36.1731],[29.874,36.1864]]],[[[29.3459,36.2139],[29.3587,36.2182],[29.349,36.2082],[29.3459,36.2139]]],[[[29.4436,36.2126],[29.4436,36.218],[29.4522,36.2204],[29.4436,36.2126]]],[[[126.0737,36.2335],[126.0949,36.2249],[126.0647,36.2208],[126.0737,36.2335]]],[[[27.7183,36.2825],[27.6996,36.248],[27.6875,36.2729],[27.7183,36.2825]]],[[[126.3484,36.331],[126.3532,36.3559],[126.3677,36.3366],[126.3484,36.331]]],[[[126.4582,36.358],[126.383,36.3751],[126.4281,36.385],[126.4582,36.358]]],[[[22.9837,36.4807],[22.9251,36.4691],[22.9624,36.5099],[22.9837,36.4807]]],[[[28.1227,36.5987],[28.1288,36.5991],[28.1264,36.597],[28.1227,36.5987]]],[[[28.92,36.6789],[28.9384,36.6761],[28.9154,36.6555],[28.92,36.6789]]],[[[126.0698,36.673],[126.0479,36.6717],[126.0836,36.6906],[126.0698,36.673]]],[[[27.1302,36.9296],[27.1519,36.9589],[27.1751,36.9225],[27.1302,36.9296]]],[[[-7.9046,36.9775],[-7.9092,36.9781],[-7.9087,36.9894],[-7.9046,36.9775]]],[[[27.4725,36.9818],[27.4771,36.9582],[27.4235,36.9918],[27.4725,36.9818]]],[[[-7.895,36.9894],[-7.9046,36.9993],[-7.8812,37.0006],[-7.895,36.9894]]],[[[125.9876,37.0248],[125.9787,37.0405],[126.0139,37.0285],[125.9876,37.0248]]],[[[126.4212,37.0509],[126.4212,37.0623],[126.448,37.0493],[126.4212,37.0509]]],[[[27.106,37.0578],[27.0779,37.0572],[27.0846,37.0641],[27.106,37.0578]]],[[[21.5528,37.0644],[21.5466,37.0323],[21.5373,37.0574],[21.5528,37.0644]]],[[[125.9452,37.0689],[125.9476,37.0947],[125.9649,37.0891],[125.9452,37.0689]]],[[[126.0728,37.0937],[126.0656,37.1037],[126.0851,37.1068],[126.0728,37.0937]]],[[[-75.9805,37.103],[-75.9412,37.0916],[-75.9739,37.0851],[-75.9805,37.103]]],[[[-154.0482,56.7324],[-154.0393,56.6841],[-154.1298,56.7006],[-154.0482,56.7324]]],[[[-76.6583,56.758],[-76.6202,56.7175],[-76.6598,56.7336],[-76.6583,56.758]]],[[[-76.6502,56.8751],[-76.6491,56.8497],[-76.6753,56.8511],[-76.6502,56.8751]]],[[[-158.7166,56.9313],[-158.6925,56.9375],[-158.7223,56.9206],[-158.7166,56.9313]]],[[[-76.6601,56.9734],[-76.6817,56.9507],[-76.6986,56.9692],[-76.6601,56.9734]]],[[[-76.7111,57.0116],[-76.713,57.0548],[-76.6539,57.0264],[-76.7111,57.0116]]],[[[16.6216,57.1037],[16.587,57.1026],[16.5804,57.1194],[16.6216,57.1037]]],[[[16.5671,57.1715],[16.5376,57.1486],[16.5259,57.1594],[16.5671,57.1715]]],[[[16.7847,57.251],[16.7907,57.2568],[16.7991,57.2475],[16.7847,57.251]]],[[[-76.7373,57.2553],[-76.7239,57.2067],[-76.7809,57.2623],[-76.7373,57.2553]]],[[[-156.2823,57.3629],[-156.3047,57.3615],[-156.2994,57.3719],[-156.2823,57.3629]]],[[[-78.4618,57.3557],[-78.517,57.356],[-78.4451,57.3771],[-78.4618,57.3557]]],[[[16.6999,57.5173],[16.7197,57.5014],[16.691,57.5093],[16.6999,57.5173]]],[[[-78.5058,57.5391],[-78.5257,57.5248],[-78.5441,57.538],[-78.5058,57.5391]]],[[[-76.8677,57.5359],[-76.879,57.5048],[-76.9061,57.5807],[-76.8677,57.5359]]],[[[16.6596,57.5821],[16.7028,57.6234],[16.7305,57.6118],[16.6596,57.5821]]],[[[11.7712,57.6533],[11.7815,57.6314],[11.7275,57.6467],[11.7712,57.6533]]],[[[11.6698,57.6861],[11.6103,57.696],[11.6291,57.7299],[11.6698,57.6861]]],[[[16.6837,57.791],[16.6707,57.8119],[16.7222,57.7977],[16.6837,57.791]]],[[[16.7841,57.8105],[16.7015,57.8446],[16.7289,57.8536],[16.7841,57.8105]]],[[[11.6163,57.8623],[11.5588,57.8866],[11.6221,57.8957],[11.6163,57.8623]]],[[[-79.656,57.8975],[-79.6483,57.9186],[-79.6467,57.9013],[-79.656,57.8975]]],[[[16.8237,58.0986],[16.7825,58.1053],[16.8121,58.1198],[16.8237,58.0986]]],[[[22.5225,58.1555],[22.5,58.1211],[22.4773,58.143],[22.5225,58.1555]]],[[[16.9432,58.1931],[16.9354,58.1788],[16.9084,58.1912],[16.9432,58.1931]]],[[[-77.5389,58.1733],[-77.6081,58.1847],[-77.6848,58.2283],[-77.5389,58.1733]]],[[[6.6202,58.2308],[6.6224,58.1963],[6.5199,58.242],[6.6202,58.2308]]],[[[17.0348,58.2682],[17.0363,58.2603],[16.9989,58.2498],[17.0348,58.2682]]],[[[16.9191,58.2517],[16.9061,58.2545],[16.9215,58.2692],[16.9191,58.2517]]],[[[-78.1064,58.3739],[-78.2099,58.4039],[-78.1217,58.4025],[-78.1064,58.3739]]],[[[-80.7817,58.408],[-80.8106,58.4112],[-80.7582,58.4198],[-80.7817,58.408]]],[[[16.9665,58.4333],[16.9787,58.4301],[16.9566,58.4138],[16.9665,58.4333]]],[[[-78.1916,58.4316],[-78.2505,58.454],[-78.1995,58.4429],[-78.1916,58.4316]]],[[[16.9813,58.4978],[16.9819,58.4843],[16.9528,58.4906],[16.9813,58.4978]]],[[[16.9258,58.5073],[16.8923,58.527],[16.9405,58.5133],[16.9258,58.5073]]],[[[-159.9805,58.6127],[-159.9587,58.6],[-159.9799,58.5906],[-159.9805,58.6127]]],[[[17.4636,58.723],[17.4852,58.7088],[17.4627,58.7016],[17.4636,58.723]]],[[[17.467,58.7605],[17.4969,58.7431],[17.4421,58.72],[17.467,58.7605]]],[[[17.8654,58.7363],[17.856,58.7737],[17.8678,58.7631],[17.8654,58.7363]]],[[[-78.5644,58.8169],[-78.5694,58.7949],[-78.6288,58.8118],[-78.5644,58.8169]]],[[[17.6659,58.8173],[17.655,58.8064],[17.5964,58.846],[17.6659,58.8173]]],[[[-160.1905,58.8395],[-160.1854,58.8198],[-160.2331,58.8535],[-160.1905,58.8395]]],[[[17.7147,58.85],[17.7115,58.8354],[17.6956,58.8609],[17.7147,58.85]]],[[[18.138,58.8933],[18.1349,58.8677],[18.0923,58.8613],[18.138,58.8933]]],[[[17.8537,58.7964],[17.7917,58.801],[17.8509,58.8996],[17.8537,58.7964]]],[[[11.061,58.8805],[10.9916,58.871],[10.988,58.9107],[11.061,58.8805]]],[[[18.2136,58.9407],[18.143,58.9029],[18.1729,58.9383],[18.2136,58.9407]]],[[[-78.5933,58.9379],[-78.5933,58.9525],[-78.569,58.9483],[-78.5933,58.9379]]],[[[18.0187,58.9672],[18.0296,58.9414],[17.992,58.9321],[18.0187,58.9672]]],[[[18.1679,59.0541],[18.1861,59.0437],[18.1431,59.0451],[18.1679,59.0541]]],[[[18.5339,59.0593],[18.5315,59.0329],[18.5103,59.0303],[18.5339,59.0593]]],[[[-80.6031,59.0668],[-80.5799,59.0572],[-80.6079,59.0499],[-80.6031,59.0668]]],[[[10.9605,59.0534],[10.922,59.0581],[10.952,59.0851],[10.9605,59.0534]]],[[[126.3814,37.1149],[126.3929,37.0978],[126.3812,37.1039],[126.3814,37.1149]]],[[[10.8083,37.1361],[10.8229,37.1183],[10.796,37.1183],[10.8083,37.1361]]],[[[126.2589,37.1669],[126.2584,37.1825],[126.2807,37.157],[126.2589,37.1669]]],[[[126.1091,37.181],[126.1095,37.1651],[126.0877,37.1806],[126.1091,37.181]]],[[[126.6471,37.2117],[126.6307,37.2172],[126.6336,37.233],[126.6471,37.2117]]],[[[126.3374,37.2605],[126.322,37.2447],[126.2807,37.2632],[126.3374,37.2605]]],[[[-75.7999,37.2716],[-75.7944,37.2519],[-75.812,37.2409],[-75.7999,37.2716]]],[[[27.0824,37.2781],[27.1034,37.2995],[27.1018,37.2743],[27.0824,37.2781]]],[[[26.7703,37.2806],[26.7108,37.317],[26.7845,37.3089],[26.7703,37.2806]]],[[[-75.741,37.3336],[-75.7275,37.3591],[-75.786,37.2981],[-75.741,37.3336]]],[[[126.4385,37.3782],[126.4124,37.3675],[126.4032,37.4071],[126.4385,37.3782]]],[[[26.7442,37.3606],[26.7166,37.4127],[26.759,37.3761],[26.7442,37.3606]]],[[[26.9974,37.4647],[26.9583,37.4439],[26.9269,37.4742],[26.9974,37.4647]]],[[[23.9368,37.4727],[23.9261,37.467],[23.8981,37.4945],[23.9368,37.4727]]],[[[122.1768,37.4978],[122.1803,37.513],[122.2075,37.4964],[122.1768,37.4978]]],[[[126.4676,37.5386],[126.4651,37.5111],[126.432,37.5222],[126.4676,37.5386]]],[[[8.9531,37.535],[8.9587,37.5191],[8.9005,37.5185],[8.9531,37.535]]],[[[126.3377,37.5273],[126.3125,37.5562],[126.3823,37.5321],[126.3377,37.5273]]],[[[27.1693,37.5648],[27.1495,37.5967],[27.1636,37.5943],[27.1693,37.5648]]],[[[26.4505,37.5959],[26.4507,37.566],[26.396,37.5761],[26.4505,37.5959]]],[[[125.7131,37.6034],[125.7088,37.611],[125.7186,37.6138],[125.7131,37.6034]]],[[[126.2555,37.6266],[126.227,37.6512],[126.2528,37.6532],[126.2555,37.6266]]],[[[26.5379,37.607],[26.5007,37.5278],[26.4746,37.6047],[26.5379,37.607]]],[[[23.9492,37.6569],[23.9597,37.6428],[23.9356,37.6459],[23.9492,37.6569]]],[[[126.1719,37.6675],[126.1948,37.6839],[126.2065,37.6614],[126.1719,37.6675]]],[[[126.1348,37.6815],[126.1232,37.6889],[126.142,37.687],[126.1348,37.6815]]],[[[-123.0023,37.7016],[-123.0057,37.6914],[-123.0077,37.6966],[-123.0023,37.7016]]],[[[126.2343,37.7166],[126.2184,37.7206],[126.2368,37.7225],[126.2343,37.7166]]],[[[125.6496,37.7379],[125.6504,37.7337],[125.6467,37.7353],[125.6496,37.7379]]],[[[24.1432,37.7527],[24.1486,37.7226],[24.1052,37.6452],[24.1432,37.7527]]],[[[125.2246,37.7497],[125.2399,37.7547],[125.2381,37.7408],[125.2246,37.7497]]],[[[23.7552,37.7751],[23.7635,37.776],[23.7634,37.764],[23.7552,37.7751]]],[[[124.7564,37.7778],[124.7682,37.7697],[124.7298,37.7586],[124.7564,37.7778]]],[[[125.9179,37.7764],[125.8883,37.7679],[125.8959,37.7786],[125.9179,37.7764]]],[[[125.3346,37.7902],[125.3364,37.8004],[125.36,37.8105],[125.3346,37.7902]]],[[[125.7723,37.8136],[125.77,37.7967],[125.7601,37.7985],[125.7723,37.8136]]],[[[-122.3667,37.8124],[-122.3792,37.8292],[-122.3728,37.8328],[-122.3667,37.8124]]],[[[-75.9888,37.8386],[-75.9768,37.8372],[-75.9852,37.8072],[-75.9888,37.8386]]],[[[-122.4252,37.8714],[-122.4192,37.8539],[-122.4433,37.8559],[-122.4252,37.8714]]],[[[124.9662,37.9242],[124.9583,37.9144],[124.957,37.9278],[124.9662,37.9242]]],[[[-75.3525,37.9539],[-75.3492,37.9233],[-75.4106,37.9041],[-75.3525,37.9539]]],[[[24.2632,38.0188],[24.2778,37.9851],[24.2287,37.9828],[24.2632,38.0188]]],[[[124.8238,38.0514],[124.8196,38.0587],[124.8241,38.0614],[124.8238,38.0514]]],[[[-76.0454,38.1115],[-76.0191,38.1296],[-76.0056,38.0759],[-76.0454,38.1115]]],[[[141.4981,38.2547],[141.4796,38.2507],[141.4614,38.2827],[141.4981,38.2547]]],[[[-76.1834,38.296],[-76.1243,38.2364],[-76.1781,38.2491],[-76.1834,38.296]]],[[[141.418,38.3118],[141.4266,38.2943],[141.4102,38.2856],[141.418,38.3118]]],[[[141.5822,38.3049],[141.5758,38.2682],[141.5466,38.299],[141.5822,38.3049]]],[[[141.1239,38.3426],[141.1222,38.3267],[141.1145,38.3355],[141.1239,38.3426]]],[[[26.3444,38.4497],[26.354,38.4262],[26.3291,38.422],[26.3444,38.4497]]],[[[-8.8472,38.4866],[-8.8346,38.4825],[-8.8399,38.4738],[-8.8472,38.4866]]],[[[139.252,38.4895],[139.2551,38.4665],[139.2166,38.4376],[139.252,38.4895]]],[[[26.2791,38.5152],[26.2904,38.4918],[26.2787,38.4975],[26.2791,38.5152]]],[[[26.2634,38.52],[26.2041,38.5146],[26.1851,38.5422],[26.2634,38.52]]],[[[26.7241,38.4637],[26.7,38.5423],[26.7455,38.4833],[26.7241,38.4637]]],[[[25.523,38.5456],[25.5182,38.5291],[25.4937,38.5322],[25.523,38.5456]]],[[[124.9844,38.6227],[124.9883,38.6736],[125.0202,38.659],[124.9844,38.6227]]],[[[24.362,38.8465],[24.3718,38.8337],[24.3426,38.8341],[24.362,38.8465]]],[[[-9.0124,38.8822],[-9.0028,38.8614],[-9.0168,38.8572],[-9.0124,38.8822]]],[[[141.6317,38.8487],[141.6008,38.8732],[141.6263,38.8829],[141.6317,38.8487]]],[[[121.822,38.8649],[121.8338,38.8926],[121.8384,38.8706],[121.822,38.8649]]],[[[-9.0135,38.914],[-9.0276,38.889],[-9.0181,38.9199],[-9.0135,38.914]]],[[[117.7137,38.9664],[117.8109,38.9147],[117.7184,38.9214],[117.7137,38.9664]]],[[[117.7205,38.9739],[117.8794,38.9466],[117.88,38.9305],[117.7205,38.9739]]],[[[122.7113,39.0254],[122.7215,39.0492],[122.7604,39.0167],[122.7113,39.0254]]],[[[117.7733,39.0476],[117.7963,39.0499],[117.8197,38.9774],[117.7733,39.0476]]],[[[24.1008,39.0607],[24.1174,39.1031],[24.1241,39.0629],[24.1008,39.0607]]],[[[20.2376,39.1486],[20.2583,39.1329],[20.2194,39.1401],[20.2376,39.1486]]],[[[139.5462,39.2028],[139.5628,39.1976],[139.5489,39.182],[139.5462,39.2028]]],[[[127.5369,39.22],[127.5155,39.225],[127.537,39.2242],[127.5369,39.22]]],[[[122.498,39.2193],[122.488,39.2331],[122.5444,39.2303],[122.498,39.2193]]],[[[127.6188,39.2218],[127.6229,39.2382],[127.6393,39.2357],[127.6188,39.2218]]],[[[-76.3761,39.2508],[-76.3657,39.2398],[-76.3829,39.2424],[-76.3761,39.2508]]],[[[24.3174,39.3566],[24.3307,39.3641],[24.321,39.3308],[24.3174,39.3566]]],[[[124.7168,39.4081],[124.7201,39.4171],[124.7329,39.4181],[124.7168,39.4081]]],[[[-9.512,39.4112],[-9.5082,39.4218],[-9.5017,39.4202],[-9.512,39.4112]]],[[[24.1764,39.4241],[24.183,39.3939],[24.1534,39.3621],[24.1764,39.4241]]],[[[123.0606,39.4322],[123.0557,39.4548],[123.0935,39.4429],[123.0606,39.4322]]],[[[124.7692,39.452],[124.7691,39.4655],[124.792,39.4591],[124.7692,39.452]]],[[[124.6213,39.4687],[124.6234,39.473],[124.6305,39.4634],[124.6213,39.4687]]],[[[124.6251,39.499],[124.6314,39.4897],[124.6219,39.4855],[124.6251,39.499]]],[[[125.1146,39.5091],[125.1117,39.5034],[125.1097,39.5093],[125.1146,39.5091]]],[[[124.8097,39.5141],[124.8049,39.5158],[124.8015,39.5189],[124.8097,39.5141]]],[[[125.2107,39.5171],[125.1952,39.5312],[125.2176,39.5252],[125.2107,39.5171]]],[[[125.1445,39.5208],[125.1382,39.5366],[125.1634,39.5408],[125.1445,39.5208]]],[[[125.1522,39.5432],[125.1376,39.5556],[125.1605,39.5556],[125.1522,39.5432]]],[[[124.7415,39.5582],[124.7341,39.5445],[124.7366,39.5587],[124.7415,39.5582]]],[[[124.7593,39.6261],[124.7634,39.6192],[124.7547,39.6149],[124.7593,39.6261]]],[[[124.9097,39.6223],[124.8989,39.6286],[124.9054,39.6323],[124.9097,39.6223]]],[[[124.7681,39.6398],[124.7647,39.6311],[124.758,39.6327],[124.7681,39.6398]]],[[[124.8423,39.6438],[124.8387,39.6379],[124.8252,39.6449],[124.8423,39.6438]]],[[[124.457,39.6828],[124.4479,39.6864],[124.4538,39.6876],[124.457,39.6828]]],[[[124.5267,39.7202],[124.5217,39.7115],[124.5488,39.7301],[124.5267,39.7202]]],[[[19.5135,39.7842],[19.5385,39.7596],[19.5237,39.7592],[19.5135,39.7842]]],[[[19.4157,39.8651],[19.4095,39.8413],[19.3818,39.8452],[19.4157,39.8651]]],[[[124.3412,39.8852],[124.345,39.863],[124.3346,39.8658],[124.3412,39.8852]]],[[[19.5746,39.9001],[19.5925,39.8795],[19.5752,39.8758],[19.5746,39.9001]]],[[[124.3353,39.8886],[124.3207,39.9007],[124.3403,39.8928],[124.3353,39.8886]]],[[[124.292,39.9195],[124.3044,39.9326],[124.3055,39.9286],[124.292,39.9195]]],[[[124.3589,39.9621],[124.3608,39.949],[124.3449,39.9394],[124.3589,39.9621]]],[[[128.196,39.9864],[128.1748,40.0093],[128.2291,40.0115],[128.196,39.9864]]],[[[-8.8389,40.1468],[-8.7961,40.1308],[-8.828,40.1236],[-8.8389,40.1468]]],[[[23.9055,40.321],[23.9118,40.3411],[23.9414,40.3101],[23.9055,40.321]]],[[[19.2819,40.5023],[19.2855,40.4738],[19.2612,40.5055],[19.2819,40.5023]]],[[[120.791,40.4748],[120.7918,40.507],[120.8211,40.5113],[120.791,40.4748]]],[[[14.2194,40.5605],[14.2621,40.554],[14.2083,40.538],[14.2194,40.5605]]],[[[28.5363,40.5651],[28.5191,40.5102],[28.5191,40.5615],[28.5363,40.5651]]],[[[14.0214,40.767],[14.0171,40.7373],[14.001,40.744],[14.0214,40.767]]],[[[29.1115,40.8655],[29.1299,40.8705],[29.1178,40.8326],[29.1115,40.8655]]],[[[9.7271,40.8741],[9.7396,40.8605],[9.7193,40.8638],[9.7271,40.8741]]],[[[9.7401,40.9123],[9.676,40.8902],[9.7339,40.9248],[9.7401,40.9123]]],[[[12.9765,40.9354],[12.952,40.8815],[12.9485,40.9179],[12.9765,40.9354]]],[[[12.8504,40.934],[12.8604,40.9483],[12.8617,40.9307],[12.8504,40.934]]],[[[13.05,40.9669],[13.0622,40.9755],[13.061,40.9652],[13.05,40.9669]]],[[[9.596,41.0764],[9.6064,41.0794],[9.6026,41.0687],[9.596,41.0764]]],[[[9.4058,41.2026],[9.4078,41.1851],[9.3944,41.1951],[9.4058,41.2026]]],[[[9.1504,41.2438],[9.1467,41.23],[9.1375,41.2409],[9.1504,41.2438]]],[[[9.3379,41.2522],[9.353,41.2478],[9.3422,41.2281],[9.3379,41.2522]]],[[[9.3447,41.2748],[9.3311,41.281],[9.3506,41.2887],[9.3447,41.2748]]],[[[9.3753,41.2923],[9.3582,41.2969],[9.3768,41.3078],[9.3753,41.2923]]],[[[9.3459,41.3048],[9.3542,41.2929],[9.3309,41.3047],[9.3459,41.3048]]],[[[9.2546,41.3422],[9.2569,41.3315],[9.2472,41.3377],[9.2546,41.3422]]],[[[139.8029,41.3664],[139.8137,41.3585],[139.7993,41.3521],[139.8029,41.3664]]],[[[9.2648,41.3721],[9.2626,41.3608],[9.2504,41.3655],[9.2648,41.3721]]],[[[15.4891,42.1245],[15.4968,42.116],[15.4847,42.1014],[15.4891,42.1245]]],[[[130.2664,42.1603],[130.2739,42.1774],[130.2878,42.1569],[130.2664,42.1603]]],[[[11.1047,42.2633],[11.1065,42.2378],[11.0913,42.2518],[11.1047,42.2633]]],[[[16.3392,42.3755],[16.3385,42.3775],[16.3401,42.3759],[16.3392,42.3755]]],[[[16.3351,42.378],[16.3354,42.3794],[16.3367,42.3786],[16.3351,42.378]]],[[[16.2704,42.3868],[16.2713,42.388],[16.272,42.3861],[16.2704,42.3868]]],[[[16.2745,42.388],[16.2756,42.3894],[16.2761,42.3879],[16.2745,42.388]]],[[[16.258,42.39],[16.2595,42.3939],[16.2669,42.3898],[16.258,42.39]]],[[[130.9137,42.4564],[130.91,42.4718],[130.9312,42.4757],[130.9137,42.4564]]],[[[131.4618,42.6372],[131.4203,42.6434],[131.464,42.6726],[131.4618,42.6372]]],[[[17.8987,42.7329],[17.9054,42.7006],[17.8367,42.7531],[17.8987,42.7329]]],[[[16.5186,42.7735],[16.5342,42.7629],[16.4894,42.7467],[16.5186,42.7735]]],[[[132.3377,42.7506],[132.3556,42.7722],[132.3661,42.732],[132.3377,42.7506]]],[[[131.6593,42.8647],[131.6395,42.8654],[131.6753,42.8916],[131.6593,42.8647]]],[[[131.7443,42.9221],[131.7148,42.9016],[131.7184,42.9243],[131.7443,42.9221]]],[[[-70.6111,42.9903],[-70.6016,42.9804],[-70.6192,42.9856],[-70.6111,42.9903]]],[[[16.0213,42.984],[15.9929,42.9523],[16.0028,42.9926],[16.0213,42.984]]],[[[131.7163,42.9597],[131.7272,42.9953],[131.7564,42.9593],[131.7163,42.9597]]],[[[15.7546,43.033],[15.7639,43.0229],[15.7214,43.0181],[15.7546,43.033]]],[[[6.4894,43.0531],[6.5058,43.0462],[6.433,43.0097],[6.4894,43.0531]]],[[[16.7255,43.0965],[16.7197,43.0819],[16.66,43.0895],[16.7255,43.0965]]],[[[9.9081,43.4466],[9.9085,43.4269],[9.8942,43.4325],[9.9081,43.4466]]],[[[16.1375,43.4585],[16.1704,43.4361],[16.115,43.4294],[16.1375,43.4585]]],[[[7.0443,43.5237],[7.0731,43.5158],[7.0367,43.5165],[7.0443,43.5237]]],[[[15.8582,43.6929],[15.8634,43.6627],[15.8241,43.7],[15.8582,43.6929]]],[[[15.7206,43.6797],[15.697,43.6814],[15.6745,43.7171],[15.7206,43.6797]]],[[[-69.3138,43.7735],[-69.3008,43.7709],[-69.3216,43.7553],[-69.3138,43.7735]]],[[[15.6602,43.7757],[15.6311,43.7714],[15.5675,43.832],[15.6602,43.7757]]],[[[-68.8841,43.8725],[-68.901,43.849],[-68.8958,43.8738],[-68.8841,43.8725]]],[[[-69.4219,43.9389],[-69.444,43.9076],[-69.4336,43.9519],[-69.4219,43.9389]]],[[[-69.3815,43.9883],[-69.3893,43.9714],[-69.3971,43.987],[-69.3815,43.9883]]],[[[15.1472,44.0256],[15.0776,44.0531],[15.0729,44.0808],[15.1472,44.0256]]],[[[-68.4974,44.1238],[-68.5039,44.1003],[-68.5143,44.1212],[-68.4974,44.1238]]],[[[-68.3307,44.1107],[-68.3763,44.1133],[-68.3489,44.1277],[-68.3307,44.1107]]],[[[-68.2435,44.2527],[-68.2526,44.2318],[-68.2786,44.2423],[-68.2435,44.2527]]],[[[-68.7045,44.2735],[-68.7422,44.3022],[-68.6836,44.2852],[-68.7045,44.2735]]],[[[15.0763,44.2944],[15.0455,44.3257],[15.1372,44.2883],[15.0763,44.2944]]],[[[-68.4258,44.3477],[-68.4414,44.3256],[-68.4518,44.3529],[-68.4258,44.3477]]],[[[14.7223,44.3635],[14.693,44.3598],[14.6651,44.4075],[14.7223,44.3635]]],[[[141.3278,44.4446],[141.3235,44.4176],[141.294,44.413],[141.3278,44.4446]]],[[[141.4099,44.4442],[141.4291,44.4388],[141.3975,44.4293],[141.4099,44.4442]]],[[[14.9463,44.4191],[14.9334,44.4107],[14.8884,44.4562],[14.9463,44.4191]]],[[[47.5196,44.4862],[47.5339,44.4245],[47.4623,44.4582],[47.5196,44.4862]]],[[[14.3155,44.5082],[14.2987,44.4964],[14.2824,44.5223],[14.3155,44.5082]]],[[[50.5859,44.8256],[50.6208,44.8071],[50.5655,44.7674],[50.5859,44.8256]]],[[[13.7739,44.9153],[13.7473,44.8876],[13.7354,44.9239],[13.7739,44.9153]]],[[[14.8314,44.8983],[14.7786,44.9085],[14.7679,44.9285],[14.8314,44.8983]]],[[[14.5458,44.968],[14.5348,44.9557],[14.4858,44.9836],[14.5458,44.968]]],[[[47.985,45.2247],[48.0456,45.1916],[47.9979,45.1774],[47.985,45.2247]]],[[[12.4026,45.4646],[12.3961,45.4494],[12.3752,45.4538],[12.4026,45.4646]]],[[[48.5715,45.7638],[48.598,45.711],[48.5721,45.6589],[48.5715,45.7638]]],[[[141.2225,46.2849],[141.2245,46.2126],[141.1968,46.2436],[141.2225,46.2849]]],[[[53.0174,46.4427],[52.9959,46.3897],[52.9457,46.3778],[53.0174,46.4427]]],[[[-60.1464,47.2228],[-60.1444,47.1961],[-60.1672,47.1855],[-60.1464,47.2228]]],[[[-61.4462,47.7935],[-61.5098,47.7842],[-61.4575,47.8029],[-61.4462,47.7935]]],[[[-123.2483,48.4294],[-123.2266,48.4258],[-123.2434,48.4197],[-123.2483,48.4294]]],[[[-122.7955,48.5147],[-122.8201,48.4808],[-122.8387,48.5111],[-122.7955,48.5147]]],[[[-122.5816,48.5486],[-122.6435,48.5298],[-122.6533,48.5802],[-122.5816,48.5486]]],[[[-122.9294,48.5844],[-122.9517,48.5475],[-123.0158,48.5823],[-122.9294,48.5844]]],[[[-123.3474,48.6063],[-123.3514,48.5882],[-123.3763,48.618],[-123.3474,48.6063]]],[[[-122.6681,48.6231],[-122.6637,48.6075],[-122.7001,48.6232],[-122.6681,48.6231]]],[[[-123.1138,48.638],[-123.1409,48.638],[-123.1632,48.6501],[-123.1138,48.638]]],[[[-123.1708,48.6774],[-123.1897,48.6599],[-123.2391,48.6868],[-123.1708,48.6774]]],[[[-122.6207,48.6916],[-122.6538,48.7103],[-122.6149,48.7159],[-122.6207,48.6916]]],[[[-123.0084,48.6973],[-123.0658,48.7004],[-123.0146,48.7216],[-123.0084,48.6973]]],[[[-123.2944,48.7163],[-123.2998,48.6991],[-123.334,48.7193],[-123.2944,48.7163]]],[[[-123.3745,48.7141],[-123.3778,48.7365],[-123.3616,48.7268],[-123.3745,48.7141]]],[[[-122.8953,48.7648],[-122.8867,48.7471],[-122.9224,48.7614],[-122.8953,48.7648]]],[[[-123.3745,48.8093],[-123.4041,48.8425],[-123.3589,48.8324],[-123.3745,48.8093]]],[[[-125.2034,48.85],[-125.1859,48.8426],[-125.1908,48.8299],[-125.2034,48.85]]],[[[-123.3131,48.8516],[-123.248,48.8561],[-123.2321,48.8144],[-123.3131,48.8516]]],[[[-1.8299,48.8747],[-1.8249,48.8667],[-1.8373,48.8732],[-1.8299,48.8747]]],[[[-125.303,48.88],[-125.2917,48.8661],[-125.314,48.8648],[-125.303,48.88]]],[[[-125.1352,48.8959],[-125.122,48.8873],[-125.1621,48.8749],[-125.1352,48.8959]]],[[[-125.34,48.9046],[-125.3347,48.8904],[-125.3531,48.9071],[-125.34,48.9046]]],[[[-125.3284,48.9136],[-125.3179,48.9143],[-125.3235,48.9046],[-125.3284,48.9136]]],[[[-125.2627,48.9122],[-125.248,48.9165],[-125.2481,48.9109],[-125.2627,48.9122]]],[[[-125.2882,48.9293],[-125.2678,48.9151],[-125.292,48.9146],[-125.2882,48.9293]]],[[[-125.2372,48.9272],[-125.2468,48.9208],[-125.2776,48.9413],[-125.2372,48.9272]]],[[[-125.057,48.9534],[-125.0668,48.9127],[-125.1198,48.9036],[-125.057,48.9534]]],[[[-123.6443,48.9819],[-123.6345,48.9346],[-123.668,48.9752],[-123.6443,48.9819]]],[[[-123.6724,48.9836],[-123.7038,49.0172],[-123.6569,48.9967],[-123.6724,48.9836]]],[[[-123.454,49.4109],[-123.4385,49.393],[-123.4999,49.3824],[-123.454,49.4109]]],[[[-2.4537,49.4819],[-2.4452,49.4746],[-2.4534,49.4621],[-2.4537,49.4819]]],[[[-123.9518,49.4712],[-123.9744,49.4683],[-123.9826,49.51],[-123.9518,49.4712]]],[[[-126.5079,49.6787],[-126.4861,49.652],[-126.5446,49.6107],[-126.5079,49.6787]]],[[[-124.6537,49.8823],[-124.6302,49.8658],[-124.6675,49.8396],[-124.6537,49.8823]]],[[[-6.3495,49.8962],[-6.3427,49.8839],[-6.3554,49.8889],[-6.3495,49.8962]]],[[[-6.3535,49.9575],[-6.3629,49.9435],[-6.3629,49.9599],[-6.3535,49.9575]]],[[[-6.2815,49.9646],[-6.2892,49.9569],[-6.3071,49.9677],[-6.2815,49.9646]]],[[[-124.9074,49.9973],[-124.9164,49.9669],[-124.9479,50.0003],[-124.9074,49.9973]]],[[[-126.7036,50.5744],[-126.706,50.5548],[-126.7816,50.577],[-126.7036,50.5744]]],[[[-126.6656,50.7459],[-126.719,50.7511],[-126.682,50.7694],[-126.6656,50.7459]]],[[[-127.6153,50.8453],[-127.6294,50.8334],[-127.6481,50.8646],[-127.6153,50.8453]]],[[[-126.7577,50.8533],[-126.9243,50.8447],[-126.8126,50.89],[-126.7577,50.8533]]],[[[-9.4922,51.4488],[-9.4854,51.4313],[-9.528,51.4264],[-9.4922,51.4488]]],[[[-178.3098,51.4785],[-178.2939,51.4838],[-178.2856,51.4761],[-178.3098,51.4785]]],[[[-178.7597,51.5596],[-178.8035,51.5411],[-178.8554,51.5731],[-178.7597,51.5596]]],[[[-179.0409,51.5825],[-179.0384,51.5694],[-179.0615,51.5761],[-179.0409,51.5825]]],[[[-178.5868,51.6078],[-178.5817,51.5839],[-178.6076,51.5963],[-178.5868,51.6078]]],[[[-178.6311,51.6101],[-178.6396,51.5881],[-178.686,51.6005],[-178.6311,51.6101]]],[[[-4.6899,51.6409],[-4.6908,51.6292],[-4.7087,51.639],[-4.6899,51.6409]]],[[[-79.072,51.6588],[-79.0594,51.6521],[-79.0829,51.6418],[-79.072,51.6588]]],[[[-5.2932,51.7431],[-5.2714,51.7353],[-5.3005,51.727],[-5.2932,51.7431]]],[[[-79.2054,51.7676],[-79.2868,51.7443],[-79.234,51.7694],[-79.2054,51.7676]]],[[[-5.3358,51.878],[-5.3435,51.8531],[-5.3498,51.8741],[-5.3358,51.878]]],[[[-177.4265,51.9131],[-177.4489,51.8909],[-177.4674,51.9057],[-177.4265,51.9131]]],[[[-175.7853,51.9307],[-175.8748,51.9449],[-175.8222,51.9599],[-175.7853,51.9307]]],[[[-176.1271,51.9606],[-176.0908,51.9609],[-176.1252,51.9469],[-176.1271,51.9606]]],[[[-79.2621,51.9398],[-79.3189,51.9341],[-79.2892,51.9645],[-79.2621,51.9398]]],[[[-175.4491,51.988],[-175.4313,51.9818],[-175.4537,51.9786],[-175.4491,51.988]]],[[[-79.2317,51.99],[-79.1986,52.0115],[-79.2038,51.9927],[-79.2317,51.99]]],[[[-78.9491,52.0788],[-78.9876,52.1009],[-78.9634,52.1095],[-78.9491,52.0788]]],[[[-175.5176,52.1854],[-175.492,52.173],[-175.5197,52.163],[-175.5176,52.1854]]],[[[-79.1741,52.5462],[-79.156,52.5535],[-79.1649,52.5262],[-79.1741,52.5462]]],[[[-129.4094,52.5671],[-129.3951,52.5548],[-129.4046,52.5486],[-129.4094,52.5671]]],[[[-131.35,52.5643],[-131.3917,52.5399],[-131.4427,52.5591],[-131.35,52.5643]]],[[[-171.1197,52.5703],[-171.1776,52.562],[-171.1586,52.5836],[-171.1197,52.5703]]],[[[-4.7939,52.7683],[-4.7799,52.7626],[-4.8023,52.7454],[-4.7939,52.7683]]],[[[-131.6342,52.7741],[-131.6145,52.7489],[-131.7539,52.7654],[-131.6342,52.7741]]],[[[-169.2038,52.7881],[-169.2112,52.7747],[-169.2441,52.7691],[-169.2038,52.7881]]],[[[-131.5106,52.8766],[-131.5205,52.8613],[-131.5461,52.8697],[-131.5106,52.8766]]],[[[-78.86,52.9743],[-78.9215,52.9649],[-78.8697,52.9849],[-78.86,52.9743]]],[[[-168.4761,52.9877],[-168.4506,52.9802],[-168.4855,52.9771],[-168.4761,52.9877]]],[[[-79.029,53.0383],[-79.0049,53.0409],[-79.0071,53.0275],[-79.029,53.0383]]],[[[-132.0587,53.2213],[-132.0381,53.2045],[-132.1254,53.1926],[-132.0587,53.2213]]],[[[-9.7257,53.2257],[-9.7602,53.2318],[-9.7364,53.2456],[-9.7257,53.2257]]],[[[-79.0091,53.2839],[-78.9772,53.2875],[-79.0032,53.2759],[-79.0091,53.2839]]],[[[-79.0444,53.289],[-79.0392,53.2989],[-79.001,53.2959],[-79.0444,53.289]]],[[[-9.7011,53.2856],[-9.69,53.3073],[-9.6394,53.2966],[-9.7011,53.2856]]],[[[-79.6572,53.3067],[-79.6826,53.3052],[-79.6789,53.3095],[-79.6572,53.3067]]],[[[-9.8673,53.3007],[-9.8558,53.3104],[-9.8458,53.2873],[-9.8673,53.3007]]],[[[-6.1477,53.3647],[-6.1259,53.3661],[-6.1857,53.3426],[-6.1477,53.3647]]],[[[-79.021,53.4074],[-78.997,53.4184],[-78.9914,53.4065],[-79.021,53.4074]]],[[[-79.1101,53.4533],[-79.1097,53.4353],[-79.154,53.4357],[-79.1101,53.4533]]],[[[-6.0277,53.4938],[-5.9991,53.4887],[-6.0107,53.4772],[-6.0277,53.4938]]],[[[-79.2445,53.5089],[-79.2494,53.5149],[-79.2148,53.5151],[-79.2445,53.5089]]],[[[6.5836,53.5481],[6.606,53.5478],[6.5857,53.5334],[6.5836,53.5481]]],[[[18.6032,59.0976],[18.624,59.1051],[18.6045,59.0791],[18.6032,59.0976]]],[[[18.7467,59.1113],[18.7402,59.0913],[18.7278,59.0986],[18.7467,59.1113]]],[[[10.4499,59.0941],[10.444,59.0627],[10.4216,59.0981],[10.4499,59.0941]]],[[[18.584,59.1341],[18.5926,59.126],[18.5703,59.1247],[18.584,59.1341]]],[[[-5.8201,59.1293],[-5.8438,59.1175],[-5.8294,59.1344],[-5.8201,59.1293]]],[[[18.6603,59.1882],[18.6301,59.1714],[18.6431,59.1861],[18.6603,59.1882]]],[[[5.8766,59.1845],[5.8402,59.1403],[5.7731,59.1543],[5.8766,59.1845]]],[[[10.5383,59.2131],[10.561,59.2157],[10.5606,59.2084],[10.5383,59.2131]]],[[[18.4054,59.2218],[18.4251,59.2198],[18.4274,59.2124],[18.4054,59.2218]]],[[[18.5878,59.2259],[18.6153,59.234],[18.6135,59.224],[18.5878,59.2259]]],[[[-80.619,59.23],[-80.6367,59.2366],[-80.6242,59.2636],[-80.619,59.23]]],[[[-80.4229,59.2578],[-80.4042,59.2724],[-80.4095,59.2593],[-80.4229,59.2578]]],[[[18.9216,59.2889],[18.922,59.2726],[18.8998,59.2876],[18.9216,59.2889]]],[[[-80.6292,59.2945],[-80.5848,59.3006],[-80.5745,59.2887],[-80.6292,59.2945]]],[[[18.874,59.313],[18.9008,59.3107],[18.8633,59.3048],[18.874,59.313]]],[[[4.9059,59.3115],[4.8886,59.2932],[4.857,59.3107],[4.9059,59.3115]]],[[[18.9077,59.3455],[18.8638,59.3215],[18.8779,59.3529],[18.9077,59.3455]]],[[[10.5383,59.3841],[10.5334,59.3666],[10.5117,59.3792],[10.5383,59.3841]]],[[[-80.2982,59.4074],[-80.2916,59.3916],[-80.3179,59.3788],[-80.2982,59.4074]]],[[[-80.2708,59.3915],[-80.2552,59.4141],[-80.2593,59.376],[-80.2708,59.3915]]],[[[18.3822,59.4065],[18.4307,59.3925],[18.3967,59.4151],[18.3822,59.4065]]],[[[19.0192,59.4145],[19.0197,59.4198],[19.0226,59.4174],[19.0192,59.4145]]],[[[18.9679,59.4174],[18.9406,59.4007],[18.9377,59.4162],[18.9679,59.4174]]],[[[18.3375,59.4221],[18.3041,59.435],[18.3294,59.4406],[18.3375,59.4221]]],[[[19.2124,59.4442],[19.2201,59.4449],[19.2208,59.4327],[19.2124,59.4442]]],[[[19.5125,59.4408],[19.4992,59.4458],[19.5095,59.448],[19.5125,59.4408]]],[[[18.7157,59.4623],[18.7117,59.4418],[18.6424,59.4403],[18.7157,59.4623]]],[[[18.8152,59.4829],[18.8244,59.4735],[18.7079,59.4703],[18.8152,59.4829]]],[[[-80.6326,59.4838],[-80.6743,59.461],[-80.656,59.4832],[-80.6326,59.4838]]],[[[19.1676,59.5021],[19.1762,59.504],[19.1618,59.492],[19.1676,59.5021]]],[[[-80.3006,59.5637],[-80.3387,59.5471],[-80.2965,59.5756],[-80.3006,59.5637]]],[[[19.0685,59.5795],[19.0575,59.5653],[19.0217,59.5727],[19.0685,59.5795]]],[[[19.1746,59.598],[19.1781,59.5906],[19.1409,59.5828],[19.1746,59.598]]],[[[19.2411,59.6007],[19.2459,59.609],[19.2556,59.6121],[19.2411,59.6007]]],[[[19.041,59.6378],[19.0204,59.6429],[19.035,59.6551],[19.041,59.6378]]],[[[19.1546,59.6516],[19.1236,59.6585],[19.145,59.6611],[19.1546,59.6516]]],[[[19.1908,59.6694],[19.197,59.6623],[19.1777,59.6593],[19.1908,59.6694]]],[[[19.1626,59.6763],[19.1639,59.6746],[19.1615,59.6752],[19.1626,59.6763]]],[[[18.8804,59.678],[18.8874,59.6573],[18.8445,59.6615],[18.8804,59.678]]],[[[19.4085,59.7093],[19.403,59.7037],[19.3952,59.7025],[19.4085,59.7093]]],[[[-77.6216,59.7186],[-77.6533,59.6958],[-77.6973,59.7093],[-77.6216,59.7186]]],[[[19.1352,59.7405],[19.1079,59.7547],[19.1468,59.7528],[19.1352,59.7405]]],[[[22.9369,59.7771],[22.9515,59.7668],[22.935,59.7704],[22.9369,59.7771]]],[[[21.3783,59.7827],[21.3722,59.774],[21.3657,59.7845],[21.3783,59.7827]]],[[[19.1913,59.7862],[19.1794,59.7614],[19.1578,59.7737],[19.1913,59.7862]]],[[[19.1043,59.79],[19.0945,59.7751],[19.0791,59.7779],[19.1043,59.79]]],[[[22.3338,59.8122],[22.3123,59.8091],[22.3196,59.8278],[22.3338,59.8122]]],[[[23.5649,59.8313],[23.5735,59.8189],[23.5533,59.8269],[23.5649,59.8313]]],[[[21.6205,59.8312],[21.568,59.8186],[21.5954,59.8318],[21.6205,59.8312]]],[[[19.9153,59.8394],[19.928,59.8405],[19.9221,59.8351],[19.9153,59.8394]]],[[[-77.3931,59.8542],[-77.3876,59.8378],[-77.4077,59.8469],[-77.3931,59.8542]]],[[[22.3958,59.859],[22.4011,59.8424],[22.3754,59.848],[22.3958,59.859]]],[[[22.0761,59.8613],[22.0971,59.8633],[22.0864,59.8574],[22.0761,59.8613]]],[[[19.1018,59.8293],[19.1134,59.8581],[19.1401,59.8603],[19.1018,59.8293]]],[[[27.1806,59.8625],[27.2193,59.8412],[27.1764,59.8414],[27.1806,59.8625]]],[[[21.9497,59.8625],[21.9616,59.8684],[21.959,59.8594],[21.9497,59.8625]]],[[[5.5723,59.818],[5.5891,59.873],[5.6158,59.8531],[5.5723,59.818]]],[[[-77.411,59.8688],[-77.4173,59.8536],[-77.4271,59.8615],[-77.411,59.8688]]],[[[22.1833,59.8761],[22.2055,59.8681],[22.1751,59.867],[22.1833,59.8761]]],[[[23.4228,59.8863],[23.4112,59.8668],[23.3612,59.8682],[23.4228,59.8863]]],[[[23.32,59.8909],[23.3185,59.8824],[23.2845,59.8894],[23.32,59.8909]]],[[[-79.864,59.8943],[-79.8826,59.8796],[-79.8875,59.8824],[-79.864,59.8943]]],[[[22.4731,59.883],[22.5316,59.8972],[22.4774,59.8753],[22.4731,59.883]]],[[[22.5427,59.908],[22.557,59.9068],[22.5457,59.8963],[22.5427,59.908]]],[[[21.46,59.9066],[21.4551,59.9113],[21.4668,59.9111],[21.46,59.9066]]],[[[23.123,59.9088],[23.11,59.8964],[23.0988,59.9114],[23.123,59.9088]]],[[[22.3845,59.9199],[22.3503,59.909],[22.3708,59.9242],[22.3845,59.9199]]],[[[-79.9474,59.9239],[-79.9153,59.9253],[-79.9409,59.9057],[-79.9474,59.9239]]],[[[21.7819,59.9306],[21.7972,59.9174],[21.7829,59.9153],[21.7819,59.9306]]],[[[22.4615,59.9339],[22.4685,59.9422],[22.4776,59.9173],[22.4615,59.9339]]],[[[22.5671,59.9528],[22.5866,59.9556],[22.5569,59.9442],[22.5671,59.9528]]],[[[21.6148,59.9494],[21.597,59.9553],[21.6068,59.9593],[21.6148,59.9494]]],[[[-79.8644,59.934],[-79.8979,59.9051],[-79.8857,59.9411],[-79.8644,59.934]]],[[[22.6382,59.954],[22.6433,59.9359],[22.5892,59.9588],[22.6382,59.954]]],[[[22.3646,59.9453],[22.3303,59.9483],[22.3504,59.9634],[22.3646,59.9453]]],[[[21.7808,59.9646],[21.7497,59.9449],[21.7567,59.9644],[21.7808,59.9646]]],[[[21.2891,59.9778],[21.3005,59.9747],[21.2944,59.9715],[21.2891,59.9778]]],[[[22.5038,59.9634],[22.5172,59.9861],[22.5568,59.9737],[22.5038,59.9634]]],[[[22.4229,59.928],[22.4134,59.9715],[22.4658,59.9762],[22.4229,59.928]]],[[[22.6107,59.9693],[22.6208,59.9907],[22.6493,59.9666],[22.6107,59.9693]]],[[[22.368,59.9855],[22.3386,59.9711],[22.3613,59.9977],[22.368,59.9855]]],[[[5.2035,60.0065],[5.1506,59.9667],[5.0975,59.9918],[5.2035,60.0065]]],[[[20.8649,60.0157],[20.8483,60.0226],[20.8633,60.026],[20.8649,60.0157]]],[[[20.002,60.0259],[19.9938,60.0068],[19.9592,60.0329],[20.002,60.0259]]],[[[21.458,60.0253],[21.4616,60.0351],[21.4712,60.0334],[21.458,60.0253]]],[[[28.3864,60.0223],[28.3749,60.0077],[28.3608,60.0348],[28.3864,60.0223]]],[[[-144.3706,60.0151],[-144.3916,59.9964],[-144.3948,60.0479],[-144.3706,60.0151]]],[[[22.9284,60.0051],[22.9325,60.045],[22.9734,60.0358],[22.9284,60.0051]]],[[[22.8021,60.0516],[22.8151,60.0473],[22.8109,60.0321],[22.8021,60.0516]]],[[[20.3922,60.0397],[20.3621,60.0382],[20.3743,60.0536],[20.3922,60.0397]]],[[[20.8195,60.0716],[20.794,60.0663],[20.8082,60.0769],[20.8195,60.0716]]],[[[21.3703,60.0693],[21.353,60.076],[21.3646,60.0794],[21.3703,60.0693]]],[[[20.3448,60.0862],[20.3524,60.073],[20.3287,60.0667],[20.3448,60.0862]]],[[[20.7297,60.0835],[20.7119,60.0827],[20.7345,60.0906],[20.7297,60.0835]]],[[[20.5021,60.1],[20.4955,60.1115],[20.5683,60.1059],[20.5021,60.1]]],[[[5.072,60.1422],[5.0668,60.1117],[5.0385,60.1167],[5.072,60.1422]]],[[[21.0726,60.1459],[21.0845,60.1358],[21.0711,60.132],[21.0726,60.1459]]],[[[25.0462,60.1545],[25.0728,60.1483],[25.0305,60.1332],[25.0462,60.1545]]],[[[22.1115,60.1536],[22.1341,60.1477],[22.1101,60.139],[22.1115,60.1536]]],[[[21.8836,60.1596],[21.8864,60.1353],[21.8327,60.1393],[21.8836,60.1596]]],[[[22.2664,60.159],[22.2814,60.1456],[22.2531,60.1299],[22.2664,60.159]]],[[[20.2822,60.1612],[20.3146,60.1528],[20.2982,60.1483],[20.2822,60.1612]]],[[[21.301,60.1681],[21.3163,60.1595],[21.2966,60.1489],[21.301,60.1681]]],[[[20.5669,60.1588],[20.5917,60.1697],[20.609,60.1622],[20.5669,60.1588]]],[[[5.3276,60.1765],[5.339,60.1434],[5.2881,60.1448],[5.3276,60.1765]]],[[[20.3415,60.1754],[20.3394,60.1605],[20.3177,60.1628],[20.3415,60.1754]]],[[[-132.9999,53.5465],[-132.9545,53.5259],[-132.9814,53.5221],[-132.9999,53.5465]]],[[[6.877,53.6515],[6.9218,53.642],[6.8937,53.6232],[6.877,53.6515]]],[[[-79.1566,53.7326],[-79.1511,53.7453],[-79.1351,53.7399],[-79.1566,53.7326]]],[[[-9.9667,53.8167],[-9.978,53.7923],[-10.0519,53.7934],[-9.9667,53.8167]]],[[[-168.0496,53.9372],[-168.037,53.9353],[-168.0298,53.9248],[-168.0496,53.9372]]],[[[-133.1689,53.9379],[-133.1806,53.9132],[-133.2036,53.9325],[-133.1689,53.9379]]],[[[-165.5126,54.0526],[-165.4956,54.036],[-165.5712,54.0375],[-165.5126,54.0526]]],[[[8.683,54.0661],[8.6861,54.0422],[8.6595,54.0596],[8.683,54.0661]]],[[[-79.5047,54.165],[-79.4831,54.1816],[-79.429,54.1792],[-79.5047,54.165]]],[[[-164.7999,54.2279],[-164.773,54.2095],[-164.883,54.1992],[-164.7999,54.2279]]],[[[-79.4127,54.2451],[-79.4662,54.2359],[-79.4356,54.2463],[-79.4127,54.2451]]],[[[-79.4148,54.2522],[-79.4138,54.2655],[-79.3824,54.2567],[-79.4148,54.2522]]],[[[-162.4794,54.3726],[-162.4764,54.3618],[-162.5131,54.3716],[-162.4794,54.3726]]],[[[-79.535,54.4096],[-79.5509,54.4181],[-79.5259,54.4151],[-79.535,54.4096]]],[[[-162.7707,54.3802],[-162.8562,54.4239],[-162.8365,54.4318],[-162.7707,54.3802]]],[[[-57.1538,54.4939],[-57.1118,54.4929],[-57.1807,54.4802],[-57.1538,54.4939]]],[[[-162.3618,54.6465],[-162.3749,54.6222],[-162.383,54.6347],[-162.3618,54.6465]]],[[[-162.8891,54.9075],[-162.8788,54.8931],[-162.8954,54.9014],[-162.8891,54.9075]]],[[[11.5485,54.985],[11.539,54.9476],[11.4979,54.9794],[11.5485,54.985]]],[[[-161.8812,55.0088],[-161.8803,54.9842],[-161.9176,55.0214],[-161.8812,55.0088]]],[[[-161.955,55.0705],[-161.9376,55.0408],[-161.969,55.0677],[-161.955,55.0705]]],[[[-163.4237,55.0843],[-163.3665,55.0942],[-163.4169,55.0569],[-163.4237,55.0843]]],[[[-161.5544,55.0834],[-161.6128,55.0693],[-161.6142,55.1173],[-161.5544,55.0834]]],[[[15.1913,55.3228],[15.1939,55.3197],[15.1932,55.3159],[15.1913,55.3228]]],[[[-162.9189,55.3191],[-162.8974,55.3213],[-162.9822,55.2573],[-162.9189,55.3191]]],[[[-162.7959,55.3852],[-162.6938,55.4062],[-162.8811,55.3323],[-162.7959,55.3852]]],[[[12.782,55.6276],[12.7437,55.6241],[12.7437,55.6623],[12.782,55.6276]]],[[[10.3202,55.7454],[10.238,55.7528],[10.3132,55.7884],[10.3202,55.7454]]],[[[12.7035,55.9183],[12.7031,55.8894],[12.6716,55.9128],[12.7035,55.9183]]],[[[-160.8168,55.9318],[-160.8093,55.905],[-160.937,55.8967],[-160.8168,55.9318]]],[[[14.8384,56.0195],[14.8548,56.0133],[14.8474,56.0006],[14.8384,56.0195]]],[[[-160.9279,56.0181],[-160.9352,56.0242],[-160.8902,56.0216],[-160.9279,56.0181]]],[[[-160.8393,56.0231],[-160.8289,56.0291],[-160.8114,56.0143],[-160.8393,56.0231]]],[[[15.7874,56.0289],[15.8098,56.0323],[15.7887,56.0124],[15.7874,56.0289]]],[[[14.9748,56.1228],[14.9739,56.1108],[14.9539,56.123],[14.9748,56.1228]]],[[[15.4875,56.1156],[15.4649,56.0958],[15.4375,56.1069],[15.4875,56.1156]]],[[[15.5577,56.1255],[15.5565,56.1002],[15.5154,56.106],[15.5577,56.1255]]],[[[15.6353,56.129],[15.6278,56.1035],[15.5937,56.1104],[15.6353,56.129]]],[[[15.7774,56.1291],[15.7563,56.1074],[15.7147,56.1326],[15.7774,56.1291]]],[[[15.3932,56.1488],[15.3932,56.1625],[15.4067,56.1555],[15.3932,56.1488]]],[[[-76.7624,56.1979],[-76.7497,56.2425],[-76.7265,56.2139],[-76.7624,56.1979]]],[[[-78.0157,56.3019],[-78.0505,56.2802],[-78.0809,56.2901],[-78.0157,56.3019]]],[[[-76.6719,56.3313],[-76.6798,56.2949],[-76.7494,56.2783],[-76.6719,56.3313]]],[[[-77.7725,56.3493],[-77.7621,56.3377],[-77.7805,56.3258],[-77.7725,56.3493]]],[[[-77.7347,56.3511],[-77.7545,56.3674],[-77.7467,56.3703],[-77.7347,56.3511]]],[[[-77.7845,56.3688],[-77.7745,56.3795],[-77.7637,56.3637],[-77.7845,56.3688]]],[[[-76.6325,56.4615],[-76.6488,56.4256],[-76.6815,56.4417],[-76.6325,56.4615]]],[[[-78.0471,56.5408],[-78.0581,56.541],[-78.0634,56.5465],[-78.0471,56.5408]]],[[[-78.1029,56.5735],[-78.0951,56.568],[-78.1202,56.5638],[-78.1029,56.5735]]],[[[-159.4246,56.6728],[-159.3787,56.6894],[-159.438,56.6634],[-159.4246,56.6728]]],[[[-78.3447,56.6994],[-78.3476,56.6909],[-78.4339,56.6997],[-78.3447,56.6994]]],[[[-159.3486,56.6949],[-159.3149,56.7097],[-159.3136,56.7052],[-159.3486,56.6949]]],[[[22.2619,60.1741],[22.1956,60.1704],[22.2097,60.1789],[22.2619,60.1741]]],[[[20.4173,60.1743],[20.4351,60.1641],[20.3936,60.1588],[20.4173,60.1743]]],[[[22.139,60.1955],[22.1395,60.1806],[22.0922,60.1706],[22.139,60.1955]]],[[[21.6398,60.2014],[21.6278,60.1853],[21.6014,60.2015],[21.6398,60.2014]]],[[[19.3263,60.2026],[19.3442,60.1996],[19.3386,60.1907],[19.3263,60.2026]]],[[[-77.7186,60.2038],[-77.635,60.1975],[-77.7036,60.1947],[-77.7186,60.2038]]],[[[18.5725,60.2129],[18.6253,60.1996],[18.5932,60.1889],[18.5725,60.2129]]],[[[18.553,60.1884],[18.4745,60.225],[18.5507,60.2099],[18.553,60.1884]]],[[[20.9959,60.2195],[21.0055,60.2242],[21.0028,60.2159],[20.9959,60.2195]]],[[[20.2815,60.1919],[20.2525,60.1881],[20.3172,60.2238],[20.2815,60.1919]]],[[[22.325,60.2055],[22.3346,60.2284],[22.3705,60.2266],[22.325,60.2055]]],[[[-144.9196,60.23],[-144.9398,60.2149],[-145.0523,60.2319],[-144.9196,60.23]]],[[[-144.8081,60.2214],[-144.7908,60.2145],[-144.8797,60.23],[-144.8081,60.2214]]],[[[-77.7124,60.2271],[-77.6726,60.2217],[-77.6811,60.2095],[-77.7124,60.2271]]],[[[20.7313,60.2512],[20.7466,60.228],[20.735,60.2195],[20.7313,60.2512]]],[[[22.0826,60.2375],[22.0449,60.2425],[22.0759,60.2521],[22.0826,60.2375]]],[[[-145.1435,60.24],[-145.1489,60.2282],[-145.216,60.2549],[-145.1435,60.24]]],[[[21.7646,60.2606],[21.7852,60.2528],[21.7527,60.2449],[21.7646,60.2606]]],[[[21.691,60.2554],[21.6956,60.262],[21.7166,60.263],[21.691,60.2554]]],[[[-77.6409,60.2517],[-77.636,60.269],[-77.6113,60.2598],[-77.6409,60.2517]]],[[[19.5016,60.2332],[19.4827,60.2693],[19.5326,60.264],[19.5016,60.2332]]],[[[-145.2783,60.2512],[-145.2818,60.2391],[-145.3871,60.2761],[-145.2783,60.2512]]],[[[18.6213,60.268],[18.6001,60.2729],[18.6203,60.2828],[18.6213,60.268]]],[[[27.3012,60.2876],[27.3183,60.286],[27.3102,60.2773],[27.3012,60.2876]]],[[[21.3845,60.2835],[21.4469,60.2836],[21.3858,60.2686],[21.3845,60.2835]]],[[[21.6449,60.2985],[21.6717,60.2834],[21.6327,60.2849],[21.6449,60.2985]]],[[[21.8442,60.2834],[21.8148,60.2976],[21.8545,60.2924],[21.8442,60.2834]]],[[[20.501,60.277],[20.498,60.3014],[20.5164,60.2843],[20.501,60.277]]],[[[21.721,60.3029],[21.7261,60.2912],[21.7023,60.2969],[21.721,60.3029]]],[[[21.564,60.2872],[21.521,60.2895],[21.5551,60.3037],[21.564,60.2872]]],[[[21.0435,60.3062],[21.0587,60.2981],[21.0418,60.2969],[21.0435,60.3062]]],[[[20.3703,60.3065],[20.4019,60.3037],[20.4048,60.2738],[20.3703,60.3065]]],[[[20.9997,60.3325],[20.9928,60.3006],[20.9706,60.3061],[20.9997,60.3325]]],[[[20.9104,60.3265],[20.9247,60.3445],[20.9355,60.313],[20.9104,60.3265]]],[[[20.4064,60.3347],[20.3936,60.3476],[20.4221,60.3425],[20.4064,60.3347]]],[[[26.1919,60.3192],[26.1735,60.3486],[26.2412,60.3236],[26.1919,60.3192]]],[[[-145.5006,60.3042],[-145.5805,60.3083],[-145.6106,60.3518],[-145.5006,60.3042]]],[[[-145.7458,60.3574],[-145.7366,60.3575],[-145.7368,60.3565],[-145.7458,60.3574]]],[[[20.38,60.3365],[20.3381,60.3554],[20.3861,60.3496],[20.38,60.3365]]],[[[21.1499,60.3563],[21.1642,60.3532],[21.1436,60.3404],[21.1499,60.3563]]],[[[20.3024,60.3334],[20.2975,60.3491],[20.3338,60.3593],[20.3024,60.3334]]],[[[21.7109,60.3414],[21.6428,60.3581],[21.6805,60.3612],[21.7109,60.3414]]],[[[19.5884,60.3598],[19.6161,60.3664],[19.5934,60.3297],[19.5884,60.3598]]],[[[21.0801,60.3465],[21.0679,60.3402],[21.0526,60.3665],[21.0801,60.3465]]],[[[26.7739,60.3446],[26.7438,60.3646],[26.7839,60.3621],[26.7739,60.3446]]],[[[20.6932,60.3646],[20.7026,60.3692],[20.7008,60.3596],[20.6932,60.3646]]],[[[-145.815,60.3712],[-145.8129,60.374],[-145.8085,60.3702],[-145.815,60.3712]]],[[[21.7829,60.3714],[21.7286,60.3713],[21.7852,60.3785],[21.7829,60.3714]]],[[[19.7059,60.3714],[19.7066,60.358],[19.6856,60.366],[19.7059,60.3714]]],[[[21.6675,60.3702],[21.6633,60.382],[21.6987,60.3647],[21.6675,60.3702]]],[[[20.9219,60.3677],[20.9055,60.3716],[20.9118,60.3845],[20.9219,60.3677]]],[[[20.8707,60.3793],[20.8742,60.342],[20.857,60.369],[20.8707,60.3793]]],[[[21.4671,60.3835],[21.4894,60.3835],[21.4716,60.3579],[21.4671,60.3835]]],[[[-145.8719,60.3878],[-145.8589,60.3821],[-145.8956,60.3909],[-145.8719,60.3878]]],[[[19.7357,60.4002],[19.7369,60.377],[19.707,60.377],[19.7357,60.4002]]],[[[20.1044,60.4046],[20.0991,60.3821],[20.0742,60.3907],[20.1044,60.4046]]],[[[21.3558,60.3935],[21.3999,60.3974],[21.4051,60.3738],[21.3558,60.3935]]],[[[20.7718,60.3872],[20.7688,60.4099],[20.7857,60.3824],[20.7718,60.3872]]],[[[27.0633,60.4048],[27.0642,60.3758],[27.0204,60.4068],[27.0633,60.4048]]],[[[20.8508,60.4013],[20.8324,60.4169],[20.8441,60.4187],[20.8508,60.4013]]],[[[20.6161,60.4189],[20.6208,60.397],[20.6001,60.4045],[20.6161,60.4189]]],[[[21.0313,60.4042],[21.0469,60.4247],[21.0638,60.4102],[21.0313,60.4042]]],[[[21.4132,60.4013],[21.4215,60.4278],[21.4365,60.4041],[21.4132,60.4013]]],[[[21.2195,60.423],[21.2266,60.4002],[21.2041,60.3968],[21.2195,60.423]]],[[[20.9938,60.43],[20.991,60.4057],[20.9727,60.4217],[20.9938,60.43]]],[[[20.2648,60.4311],[20.2695,60.4253],[20.2564,60.4186],[20.2648,60.4311]]],[[[21.7167,60.4257],[21.6914,60.4171],[21.6782,60.4482],[21.7167,60.4257]]],[[[21.6363,60.4258],[21.5992,60.4098],[21.6219,60.4519],[21.6363,60.4258]]],[[[28.4434,60.4491],[28.4909,60.4409],[28.5333,60.3546],[28.4434,60.4491]]],[[[21.6434,60.4621],[21.648,60.4776],[21.6737,60.4695],[21.6434,60.4621]]],[[[20.9378,60.4781],[20.9579,60.4845],[20.9429,60.4388],[20.9378,60.4781]]],[[[27.805,60.4921],[27.8465,60.4854],[27.8176,60.4723],[27.805,60.4921]]],[[[21.0669,60.4959],[21.0625,60.4844],[21.035,60.5013],[21.0669,60.4959]]],[[[21.5372,60.4898],[21.5239,60.5132],[21.5721,60.5155],[21.5372,60.4898]]],[[[18.3722,60.517],[18.3993,60.5316],[18.4137,60.5148],[18.3722,60.517]]],[[[28.6022,60.4969],[28.5736,60.5333],[28.6956,60.4703],[28.6022,60.4969]]],[[[20.8998,60.5163],[20.8696,60.5322],[20.8905,60.5331],[20.8998,60.5163]]],[[[21.0441,60.5286],[21.0832,60.5341],[21.0986,60.5155],[21.0441,60.5286]]],[[[21.048,60.5491],[21.0303,60.5524],[21.0599,60.5572],[21.048,60.5491]]],[[[4.9201,60.5099],[4.8416,60.5401],[4.8809,60.5611],[4.9201,60.5099]]],[[[-77.8889,60.5856],[-77.8623,60.5766],[-77.883,60.5735],[-77.8889,60.5856]]],[[[28.5296,60.6269],[28.5185,60.6504],[28.5539,60.6227],[28.5296,60.6269]]],[[[21.2922,60.7188],[21.3197,60.7099],[21.2874,60.7096],[21.2922,60.7188]]],[[[21.0058,60.7268],[21.0288,60.7321],[21.0164,60.7165],[21.0058,60.7268]]],[[[-77.8972,60.755],[-77.9233,60.7469],[-77.9031,60.7606],[-77.8972,60.755]]],[[[21.2639,60.7683],[21.2787,60.7599],[21.2552,60.7574],[21.2639,60.7683]]],[[[21.3675,60.7585],[21.3535,60.7441],[21.3278,60.7636],[21.3675,60.7585]]],[[[21.3005,60.7689],[21.2896,60.762],[21.2718,60.7711],[21.3005,60.7689]]],[[[-78.177,60.7556],[-78.1217,60.7873],[-78.0816,60.7774],[-78.177,60.7556]]],[[[4.7383,60.7731],[4.7024,60.7501],[4.6856,60.7869],[4.7383,60.7731]]],[[[17.3377,60.7981],[17.3342,60.7863],[17.2993,60.7956],[17.3377,60.7981]]],[[[21.1705,60.7884],[21.1382,60.7866],[21.1297,60.8013],[21.1705,60.7884]]],[[[21.2751,60.8059],[21.2425,60.8105],[21.2697,60.819],[21.2751,60.8059]]],[[[21.3065,60.819],[21.3303,60.8198],[21.3285,60.8124],[21.3065,60.819]]],[[[21.2975,60.8335],[21.3141,60.8282],[21.2935,60.8214],[21.2975,60.8335]]],[[[21.0236,60.8464],[21.0321,60.8343],[21.004,60.847],[21.0236,60.8464]]],[[[-146.8031,60.899],[-146.7752,60.8867],[-146.8165,60.8919],[-146.8031,60.899]]],[[[5.0322,60.8536],[4.9736,60.8551],[4.9569,60.9411],[5.0322,60.8536]]],[[[21.1904,60.9894],[21.1745,60.9945],[21.1857,60.9975],[21.1904,60.9894]]],[[[21.3366,60.9999],[21.3323,60.9966],[21.3315,61.0017],[21.3366,60.9999]]],[[[17.2445,61.0503],[17.2489,61.0262],[17.2064,61.0317],[17.2445,61.0503]]],[[[21.3687,61.1339],[21.362,61.1356],[21.3669,61.1415],[21.3687,61.1339]]],[[[5.0741,61.1319],[5.0246,61.1144],[5.0077,61.1636],[5.0741,61.1319]]],[[[17.3092,61.1488],[17.3047,61.1649],[17.3321,61.1694],[17.3092,61.1488]]],[[[21.4503,61.2052],[21.4422,61.1943],[21.4131,61.2082],[21.4503,61.2052]]],[[[4.6948,61.2914],[4.7166,61.3196],[4.78,61.2881],[4.6948,61.2914]]],[[[21.4829,61.3452],[21.4933,61.3547],[21.5116,61.3428],[21.4829,61.3452]]],[[[4.8533,61.3609],[4.832,61.3349],[4.8238,61.3488],[4.8533,61.3609]]],[[[21.3604,61.4827],[21.339,61.4744],[21.3516,61.4852],[21.3604,61.4827]]],[[[4.9271,61.5163],[4.9299,61.5406],[4.9955,61.51],[4.9271,61.5163]]],[[[17.4248,61.5557],[17.4492,61.5373],[17.3616,61.5503],[17.4248,61.5557]]],[[[17.2966,61.5605],[17.2612,61.5617],[17.2715,61.5772],[17.2966,61.5605]]],[[[21.4103,61.6317],[21.4399,61.6352],[21.4486,61.6079],[21.4103,61.6317]]],[[[4.7918,61.5846],[4.8433,61.6442],[4.9017,61.596],[4.7918,61.5846]]],[[[17.5252,61.7287],[17.5562,61.7244],[17.5331,61.7142],[17.5252,61.7287]]],[[[4.871,61.7894],[4.8447,61.7468],[4.793,61.7911],[4.871,61.7894]]],[[[17.4799,61.9595],[17.4885,61.9465],[17.4756,61.9516],[17.4799,61.9595]]],[[[17.5352,61.9551],[17.515,61.9483],[17.4925,61.9619],[17.5352,61.9551]]],[[[-165.9879,61.9513],[-165.9839,61.8714],[-166.0073,61.8979],[-165.9879,61.9513]]],[[[17.7283,62.2263],[17.6965,62.186],[17.6894,62.2213],[17.7283,62.2263]]],[[[5.4767,62.2471],[5.3913,62.2569],[5.4715,62.2664],[5.4767,62.2471]]],[[[5.9457,62.463],[5.968,62.4915],[6.0472,62.4854],[5.9457,62.463]]],[[[17.8905,62.5083],[17.8881,62.5102],[17.8947,62.5123],[17.8905,62.5083]]],[[[-164.9309,62.5642],[-164.9189,62.55],[-164.9561,62.5586],[-164.9309,62.5642]]],[[[-164.8743,62.5569],[-164.9145,62.552],[-164.8951,62.5687],[-164.8743,62.5569]]],[[[21.0812,62.5776],[21.0881,62.5297],[21.0545,62.5445],[21.0812,62.5776]]],[[[6.1279,62.5683],[6.1349,62.5313],[6.0185,62.5366],[6.1279,62.5683]]],[[[-165.0334,62.6139],[-165.0004,62.6132],[-165.0168,62.6059],[-165.0334,62.6139]]],[[[-164.9077,62.6301],[-164.9051,62.6014],[-164.9462,62.6301],[-164.9077,62.6301]]],[[[-164.8515,62.6195],[-164.8733,62.6264],[-164.8747,62.6439],[-164.8515,62.6195]]],[[[18.0764,62.6664],[18.0898,62.6409],[18.0086,62.6614],[18.0764,62.6664]]],[[[21.0723,62.7062],[21.0533,62.7435],[21.0901,62.7286],[21.0723,62.7062]]],[[[18.2163,62.7796],[18.239,62.7762],[18.1999,62.7533],[18.2163,62.7796]]],[[[17.9668,62.773],[18.0259,62.7694],[17.9966,62.7537],[17.9668,62.773]]],[[[6.4475,62.7284],[6.4103,62.7656],[6.4749,62.7888],[6.4475,62.7284]]],[[[18.2996,62.8381],[18.3018,62.8448],[18.3032,62.8324],[18.2996,62.8381]]],[[[21.1371,62.8316],[21.1661,62.8711],[21.2206,62.8559],[21.1371,62.8316]]],[[[17.8991,62.9056],[17.886,62.8915],[17.875,62.8961],[17.8991,62.9056]]],[[[21.2175,62.8749],[21.1745,62.9236],[21.236,62.8922],[21.2175,62.8749]]],[[[21.0915,62.9154],[21.0851,62.9234],[21.0947,62.9272],[21.0915,62.9154]]],[[[20.9491,62.9645],[20.9583,62.9652],[20.9618,62.9589],[20.9491,62.9645]]],[[[20.8442,62.9783],[20.8337,62.9655],[20.8328,62.9789],[20.8442,62.9783]]],[[[18.6519,63.0174],[18.6562,62.9903],[18.626,62.9746],[18.6519,63.0174]]],[[[21.2072,63.0241],[21.2478,62.9844],[21.1976,62.9972],[21.2072,63.0241]]],[[[18.5442,63.0579],[18.5443,63.0301],[18.4981,63.0198],[18.5442,63.0579]]],[[[-164.5123,63.0442],[-164.4473,63.0678],[-164.3826,63.0327],[-164.5123,63.0442]]],[[[18.6252,63.0639],[18.6079,63.0736],[18.6292,63.0763],[18.6252,63.0639]]],[[[18.7331,63.0843],[18.7348,63.062],[18.7262,63.0721],[18.7331,63.0843]]],[[[-164.5901,63.0851],[-164.6429,63.0782],[-164.6114,63.1073],[-164.5901,63.0851]]],[[[20.8005,63.1203],[20.8151,63.1092],[20.7961,63.1003],[20.8005,63.1203]]],[[[18.7614,63.1225],[18.7618,63.1308],[18.7692,63.1267],[18.7614,63.1225]]],[[[18.7803,63.1451],[18.8138,63.1369],[18.7844,63.1332],[18.7803,63.1451]]],[[[18.6824,63.1419],[18.6567,63.1383],[18.6663,63.1527],[18.6824,63.1419]]],[[[18.8308,63.1514],[18.8649,63.1587],[18.8438,63.147],[18.8308,63.1514]]],[[[18.8843,63.1939],[18.9059,63.1894],[18.8932,63.1849],[18.8843,63.1939]]],[[[20.6597,63.2392],[20.6633,63.2453],[20.6787,63.2486],[20.6597,63.2392]]],[[[19.1718,63.2794],[19.1833,63.268],[19.1599,63.2774],[19.1718,63.2794]]],[[[-20.6118,63.3109],[-20.596,63.2993],[-20.6169,63.2969],[-20.6118,63.3109]]],[[[21.6859,63.3159],[21.6765,63.2555],[21.6383,63.2666],[21.6859,63.3159]]],[[[21.7802,63.2897],[21.7303,63.2799],[21.6891,63.3282],[21.7802,63.2897]]],[[[21.6584,63.3869],[21.6432,63.3975],[21.6886,63.3876],[21.6584,63.3869]]],[[[21.0609,63.4242],[21.093,63.4242],[21.0813,63.4156],[21.0609,63.4242]]],[[[19.405,63.4494],[19.4151,63.4526],[19.4064,63.4398],[19.405,63.4494]]],[[[21.8209,63.4563],[21.8289,63.4342],[21.7871,63.4553],[21.8209,63.4563]]],[[[19.5004,63.4604],[19.5339,63.4464],[19.5109,63.4412],[19.5004,63.4604]]],[[[19.885,63.4856],[19.8975,63.4902],[19.9015,63.4759],[19.885,63.4856]]],[[[19.8819,63.5566],[19.876,63.5314],[19.8698,63.5455],[19.8819,63.5566]]],[[[22.4475,63.5589],[22.4477,63.5408],[22.4229,63.5778],[22.4475,63.5589]]],[[[8.3672,63.5775],[8.4122,63.5961],[8.4391,63.5721],[8.3672,63.5775]]],[[[20.786,63.6185],[20.7817,63.5996],[20.7494,63.5979],[20.786,63.6185]]],[[[22.3884,63.6168],[22.3926,63.5897],[22.3593,63.6086],[22.3884,63.6168]]],[[[20.271,63.6609],[20.2748,63.6485],[20.2583,63.6612],[20.271,63.6609]]],[[[9.0412,63.6663],[9.0457,63.6824],[9.1148,63.6752],[9.0412,63.6663]]],[[[9.3797,63.6515],[9.4129,63.6903],[9.4577,63.6484],[9.3797,63.6515]]],[[[22.8202,63.7307],[22.8168,63.7145],[22.7951,63.7221],[22.8202,63.7307]]],[[[8.9075,63.7272],[8.8789,63.7145],[8.8614,63.735],[8.9075,63.7272]]],[[[20.5679,63.7414],[20.5793,63.722],[20.562,63.7307],[20.5679,63.7414]]],[[[22.627,63.7792],[22.6489,63.7669],[22.5897,63.7598],[22.627,63.7792]]],[[[22.5676,63.7714],[22.5488,63.7512],[22.5547,63.7824],[22.5676,63.7714]]],[[[-17.0548,63.7849],[-17.0073,63.7819],[-17.1042,63.7837],[-17.0548,63.7849]]],[[[-17.2427,63.7868],[-17.2221,63.7829],[-17.3029,63.7805],[-17.2427,63.7868]]],[[[-17.1631,63.7851],[-17.1335,63.7843],[-17.145,63.7824],[-17.1631,63.7851]]],[[[-16.8112,63.7923],[-16.9073,63.7824],[-16.8607,63.7935],[-16.8112,63.7923]]],[[[20.5782,63.7932],[20.5836,63.7808],[20.5677,63.7749],[20.5782,63.7932]]],[[[-16.7439,63.793],[-16.7009,63.7954],[-16.7712,63.789],[-16.7439,63.793]]],[[[-16.689,63.7959],[-16.6945,63.7952],[-16.6916,63.796],[-16.689,63.7959]]],[[[8.6817,63.7962],[8.6785,63.7803],[8.6148,63.7717],[8.6817,63.7962]]],[[[-16.6778,63.7998],[-16.6501,63.8034],[-16.6422,63.8011],[-16.6778,63.7998]]],[[[20.6969,63.8039],[20.7093,63.8109],[20.6955,63.7978],[20.6969,63.8039]]],[[[21.0165,63.8048],[20.9996,63.8011],[21.0153,63.8142],[21.0165,63.8048]]],[[[11.2183,63.8148],[10.9994,63.7465],[11.0468,63.796],[11.2183,63.8148]]],[[[22.6196,63.801],[22.6078,63.7888],[22.5914,63.8106],[22.6196,63.801]]],[[[-16.982,63.8137],[-16.9739,63.8083],[-16.9792,63.7983],[-16.982,63.8137]]],[[[-16.644,63.8139],[-16.6137,63.8212],[-16.6381,63.8065],[-16.644,63.8139]]],[[[9.3849,63.8134],[9.4404,63.8165],[9.3871,63.7867],[9.3849,63.8134]]],[[[22.6449,63.8326],[22.65,63.8095],[22.6388,63.8144],[22.6449,63.8326]]],[[[22.9815,63.8372],[22.995,63.8365],[22.9861,63.8316],[22.9815,63.8372]]],[[[8.4533,63.8373],[8.4981,63.8511],[8.4871,63.8303],[8.4533,63.8373]]],[[[22.8251,63.8625],[22.8207,63.8698],[22.839,63.8615],[22.8251,63.8625]]],[[[22.765,63.8599],[22.7551,63.874],[22.7782,63.869],[22.765,63.8599]]],[[[-16.5485,63.8724],[-16.5941,63.8382],[-16.5995,63.8402],[-16.5485,63.8724]]],[[[22.7999,63.921],[22.8207,63.9127],[22.7961,63.9151],[22.7999,63.921]]],[[[22.7805,63.9188],[22.7778,63.9122],[22.7479,63.9214],[22.7805,63.9188]]],[[[23.2945,63.9484],[23.3101,63.9462],[23.3019,63.935],[23.2945,63.9484]]],[[[23.2144,63.9434],[23.2081,63.9324],[23.1886,63.9503],[23.2144,63.9434]]],[[[9.1261,63.9773],[9.1012,63.9831],[9.133,63.9962],[9.1261,63.9773]]],[[[36.7595,64.0188],[36.7669,64.0585],[36.7855,64.0456],[36.7595,64.0188]]],[[[9.988,64.0793],[10.0068,64.0397],[9.932,64.0608],[9.988,64.0793]]],[[[23.5258,64.0858],[23.53,64.0762],[23.5132,64.0841],[23.5258,64.0858]]],[[[23.5445,64.0856],[23.5469,64.0684],[23.5337,64.0834],[23.5445,64.0856]]],[[[23.4025,64.0881],[23.4064,64.0923],[23.4121,64.087],[23.4025,64.0881]]],[[[23.6281,64.1561],[23.6517,64.1439],[23.6314,64.1493],[23.6281,64.1561]]],[[[9.3924,64.1723],[9.3728,64.1741],[9.3836,64.1785],[9.3924,64.1723]]],[[[-21.8537,64.1704],[-21.8328,64.1597],[-21.8587,64.1641],[-21.8537,64.1704]]],[[[23.6758,64.1872],[23.6881,64.1804],[23.6756,64.1821],[23.6758,64.1872]]],[[[21.1289,64.1872],[21.1107,64.1942],[21.1221,64.1946],[21.1289,64.1872]]],[[[23.5586,64.1942],[23.5679,64.1954],[23.5732,64.1887],[23.5586,64.1942]]],[[[23.6688,64.1848],[23.6831,64.1752],[23.6681,64.1742],[23.6688,64.1848]]],[[[23.645,64.2028],[23.6498,64.1848],[23.5977,64.1844],[23.645,64.2028]]],[[[23.6443,64.2049],[23.6385,64.2138],[23.6493,64.2091],[23.6443,64.2049]]],[[[23.6834,64.224],[23.6862,64.2172],[23.6822,64.2192],[23.6834,64.224]]],[[[23.6483,64.2368],[23.6548,64.2294],[23.6462,64.2314],[23.6483,64.2368]]],[[[36.5746,64.2201],[36.6973,64.2163],[36.6185,64.191],[36.5746,64.2201]]],[[[23.5194,64.3098],[23.509,64.3086],[23.5156,64.315],[23.5194,64.3098]]],[[[-166.1971,64.4942],[-166.2169,64.4726],[-166.2342,64.4923],[-166.1971,64.4942]]],[[[24.2504,64.5037],[24.2686,64.5037],[24.2656,64.5],[24.2504,64.5037]]],[[[-22.3371,64.5312],[-22.3628,64.5137],[-22.3725,64.5268],[-22.3371,64.5312]]],[[[10.8254,64.5155],[10.7731,64.5345],[10.7909,64.5436],[10.8254,64.5155]]],[[[21.5111,64.5921],[21.5025,64.5937],[21.5004,64.6013],[21.5111,64.5921]]],[[[-14.1513,64.5965],[-14.1896,64.5916],[-14.1832,64.6019],[-14.1513,64.5965]]],[[[35.6751,64.6169],[35.6608,64.6137],[35.6467,64.6299],[35.6751,64.6169]]],[[[24.3784,64.6389],[24.3818,64.642],[24.384,64.6352],[24.3784,64.6389]]],[[[24.3982,64.6793],[24.4093,64.6793],[24.4014,64.6713],[24.3982,64.6793]]],[[[24.3758,64.6818],[24.3816,64.6857],[24.3852,64.6834],[24.3758,64.6818]]],[[[35.5751,64.6667],[35.5082,64.6856],[35.5582,64.6893],[35.5751,64.6667]]],[[[24.4352,64.7005],[24.4536,64.698],[24.433,64.6954],[24.4352,64.7005]]],[[[34.9994,64.7061],[34.987,64.6984],[34.9733,64.7054],[34.9994,64.7061]]],[[[24.3871,64.7089],[24.3871,64.7114],[24.3931,64.7097],[24.3871,64.7089]]],[[[21.1239,64.703],[21.1375,64.7138],[21.2083,64.6765],[21.1239,64.703]]],[[[-22.3902,64.7351],[-22.4157,64.7315],[-22.4644,64.7677],[-22.3902,64.7351]]],[[[10.7152,64.8252],[10.7273,64.8151],[10.6996,64.816],[10.7152,64.8252]]],[[[24.6953,64.8588],[24.7058,64.8657],[24.6985,64.856],[24.6953,64.8588]]],[[[-172.6273,64.8644],[-172.617,64.8814],[-172.52,64.903],[-172.6273,64.8644]]],[[[21.2684,64.8808],[21.2595,64.9065],[21.2997,64.8791],[21.2684,64.8808]]],[[[24.7675,64.9348],[24.7835,64.9276],[24.7506,64.921],[24.7675,64.9348]]],[[[35.1345,64.9447],[35.1487,64.9202],[35.1001,64.932],[35.1345,64.9447]]],[[[35.1518,64.9534],[35.1737,64.9417],[35.1524,64.9405],[35.1518,64.9534]]],[[[34.9994,64.9678],[35.0127,64.9612],[34.9925,64.9564],[34.9994,64.9678]]],[[[35.6465,64.955],[35.6393,64.9674],[35.6611,64.9604],[35.6465,64.955]]],[[[35.6652,64.9617],[35.6597,64.9734],[35.6924,64.972],[35.6652,64.9617]]],[[[34.8185,64.989],[34.8352,64.9803],[34.8023,64.9752],[34.8185,64.989]]],[[[10.9319,64.9685],[10.7321,64.9649],[10.8578,64.998],[10.9319,64.9685]]],[[[25.3053,65.0012],[25.3158,64.9945],[25.2837,65.0001],[25.3053,65.0012]]],[[[-22.4363,65.0825],[-22.5217,65.0686],[-22.5171,65.0817],[-22.4363,65.0825]]],[[[25.3407,65.1002],[25.3301,65.0797],[25.3123,65.0858],[25.3407,65.1002]]],[[[21.5679,65.0975],[21.6064,65.0867],[21.5696,65.0836],[21.5679,65.0975]]],[[[25.2326,65.1042],[25.2384,65.0881],[25.1951,65.0959],[25.2326,65.1042]]],[[[25.1921,65.1121],[25.1407,65.0992],[25.1606,65.1138],[25.1921,65.1121]]],[[[-22.5994,65.1269],[-22.5874,65.1101],[-22.6151,65.1061],[-22.5994,65.1269]]],[[[-22.7104,65.1253],[-22.7002,65.1268],[-22.7091,65.1216],[-22.7104,65.1253]]],[[[-22.5477,65.134],[-22.5594,65.1216],[-22.5794,65.1332],[-22.5477,65.134]]],[[[25.1275,65.1397],[25.1353,65.1329],[25.1221,65.1303],[25.1275,65.1397]]],[[[21.7113,65.1256],[21.7088,65.1446],[21.7368,65.1332],[21.7113,65.1256]]],[[[21.6638,65.1356],[21.6678,65.1518],[21.6939,65.1345],[21.6638,65.1356]]],[[[-22.6702,65.1555],[-22.673,65.1427],[-22.6873,65.149],[-22.6702,65.1555]]],[[[-22.6091,65.1827],[-22.6391,65.1619],[-22.6631,65.1633],[-22.6091,65.1827]]],[[[21.9505,65.1864],[21.9504,65.1802],[21.9185,65.1861],[21.9505,65.1864]]],[[[21.875,65.2021],[21.9097,65.1802],[21.8729,65.1953],[21.875,65.2021]]],[[[21.848,65.2052],[21.7635,65.2322],[21.8099,65.2334],[21.848,65.2052]]],[[[12.0373,65.2196],[11.9631,65.2161],[11.9989,65.2405],[12.0373,65.2196]]],[[[24.9094,65.2443],[24.9165,65.2427],[24.9195,65.2387],[24.9094,65.2443]]],[[[25.2171,65.2624],[25.1961,65.2604],[25.2026,65.2671],[25.2171,65.2624]]],[[[-22.8483,65.274],[-22.8336,65.2752],[-22.8593,65.268],[-22.8483,65.274]]],[[[21.933,65.2784],[21.9418,65.2789],[21.9474,65.2726],[21.933,65.2784]]],[[[21.8533,65.2608],[21.7774,65.2568],[21.7508,65.2847],[21.8533,65.2608]]],[[[22.3731,65.3112],[22.3534,65.318],[22.375,65.3188],[22.3731,65.3112]]],[[[21.7611,65.3344],[21.8154,65.314],[21.7653,65.32],[21.7611,65.3344]]],[[[25.2855,65.3341],[25.2609,65.3253],[25.2388,65.332],[25.2855,65.3341]]],[[[21.911,65.3437],[21.8779,65.3489],[21.8947,65.3527],[21.911,65.3437]]],[[[22.4583,65.362],[22.4788,65.3568],[22.4427,65.3524],[22.4583,65.362]]],[[[-22.921,65.3758],[-22.9041,65.378],[-22.924,65.3708],[-22.921,65.3758]]],[[[-22.8204,65.3758],[-22.8026,65.3808],[-22.8206,65.3671],[-22.8204,65.3758]]],[[[22.4512,65.3848],[22.4627,65.3905],[22.4785,65.3782],[22.4512,65.3848]]],[[[24.8168,65.3892],[24.8463,65.391],[24.8211,65.3752],[24.8168,65.3892]]],[[[21.672,65.3803],[21.7528,65.3893],[21.8249,65.3483],[21.672,65.3803]]],[[[21.8172,65.3797],[21.7917,65.3911],[21.8386,65.3777],[21.8172,65.3797]]],[[[22.4325,65.3603],[22.3752,65.3951],[22.4373,65.3691],[22.4325,65.3603]]],[[[21.9961,65.3733],[21.993,65.3966],[22.0256,65.3723],[21.9961,65.3733]]],[[[22.5064,65.412],[22.5285,65.3986],[22.5018,65.4],[22.5064,65.412]]],[[[22.0516,65.3963],[22.0384,65.4116],[22.0687,65.4072],[22.0516,65.3963]]],[[[24.9994,65.4256],[25.0206,65.4171],[24.9924,65.4084],[24.9994,65.4256]]],[[[25.3252,65.4225],[25.3276,65.4286],[25.3356,65.4197],[25.3252,65.4225]]],[[[22.111,65.4367],[22.1305,65.4293],[22.1229,65.4181],[22.111,65.4367]]],[[[-22.6306,65.4412],[-22.6549,65.4406],[-22.6251,65.4492],[-22.6306,65.4412]]],[[[22.6065,65.4585],[22.6305,65.4539],[22.5968,65.4512],[22.6065,65.4585]]],[[[-22.102,65.4642],[-22.0884,65.4675],[-22.0985,65.4584],[-22.102,65.4642]]],[[[-23.148,65.4679],[-23.1408,65.4671],[-23.1605,65.4612],[-23.148,65.4679]]],[[[22.6522,65.4636],[22.6362,65.4739],[22.6522,65.4736],[22.6522,65.4636]]],[[[12.1557,65.4733],[12.1041,65.3904],[12.0472,65.4041],[12.1557,65.4733]]],[[[22.7432,65.4893],[22.7388,65.4717],[22.7081,65.4737],[22.7432,65.4893]]],[[[22.0664,65.4865],[22.0727,65.4946],[22.0842,65.4822],[22.0664,65.4865]]],[[[21.9893,65.5008],[22.03,65.5021],[22.0098,65.4933],[21.9893,65.5008]]],[[[22.5566,65.5011],[22.5682,65.4746],[22.5017,65.4905],[22.5566,65.5011]]],[[[22.7138,65.4943],[22.6685,65.5082],[22.6923,65.508],[22.7138,65.4943]]],[[[22.0829,65.4975],[22.0845,65.5152],[22.1188,65.5026],[22.0829,65.4975]]],[[[22.7155,65.5307],[22.7235,65.5177],[22.7024,65.5172],[22.7155,65.5307]]],[[[23.5547,65.5309],[23.5574,65.5203],[23.5353,65.5255],[23.5547,65.5309]]],[[[22.3552,65.5267],[22.3287,65.5393],[22.3639,65.5119],[22.3552,65.5267]]],[[[22.4111,65.5373],[22.4159,65.5436],[22.4259,65.5381],[22.4111,65.5373]]],[[[22.7891,65.5272],[22.7446,65.5516],[22.8127,65.5394],[22.7891,65.5272]]],[[[24.8219,65.5532],[24.8123,65.5524],[24.8128,65.5569],[24.8219,65.5532]]],[[[22.6888,65.5491],[22.6408,65.5421],[22.6576,65.5585],[22.6888,65.5491]]],[[[22.7919,65.568],[22.8076,65.5509],[22.771,65.5556],[22.7919,65.568]]],[[[23.7526,65.588],[23.7708,65.5613],[23.7207,65.5719],[23.7526,65.588]]],[[[23.8108,65.605],[23.8135,65.6103],[23.8224,65.6048],[23.8108,65.605]]],[[[25.0519,65.6116],[25.0568,65.5961],[25.0312,65.609],[25.0519,65.6116]]],[[[22.369,65.607],[22.3831,65.6072],[22.3819,65.5944],[22.369,65.607]]],[[[24.1918,65.6065],[24.2003,65.6136],[24.1989,65.6059],[24.1918,65.6065]]],[[[24.0273,65.6077],[24.0375,65.6168],[24.0307,65.6012],[24.0273,65.6077]]],[[[24.9578,65.6072],[24.9553,65.5963],[24.9365,65.614],[24.9578,65.6072]]],[[[22.4141,65.62],[22.4294,65.6228],[22.4592,65.6031],[22.4141,65.62]]],[[[24.7016,65.6206],[24.6888,65.6233],[24.6886,65.629],[24.7016,65.6206]]],[[[22.8094,65.6333],[22.8161,65.6287],[22.8068,65.6277],[22.8094,65.6333]]],[[[24.8811,65.6308],[24.8941,65.6281],[24.8828,65.6206],[24.8811,65.6308]]],[[[22.4878,65.6362],[22.4828,65.6243],[22.4726,65.6399],[22.4878,65.6362]]],[[[24.8479,65.6409],[24.8678,65.638],[24.847,65.6342],[24.8479,65.6409]]],[[[12.1744,65.6429],[12.1266,65.5918],[12.1267,65.6175],[12.1744,65.6429]]],[[[22.6187,65.6461],[22.6489,65.6357],[22.6196,65.6349],[22.6187,65.6461]]],[[[22.9901,65.6397],[22.9614,65.6514],[22.9695,65.6548],[22.9901,65.6397]]],[[[23.8055,65.6389],[23.7634,65.6433],[23.7814,65.6554],[23.8055,65.6389]]],[[[24.0295,65.6526],[24.0335,65.6576],[24.0399,65.6506],[24.0295,65.6526]]],[[[23.5623,65.6548],[23.5562,65.6564],[23.5614,65.6585],[23.5623,65.6548]]],[[[22.4102,65.6626],[22.4199,65.6564],[22.3988,65.6574],[22.4102,65.6626]]],[[[23.973,65.6581],[23.9775,65.6635],[23.9885,65.6585],[23.973,65.6581]]],[[[23.8282,65.6684],[23.8338,65.6498],[23.8217,65.6572],[23.8282,65.6684]]],[[[22.7923,65.6619],[22.7874,65.6517],[22.7653,65.6645],[22.7923,65.6619]]],[[[24.1098,65.6764],[24.1325,65.6669],[24.1273,65.6635],[24.1098,65.6764]]],[[[23.0166,65.6765],[23.0204,65.6643],[22.991,65.6743],[23.0166,65.6765]]],[[[24.1414,65.6769],[24.1525,65.6758],[24.1553,65.6679],[24.1414,65.6769]]],[[[22.4579,65.671],[22.471,65.6774],[22.4728,65.6672],[22.4579,65.671]]],[[[23.0825,65.6748],[23.0797,65.6612],[23.0449,65.6754],[23.0825,65.6748]]],[[[22.7177,65.6672],[22.6895,65.6743],[22.7142,65.6802],[22.7177,65.6672]]],[[[22.8976,65.6791],[22.9014,65.6709],[22.8753,65.6791],[22.8976,65.6791]]],[[[24.4832,65.6813],[24.4858,65.6847],[24.4968,65.682],[24.4832,65.6813]]],[[[22.6172,65.6559],[22.6319,65.6847],[22.6412,65.6622],[22.6172,65.6559]]],[[[35.0049,65.6841],[34.9899,65.6908],[35.0055,65.6943],[35.0049,65.6841]]],[[[24.2896,65.6897],[24.2893,65.6828],[24.2804,65.6966],[24.2896,65.6897]]],[[[34.8356,65.6977],[34.8137,65.6853],[34.8199,65.6972],[34.8356,65.6977]]],[[[23.9763,65.6953],[24.0019,65.6908],[23.9771,65.683],[23.9763,65.6953]]],[[[24.622,65.7008],[24.5819,65.6579],[24.5178,65.673],[24.622,65.7008]]],[[[24.1174,65.6984],[24.0877,65.706],[24.0979,65.7117],[24.1174,65.6984]]],[[[24.1662,65.7071],[24.1684,65.6972],[24.1263,65.7106],[24.1662,65.7071]]],[[[22.3986,65.7138],[22.4284,65.7173],[22.4275,65.7006],[22.3986,65.7138]]],[[[24.5352,65.7119],[24.5126,65.7009],[24.5241,65.7208],[24.5352,65.7119]]],[[[12.4468,65.7252],[12.3442,65.6479],[12.3059,65.6633],[12.4468,65.7252]]],[[[22.5544,65.7159],[22.5401,65.7259],[22.551,65.723],[22.5544,65.7159]]],[[[23.1914,65.7228],[23.1813,65.7215],[23.189,65.7283],[23.1914,65.7228]]],[[[22.5761,65.7286],[22.5602,65.7322],[22.5693,65.7332],[22.5761,65.7286]]],[[[23.1655,65.7337],[23.1796,65.7271],[23.1742,65.7239],[23.1655,65.7337]]],[[[23.5445,65.7261],[23.5386,65.7414],[23.5672,65.7159],[23.5445,65.7261]]],[[[23.5159,65.7142],[23.4885,65.7203],[23.4879,65.7405],[23.5159,65.7142]]],[[[23.3,65.7158],[23.2114,65.7381],[23.2671,65.7457],[23.3,65.7158]]],[[[24.057,65.7476],[24.0698,65.7442],[24.055,65.7383],[24.057,65.7476]]],[[[23.4219,65.7604],[23.4277,65.7433],[23.4083,65.749],[23.4219,65.7604]]],[[[23.1909,65.7457],[23.2249,65.7607],[23.2416,65.7512],[23.1909,65.7457]]],[[[23.3714,65.757],[23.3701,65.7607],[23.3761,65.7628],[23.3714,65.757]]],[[[23.8858,65.7564],[23.8893,65.7632],[23.8962,65.7577],[23.8858,65.7564]]],[[[23.2444,65.7558],[23.2738,65.7624],[23.2723,65.7488],[23.2444,65.7558]]],[[[22.4803,65.7638],[22.4745,65.7703],[22.4806,65.7702],[22.4803,65.7638]]],[[[24.2264,65.7589],[24.1953,65.7708],[24.2323,65.7692],[24.2264,65.7589]]],[[[24.5195,65.7667],[24.4736,65.7586],[24.5198,65.7814],[24.5195,65.7667]]],[[[34.959,65.7362],[34.9466,65.7831],[35.0142,65.7478],[34.959,65.7362]]],[[[22.6126,65.771],[22.6097,65.7835],[22.6384,65.7807],[22.6126,65.771]]],[[[23.9701,65.7819],[23.9529,65.7815],[23.9613,65.7879],[23.9701,65.7819]]],[[[23.4785,65.7941],[23.4745,65.7844],[23.4649,65.7967],[23.4785,65.7941]]],[[[23.2203,65.7865],[23.2232,65.7978],[23.2414,65.7873],[23.2203,65.7865]]],[[[24.1603,65.7871],[24.1468,65.8],[24.1588,65.7995],[24.1603,65.7871]]],[[[22.3924,65.7872],[22.3941,65.8001],[22.4249,65.7863],[22.3924,65.7872]]],[[[24.1177,65.7896],[24.1058,65.7944],[24.131,65.8014],[24.1177,65.7896]]],[[[12.4774,65.801],[12.4843,65.7748],[12.3751,65.743],[12.4774,65.801]]],[[[22.7595,65.7919],[22.7233,65.8098],[22.7437,65.8074],[22.7595,65.7919]]],[[[-67.2684,65.8089],[-67.3196,65.7863],[-67.4102,65.7987],[-67.2684,65.8089]]],[[[22.4772,65.795],[22.4636,65.8131],[22.4855,65.7997],[22.4772,65.795]]],[[[22.7694,65.7993],[22.7576,65.8155],[22.7738,65.8068],[22.7694,65.7993]]],[[[12.3154,65.8916],[12.2341,65.8388],[12.3137,65.9307],[12.3154,65.8916]]],[[[12.2457,65.9892],[12.2086,65.977],[12.1955,66.0044],[12.2457,65.9892]]],[[[12.2985,66.1301],[12.3164,66.1634],[12.3517,66.1674],[12.2985,66.1301]]],[[[-17.8397,66.162],[-17.8798,66.1684],[-17.8301,66.1728],[-17.8397,66.162]]],[[[13.169,66.2828],[12.9211,66.2299],[12.9878,66.2716],[13.169,66.2828]]],[[[33.7946,66.323],[33.7677,66.2992],[33.6661,66.3137],[33.7946,66.323]]],[[[33.8414,66.3435],[33.8101,66.3341],[33.8013,66.3592],[33.8414,66.3435]]],[[[12.5373,66.3336],[12.5838,66.3698],[12.6182,66.3532],[12.5373,66.3336]]],[[[12.3224,66.353],[12.3831,66.3839],[12.3484,66.3416],[12.3224,66.353]]],[[[40.6878,66.4899],[40.6787,66.4839],[40.6799,66.4881],[40.6878,66.4899]]],[[[12.0276,66.5031],[12.0482,66.5154],[12.0622,66.5029],[12.0276,66.5031]]],[[[12.8007,66.5456],[12.8846,66.54],[12.8335,66.5189],[12.8007,66.5456]]],[[[12.9895,66.5666],[12.991,66.5882],[13.0653,66.5692],[12.9895,66.5666]]],[[[12.6717,66.5639],[12.59,66.5877],[12.6614,66.6049],[12.6717,66.5639]]],[[[13.0936,66.6182],[13.1274,66.6211],[13.1215,66.5878],[13.0936,66.6182]]],[[[13.0466,66.6657],[13.0942,66.6919],[13.0802,66.6558],[13.0466,66.6657]]],[[[13.4627,66.7776],[13.246,66.7521],[13.3539,66.7873],[13.4627,66.7776]]],[[[13.2096,66.8089],[13.2348,66.8089],[13.2149,66.7934],[13.2096,66.8089]]],[[[13.4301,66.9223],[13.446,66.9393],[13.4734,66.9217],[13.4301,66.9223]]],[[[32.5626,67.0266],[32.5683,67.0048],[32.5326,67.0216],[32.5626,67.0266]]],[[[13.8538,67.0781],[13.7513,67.0473],[13.7603,67.0748],[13.8538,67.0781]]],[[[-174.6846,67.0761],[-174.7126,67.0133],[-174.7334,67.091],[-174.6846,67.0761]]],[[[13.9066,67.1159],[13.8274,67.1055],[13.832,67.1234],[13.9066,67.1159]]],[[[14.0053,67.2758],[13.9168,67.2625],[13.9746,67.289],[14.0053,67.2758]]],[[[13.964,67.421],[13.988,67.4313],[13.9866,67.4208],[13.964,67.421]]],[[[11.941,67.4683],[11.9491,67.4562],[11.9279,67.4508],[11.941,67.4683]]],[[[-174.6294,67.4767],[-174.59,67.452],[-174.6281,67.4583],[-174.6294,67.4767]]],[[[12.0834,67.4996],[12.0925,67.5322],[12.1642,67.5261],[12.0834,67.4996]]],[[[15.0699,67.6436],[15.0138,67.6396],[15.1056,67.6668],[15.0699,67.6436]]],[[[12.5781,67.6344],[12.7234,67.6922],[12.7024,67.638],[12.5781,67.6344]]],[[[14.5832,67.7199],[14.5798,67.7297],[14.6012,67.7304],[14.5832,67.7199]]],[[[12.7678,67.74],[12.7428,67.7425],[12.7606,67.7559],[12.7678,67.74]]],[[[14.6699,67.8029],[14.7126,67.8174],[14.7013,67.8023],[14.6699,67.8029]]],[[[40.484,67.8062],[40.4833,67.829],[40.5426,67.8152],[40.484,67.8062]]],[[[16.2428,68.054],[16.2754,68.0977],[16.3312,68.0767],[16.2428,68.054]]],[[[15.7803,68.1335],[15.834,68.1567],[15.8259,68.1259],[15.7803,68.1335]]],[[[14.6821,68.155],[14.6629,68.1584],[14.702,68.1709],[14.6821,68.155]]],[[[14.7881,68.2013],[14.7215,68.2003],[14.7496,68.223],[14.7881,68.2013]]],[[[16.1738,68.3383],[16.043,68.3338],[16.0927,68.3565],[16.1738,68.3383]]],[[[38.4767,68.373],[38.4276,68.3715],[38.4574,68.3905],[38.4767,68.373]]],[[[37.3416,68.8179],[37.3622,68.803],[37.3036,68.8149],[37.3416,68.8179]]],[[[16.6683,68.9405],[16.6981,68.9727],[16.7691,68.9583],[16.6683,68.9405]]],[[[18.1124,69.6427],[18.0803,69.678],[18.1693,69.6631],[18.1124,69.6427]]],[[[18.1794,69.7337],[18.2214,69.7601],[18.2497,69.7306],[18.1794,69.7337]]],[[[30.1396,69.8022],[30.162,69.7849],[30.1135,69.7851],[30.1396,69.8022]]],[[[18.4772,69.82],[18.4986,69.859],[18.5897,69.8457],[18.4772,69.82]]],[[[30.0749,69.8664],[30.0434,69.8558],[30.0264,69.8779],[30.0749,69.8664]]],[[[21.5853,70.0122],[21.6045,70.0442],[21.728,70.0148],[21.5853,70.0122]]],[[[18.5227,70.029],[18.5517,70.0527],[18.577,70.0418],[18.5227,70.029]]],[[[21.315,70.1002],[21.3005,70.1216],[21.3613,70.107],[21.315,70.1002]]],[[[18.8319,70.0834],[18.8039,70.1308],[18.8476,70.1292],[18.8319,70.0834]]],[[[20.0442,70.1662],[20.0389,70.1444],[19.9451,70.1634],[20.0442,70.1662]]],[[[18.7975,70.1463],[18.8974,70.1898],[18.8809,70.1428],[18.7975,70.1463]]],[[[25.3472,70.2875],[25.3447,70.2621],[25.2424,70.2444],[25.3472,70.2875]]],[[[20.2332,70.2268],[20.1659,70.3],[20.292,70.2604],[20.2332,70.2268]]],[[[21.3943,70.3483],[21.426,70.3897],[21.4647,70.342],[21.3943,70.3483]]],[[[31.1003,70.3794],[31.0811,70.3679],[31.0593,70.4046],[31.1003,70.3794]]],[[[25.8735,70.6992],[25.8569,70.6707],[25.7842,70.6789],[25.8735,70.6992]]],[[[25.0256,71.0058],[24.93,71.0207],[25.0445,71.036],[25.0256,71.0058]]],[[[92.6559,75.989],[92.6478,75.9568],[92.5437,75.9655],[92.6559,75.989]]],[[[90.1714,77.1415],[90.2598,77.1405],[90.126,77.1208],[90.1714,77.1415]]],[[[90.6245,77.2475],[90.6989,77.2463],[90.6144,77.2302],[90.6245,77.2475]]],[[[-67.1655,80.4827],[-67.2928,80.5024],[-67.2054,80.5053],[-67.1655,80.4827]]],[[[-66.3205,80.8203],[-66.3779,80.8307],[-66.3104,80.8294],[-66.3205,80.8203]]],[[[54.2149,81.3387],[54.4267,81.3071],[54.5281,81.2661],[54.2149,81.3387]]],[[[131.861,37.244],[131.8617,37.2416],[131.8601,37.2424],[131.861,37.244]]],[[[9.3198,0.9364],[9.3425,0.8994],[9.3222,0.8815],[9.3198,0.9364]]],[[[9.3768,0.81],[9.3841,0.8096],[9.3796,0.807],[9.3768,0.81]]],[[[-4.3,35.1727],[-4.2969,35.1722],[-4.2994,35.1717],[-4.3,35.1727]]],[[[-3.903,35.2153],[-3.902,35.2155],[-3.9025,35.2148],[-3.903,35.2153]]],[[[-3.9007,35.2178],[-3.8998,35.2173],[-3.9013,35.2173],[-3.9007,35.2178]]],[[[-2.4342,35.1852],[-2.4265,35.1821],[-2.4314,35.1788],[-2.4342,35.1852]]],[[[-2.4409,35.181],[-2.4408,35.1761],[-2.4463,35.177],[-2.4409,35.181]]],[[[-2.425,35.1794],[-2.4181,35.1797],[-2.4214,35.176],[-2.425,35.1794]]],[[[-5.4188,35.9156],[-5.416,35.9135],[-5.4179,35.9109],[-5.4188,35.9156]]],[[[-3.0388,35.9455],[-3.0364,35.9444],[-3.0379,35.9425],[-3.0388,35.9455]]],[[[172.0564,-22.3946],[172.0572,-22.4002],[172.0543,-22.3973],[172.0564,-22.3946]]],[[[171.3406,-22.3448],[171.3438,-22.3463],[171.3419,-22.3492],[171.3406,-22.3448]]],[[[117.7539,15.1544],[117.7539,15.1501],[117.7519,15.1519],[117.7539,15.1544]]],[[[43.1402,12.7201],[43.1515,12.7205],[43.152,12.7128],[43.1402,12.7201]]],[[[-89.9571,0.3419],[-89.9447,0.3039],[-89.971,0.3097],[-89.9571,0.3419]]]]}},{"type":"Feature","properties":{},"geometry":{"type":"MultiPolygon","coordinates":[[[[134.6898,33.8281],[134.3123,33.5725],[134.1765,33.2361],[133.7394,33.5375],[133.2922,33.3647],[133.0017,32.987],[133.0022,32.7117],[132.6277,32.7521],[132.7092,32.9094],[132.3824,33.0198],[132.3947,33.2039],[132.5484,33.2269],[132.4212,33.4445],[132.0105,33.349],[132.6766,33.7156],[132.8975,34.1227],[133.127,33.9333],[133.511,33.9652],[133.6413,34.0792],[133.5584,34.2595],[133.937,34.3751],[134.6469,34.2393],[134.6898,33.8281]]],[[[-95.2149,68.8622],[-96.5205,68.4476],[-98.1193,68.675],[-98.3638,68.8576],[-98.5224,68.7503],[-98.97,68.9547],[-99.1923,68.8298],[-99.5973,69.0267],[-98.4096,69.3078],[-98.6113,69.4492],[-98.4186,69.4761],[-98.5494,69.5851],[-98.0238,69.4346],[-98.3702,69.6058],[-97.9252,69.8959],[-97.3423,69.7088],[-97.4932,69.6741],[-97.3907,69.6002],[-97.284,69.697],[-96.2198,69.314],[-96.2256,69.0544],[-96.0482,69.2297],[-95.8282,68.8759],[-95.2149,68.8622]]],[[[-78.5901,26.5362],[-78.9979,26.7013],[-78.7143,26.5705],[-78.5938,26.8105],[-78.32,26.6865],[-77.9154,26.7764],[-77.9291,26.6392],[-78.5901,26.5362]]],[[[-77.8124,26.9068],[-77.9626,26.8931],[-77.6068,26.9204],[-77.0498,26.5163],[-77.2267,25.8851],[-77.4083,26.0297],[-77.2233,26.1458],[-77.1607,26.5642],[-77.8124,26.9068]]],[[[-79.2825,62.2699],[-79.326,61.9884],[-79.7589,61.5822],[-80.2611,61.8563],[-80.215,62.1377],[-79.9346,62.3781],[-79.5397,62.4176],[-79.2825,62.2699]]],[[[-82.1913,62.9862],[-81.8624,62.9248],[-81.9398,62.7116],[-83.0662,62.1872],[-83.7052,62.1435],[-83.9398,62.4238],[-83.4187,62.8923],[-82.1913,62.9862]]],[[[-104.6809,73.6298],[-104.5008,73.5672],[-104.5727,73.3322],[-105.3597,72.9501],[-105.285,72.8514],[-106.1207,73.2927],[-107.0393,73.4844],[-106.5996,73.7106],[-105.3814,73.7707],[-104.6809,73.6298]]],[[[-93.4369,74.9443],[-93.5331,74.6706],[-94.7242,74.6318],[-95.8976,74.8259],[-96.1369,74.9369],[-96.0646,75.0236],[-96.2667,74.9096],[-96.6161,74.9915],[-96.4694,75.1944],[-95.78,75.3825],[-96.1555,75.408],[-94.8995,75.6447],[-93.6765,75.362],[-93.8,75.3074],[-93.4994,75.268],[-93.4916,75.074],[-93.6424,75.0399],[-93.4369,74.9443]]],[[[-93.252,77.6444],[-93.7845,77.4377],[-95.9876,77.4791],[-96.3287,77.6096],[-95.5065,77.8107],[-93.1011,77.6642],[-93.252,77.6444]]],[[[-109.2595,78.4593],[-109.4087,78.3099],[-109.8232,78.2954],[-113.3362,78.3364],[-110.741,78.758],[-109.2595,78.4593]]],[[[120.7925,-9.9609],[120.7246,-10.1969],[120.45,-10.3103],[119.6345,-9.7691],[119.0969,-9.7175],[118.9354,-9.5534],[119.1687,-9.3855],[119.9588,-9.2905],[120.7925,-9.9609]]],[[[-165.5821,59.951],[-166.2467,59.8539],[-166.0817,59.779],[-166.1821,59.7563],[-167.4528,60.2172],[-166.8204,60.2176],[-166.1574,60.437],[-165.6844,60.2998],[-165.7261,60.0665],[-165.5821,59.951]]],[[[-168.7407,63.281],[-169.3511,63.1762],[-169.6662,62.9452],[-170.4443,63.3592],[-170.8562,63.4604],[-171.4393,63.3198],[-171.8529,63.5212],[-171.728,63.7961],[-171.4872,63.609],[-170.31,63.6987],[-170.0845,63.4858],[-168.7407,63.281]]],[[[62.2219,80.8132],[62.116,80.6224],[61.0446,80.4052],[59.6364,80.4312],[59.2214,80.6528],[59.6939,80.8371],[62.2219,80.8132]]],[[[162.3748,-10.8237],[161.7922,-10.735],[161.3001,-10.2071],[162.1136,-10.4565],[162.3748,-10.8237]]],[[[161.3607,-9.6176],[160.8679,-9.1521],[160.6013,-8.3255],[160.9968,-8.6038],[160.9466,-8.8137],[161.2849,-9.1862],[161.3607,-9.6176]]],[[[134.4844,-6.5756],[134.3107,-6.8595],[134.0734,-6.8268],[134.1106,-6.4592],[134.21,-6.5074],[134.1027,-6.1801],[134.4844,-6.5756]]],[[[134.7581,-6.1579],[134.6078,-6.3696],[134.2766,-6.1193],[134.3783,-5.7937],[134.202,-5.7125],[134.3518,-5.7145],[134.5083,-5.4294],[134.7581,-5.6713],[134.7361,-5.9695],[134.6011,-5.9518],[134.7581,-6.1579]]],[[[127.2409,-3.471],[127.2057,-3.6596],[126.6966,-3.8638],[126.203,-3.631],[125.9917,-3.2482],[126.0909,-3.1121],[126.84,-3.0737],[127.2409,-3.471]]],[[[153.1372,-4.2695],[152.8977,-4.8483],[152.6898,-4.5478],[152.6878,-4.1638],[152.2886,-3.5698],[150.7598,-2.7688],[150.8924,-2.6975],[150.8127,-2.5558],[152.0525,-3.2467],[153.1372,-4.2695]]],[[[121.5261,12.7045],[121.3958,12.2895],[121.1136,12.2513],[120.6649,13.1559],[120.3215,13.4878],[121.1971,13.4409],[121.553,13.1113],[121.5261,12.7045]]],[[[-66.7344,-78.4418],[-69.296,-79.2177],[-69.822,-79.4584],[-69.4916,-79.5326],[-69.6466,-79.6038],[-71.4442,-79.6529],[-71.8157,-79.4792],[-71.5996,-79.2],[-70.5928,-78.8859],[-67.5776,-78.3718],[-66.6055,-78.3637],[-66.8725,-78.428],[-66.7344,-78.4418]]],[[[167.8125,-16.4195],[167.4588,-16.568],[167.3748,-16.193],[167.1475,-16.0829],[167.1853,-15.8907],[167.8125,-16.4195]]],[[[157.5298,-7.3332],[157.4479,-7.4322],[157.0147,-7.2826],[156.4544,-6.6308],[157.5298,-7.3332]]],[[[62.7705,80.8856],[64.0365,80.9869],[64.7048,81.2053],[65.2298,81.1367],[65.4657,80.9349],[63.1307,80.6831],[62.5037,80.8241],[62.7705,80.8856]]],[[[180,-16.169],[179.4787,-16.6972],[179.9395,-16.4633],[179.9107,-16.766],[179.2969,-16.8068],[179.2664,-16.6899],[178.7339,-17.007],[178.4856,-16.7934],[178.5339,-16.629],[178.801,-16.6358],[178.917,-16.4706],[180,-16.169]]]]}},{"type":"Feature","properties":{},"geometry":{"type":"MultiPolygon","coordinates":[[[[14.763,68.4949],[14.6042,68.5587],[15.0,68.5548],[14.763,68.4949]]],[[[-50.6827,63.1234],[-50.88,63.1384],[-50.772,63.1918],[-50.6827,63.1234]]],[[[-50.4977,63.1745],[-50.6798,63.1485],[-50.5714,63.2128],[-50.4977,63.1745]]],[[[-64.8883,63.7949],[-64.5626,63.9086],[-64.6134,63.7875],[-64.3881,63.7329],[-64.8883,63.7949]]],[[[-50.8055,64.528],[-51.3386,64.2458],[-51.0317,64.5509],[-50.8055,64.528]]],[[[-51.2993,64.3808],[-51.5152,64.3945],[-51.0941,64.5695],[-51.2993,64.3808]]],[[[-65.5463,64.5484],[-65.6881,64.5476],[-65.4119,64.7398],[-65.2098,64.644],[-65.5463,64.5484]]],[[[-80.1833,63.7676],[-81.1249,63.4638],[-82.4818,63.6852],[-82.3709,63.913],[-83.0845,63.9582],[-82.9658,64.137],[-83.0843,64.1898],[-83.6853,64.0141],[-83.6338,63.771],[-84.2843,63.6268],[-84.5902,63.3151],[-85.2739,63.1234],[-85.6352,63.2431],[-85.7137,63.7744],[-86.8682,63.5618],[-87.2238,63.6601],[-86.8959,63.9302],[-86.1929,64.1034],[-86.4194,64.5969],[-86.173,64.8296],[-86.1515,65.3961],[-85.9389,65.7632],[-85.4865,65.9241],[-85.4883,65.7966],[-85.1719,65.7891],[-85.0524,65.6142],[-85.3165,65.5415],[-85.0076,65.4157],[-84.9318,65.2182],[-84.5547,65.4859],[-84.0985,65.2095],[-83.3977,65.1366],[-83.2084,64.9477],[-81.7713,64.512],[-81.6066,64.1341],[-81.9916,63.9987],[-81.3988,64.1015],[-80.9307,63.9935],[-80.8888,64.1226],[-80.4969,63.9177],[-80.6746,63.894],[-80.1833,63.7676]]],[[[-63.5179,67.3242],[-63.3602,67.2962],[-63.8332,67.29],[-63.5179,67.3242]]],[[[-63.7575,67.5228],[-64.038,67.5296],[-63.9547,67.655],[-63.7575,67.5228]]],[[[-66.2964,68.2695],[-66.1831,68.2626],[-66.6611,68.2095],[-66.2964,68.2695]]],[[[-83.8361,69.7498],[-83.8556,69.8317],[-83.5277,69.7908],[-83.8361,69.7498]]],[[[-72.9536,71.5175],[-72.817,71.4486],[-73.0536,71.2964],[-73.3788,71.5175],[-72.9536,71.5175]]],[[[-72.7379,71.6615],[-72.7653,71.529],[-73.0436,71.5864],[-72.7379,71.6615]]],[[[-95.3275,71.8471],[-95.3185,71.7425],[-95.4921,71.7435],[-95.3275,71.8471]]],[[[-90.291,73.9233],[-91.2577,73.2722],[-91.6339,73.2313],[-91.3763,73.2032],[-92.0958,72.7462],[-94.3208,72.7651],[-93.7874,72.7407],[-93.4642,72.4634],[-94.2339,72.0324],[-94.0601,71.9836],[-95.2115,71.9942],[-95.0886,72.1003],[-95.2012,72.1109],[-94.7904,72.1599],[-95.1767,72.155],[-95.1357,72.4634],[-95.5927,72.6994],[-95.7174,72.9971],[-95.5133,73.1337],[-95.7049,73.5596],[-95.5404,73.5807],[-95.7192,73.6906],[-94.6224,73.6557],[-95.3309,73.9175],[-94.7206,74.1014],[-93.2726,74.178],[-92.334,73.9432],[-90.291,73.9233]]],[[[-119.3175,76.1999],[-119.7169,76.3353],[-119.5524,76.123],[-119.8057,76.1156],[-119.486,75.9749],[-120.3874,75.8067],[-120.489,75.8471],[-120.3885,75.9722],[-120.865,76.201],[-121.0112,76.1389],[-120.9535,75.9582],[-121.2997,75.9108],[-121.8471,76.0452],[-122.7316,75.9784],[-122.483,76.1024],[-122.7049,76.1156],[-122.4926,76.1435],[-122.6058,76.1743],[-123.0407,76.0883],[-122.4032,76.4042],[-121.5119,76.4482],[-121.1873,76.6882],[-120.368,76.8145],[-119.1627,77.3249],[-117.0392,77.2928],[-117.1814,77.3489],[-116.647,77.3904],[-117.154,77.4587],[-116.4067,77.5624],[-115.3926,77.3079],[-116.4005,77.1373],[-115.732,76.9486],[-116.3658,76.9318],[-115.8928,76.6984],[-117.0079,76.5522],[-116.9343,76.3558],[-117.1363,76.2902],[-118.0584,76.4104],[-117.7362,76.7803],[-117.8658,76.8233],[-118.4967,76.7189],[-118.3054,76.555],[-118.9463,76.5229],[-118.569,76.3452],[-118.9635,76.1357],[-119.3175,76.1999]]],[[[-74.5581,78.7814],[-74.1671,78.7268],[-74.7036,78.7269],[-74.5581,78.7814]]],[[[-105.6068,79.1036],[-105.4569,79.3293],[-103.7216,79.3633],[-102.8795,79.2333],[-102.6188,79.0967],[-102.7764,78.9459],[-102.5989,78.8776],[-101.6484,79.081],[-100.9882,78.9316],[-101.1852,78.8074],[-100.3498,78.8237],[-99.8921,78.6989],[-100.0634,78.6381],[-99.5579,78.5987],[-99.8717,78.4389],[-99.8027,78.3085],[-98.9462,78.0689],[-99.1038,77.9659],[-99.029,77.8827],[-99.9386,77.7829],[-100.61,77.864],[-101.0597,78.2055],[-102.5925,78.2445],[-102.8022,78.2878],[-102.7441,78.3806],[-104.4657,78.2746],[-105.0464,78.5048],[-103.5395,78.5004],[-103.3798,78.5896],[-104.0445,78.6306],[-103.3183,78.737],[-104.1881,78.7767],[-103.8322,78.905],[-104.2472,78.9971],[-104.9554,78.7982],[-104.6785,79.0111],[-105.6068,79.1036]]],[[[70.5488,-49.1832],[70.3115,-49.3785],[70.4665,-49.4391],[69.6919,-49.4045],[70.137,-49.6179],[70.0491,-49.5204],[70.2959,-49.5304],[70.2443,-49.6855],[69.2274,-49.4885],[69.0256,-49.7099],[68.7645,-49.675],[68.9241,-49.2883],[68.7643,-49.1889],[68.9309,-49.145],[68.7488,-49.0768],[68.9031,-48.9747],[68.7918,-48.8463],[69.0156,-48.6546],[69.1165,-48.7267],[68.9082,-48.894],[69.1888,-48.773],[68.9998,-49.0904],[69.4525,-49.089],[69.5895,-48.9526],[69.6441,-49.1244],[69.2825,-49.1843],[69.4722,-49.1518],[69.4113,-49.2747],[69.8018,-49.2883],[70.3359,-49.054],[70.5488,-49.1832]]],[[[5.6877,60.6766],[5.6089,60.4438],[5.324,60.5468],[5.6877,60.6766]]],[[[5.7361,62.2805],[5.7783,62.2074],[5.5021,62.2258],[5.7361,62.2805]]],[[[5.9886,62.3965],[6.0788,62.3419],[5.8113,62.2457],[5.8156,62.3857],[5.9886,62.3965]]],[[[-42.0353,62.767],[-41.8633,62.7391],[-42.4455,62.7534],[-42.0353,62.767]]],[[[6.8323,62.8415],[6.9421,62.8259],[6.8867,62.7751],[6.8323,62.8415]]],[[[8.4839,63.2468],[8.5658,63.1779],[8.2642,63.2326],[8.4839,63.2468]]],[[[9.1387,63.5678],[8.2778,63.4665],[8.7883,63.64],[9.1387,63.5678]]],[[[11.2863,64.559],[11.4514,64.515],[11.0374,64.6144],[11.2863,64.559]]],[[[-40.1434,64.487],[-40.4928,64.4941],[-40.8695,64.9047],[-40.4996,64.8296],[-40.5482,64.7096],[-40.3761,64.6166],[-40.4791,64.5826],[-40.1434,64.487]]],[[[12.4514,65.4261],[12.0535,65.22],[12.3285,65.467],[12.1974,65.4739],[12.2586,65.5746],[12.4514,65.4261]]],[[[-36.7855,65.8711],[-36.8281,65.7424],[-36.9977,65.8159],[-36.7855,65.8711]]],[[[-36.7507,65.9052],[-36.5043,65.953],[-36.6219,65.7986],[-36.7507,65.9052]]],[[[-53.0981,68.4544],[-52.8545,68.424],[-53.225,68.4339],[-53.0981,68.4544]]],[[[-52.3511,68.6425],[-53.1219,68.5711],[-52.1283,68.7077],[-52.3511,68.6425]]],[[[22.9224,70.3047],[23.0163,70.2543],[22.3737,70.332],[22.9224,70.3047]]],[[[-55.048,72.3188],[-55.6829,72.19],[-55.6239,72.3026],[-55.048,72.3188]]],[[[-39.4376,83.1052],[-39.2889,83.0924],[-39.6665,82.9955],[-40.5466,83.1624],[-39.4376,83.1052]]],[[[-40.1033,83.0561],[-39.8622,82.9822],[-41.4866,83.1679],[-40.1033,83.0561]]],[[[-38.8343,83.174],[-38.6426,83.1188],[-40.6673,83.3026],[-38.8343,83.174]]],[[[115.6192,-8.2888],[115.7009,-8.4191],[115.1345,-8.8508],[115.1561,-8.662],[114.6045,-8.3865],[114.4479,-8.1218],[114.8576,-8.1931],[115.1931,-8.0551],[115.6192,-8.2888]]],[[[116.3037,-3.718],[116.0915,-4.0668],[116.0164,-3.6292],[116.2678,-3.2188],[116.3037,-3.718]]],[[[103.0487,0.797],[103.0073,0.6938],[102.5164,0.7913],[102.4676,1.1064],[103.0487,0.797]]],[[[101.7212,2.0581],[101.7151,1.7782],[101.4907,1.7368],[101.4181,2.0444],[101.7212,2.0581]]],[[[-154.8996,19.567],[-154.8747,19.4129],[-155.5028,19.1377],[-155.6748,18.9061],[-155.8781,19.0291],[-156.0602,19.7312],[-155.8355,19.9757],[-155.8805,20.252],[-155.168,19.9468],[-154.8996,19.567]]],[[[15.2957,67.9453],[14.9612,67.9416],[15.1057,68.0007],[15.2957,67.9453]]],[[[15.9302,68.0082],[15.884,67.9841],[15.4824,68.0026],[15.9302,68.0082]]],[[[128.8311,72.6552],[128.9745,72.5938],[128.1037,72.6347],[128.8311,72.6552]]],[[[128.3171,72.8123],[128.9941,72.9325],[129.4171,72.8126],[128.3171,72.8123]]],[[[20.0989,79.1241],[20.8318,79.0552],[20.3582,78.9947],[20.0989,79.1241]]],[[[105.4155,78.5834],[104.7874,78.3364],[101.2098,78.1935],[99.8713,77.9522],[99.2683,78.0416],[100.0497,78.3432],[100.3853,78.7516],[101.1664,78.761],[100.8237,78.8088],[100.9072,78.9851],[101.6257,78.9869],[100.9881,79.0626],[101.1942,79.2029],[101.8176,79.371],[102.2463,79.2416],[102.1397,79.3568],[102.3029,79.4328],[103.1532,79.3096],[102.8255,79.2271],[102.3792,78.8225],[103.6243,79.1712],[104.4553,78.9667],[104.5249,78.8851],[104.3667,78.8571],[104.5789,78.7752],[105.1751,78.8093],[105.4155,78.5834]]],[[[11.0325,79.7069],[10.8215,79.6505],[10.7109,79.7212],[11.0325,79.7069]]],[[[10.7175,79.7416],[10.7129,79.7825],[11.012,79.7416],[10.7175,79.7416]]],[[[138.939,-7.5421],[139.0755,-7.5763],[138.9041,-8.0759],[138.376,-8.4096],[137.6382,-8.4259],[138.0886,-7.5598],[138.7171,-7.3596],[138.939,-7.5421]]],[[[122.78,-4.9166],[122.5984,-5.4201],[122.5115,-5.2867],[122.2796,-5.3697],[122.3827,-4.7459],[122.7111,-4.6155],[122.78,-4.9166]]],[[[123.1499,-5.225],[122.8276,-5.6762],[122.6384,-5.6622],[122.5671,-5.5069],[122.8147,-5.2114],[122.855,-4.6096],[123.0414,-4.3844],[123.2197,-4.8167],[123.0521,-4.7403],[122.9499,-5.1902],[123.1499,-5.225]]],[[[131.0574,-1.0007],[130.9619,-1.3538],[130.6498,-0.9738],[131.0574,-1.0007]]],[[[-26.2083,70.5654],[-26.0742,70.5238],[-26.3827,70.4897],[-26.2083,70.5654]]],[[[-27.7191,70.7398],[-27.7228,70.8886],[-27.2399,70.8944],[-27.7191,70.7398]]],[[[-71.711,-70.4298],[-71.8165,-70.2958],[-71.3186,-70.2988],[-71.711,-70.4298]]],[[[-70.9838,-54.9285],[-71.4596,-54.8795],[-71.1654,-54.8323],[-70.9838,-54.9285]]],[[[-74.1225,-52.3977],[-74.2454,-52.3166],[-74.1459,-52.1938],[-74.4169,-52.129],[-73.9357,-52.3249],[-74.1225,-52.3977]]],[[[-74.7499,-52.0431],[-74.8964,-52.1131],[-74.7509,-51.8339],[-74.5985,-51.8375],[-74.7499,-52.0431]]],[[[-59.6324,-51.7413],[-60.5928,-52.2367],[-61.0369,-52.0466],[-60.5321,-51.9999],[-60.4445,-51.7829],[-60.1841,-51.7612],[-60.5506,-51.7898],[-60.625,-51.6696],[-60.0774,-51.6935],[-60.646,-51.3515],[-60.1531,-51.4875],[-60.0175,-51.3752],[-59.214,-51.4135],[-59.6324,-51.7413]]],[[[-57.8162,-51.6935],[-58.4191,-51.8922],[-58.9403,-51.7966],[-58.6323,-51.968],[-58.6412,-52.1078],[-59.2696,-51.9905],[-59.049,-52.2125],[-59.456,-52.1422],[-59.3389,-52.3417],[-59.7215,-52.1076],[-59.2072,-51.7072],[-58.9901,-51.8036],[-59.1678,-51.5737],[-58.8646,-51.3583],[-58.954,-51.2485],[-58.4066,-51.3238],[-58.3338,-51.4275],[-58.522,-51.4911],[-58.2309,-51.6525],[-58.2912,-51.4225],[-57.9064,-51.3766],[-57.7779,-51.5431],[-58.1452,-51.5427],[-57.8162,-51.6935]]],[[[-74.3104,-50.8342],[-74.5812,-50.6336],[-74.4203,-50.5285],[-74.6735,-50.4738],[-74.3831,-50.456],[-74.239,-50.6762],[-74.4271,-50.6526],[-74.1813,-50.7823],[-74.3104,-50.8342]]],[[[-75.558,-49.2473],[-75.661,-49.2057],[-75.3373,-48.9894],[-75.3159,-49.1335],[-75.558,-49.2473]]],[[[-74.4137,-47.9382],[-74.2899,-47.8074],[-73.8089,-47.8874],[-74.4137,-47.9382]]],[[[-74.0714,-45.6909],[-74.0504,-45.5446],[-73.9102,-45.591],[-74.0714,-45.6909]]],[[[-74.5028,-45.7324],[-74.4213,-45.4543],[-74.2735,-45.4953],[-74.2418,-45.676],[-74.5028,-45.7324]]],[[[-73.8245,-45.2663],[-74.0123,-45.3536],[-74.1671,-45.2526],[-73.8245,-45.2663]]],[[[-74.2701,-44.9441],[-73.9132,-44.9504],[-74.3569,-45.0115],[-74.2701,-44.9441]]],[[[178.7114,-17.992],[177.8941,-18.2731],[177.2516,-17.9522],[177.5151,-17.5051],[178.1901,-17.3006],[178.5908,-17.631],[178.7114,-17.992]]],[[[-148.9189,-77.3849],[-149.6698,-77.3044],[-149.3364,-77.2835],[-148.9189,-77.3849]]],[[[11.4655,64.5878],[11.3445,64.5737],[11.3665,64.6344],[11.4655,64.5878]]],[[[11.3508,64.6516],[11.3123,64.5997],[11.168,64.6597],[11.3508,64.6516]]],[[[-81.6433,69.4144],[-81.4856,69.3472],[-81.9027,69.3941],[-81.6433,69.4144]]],[[[-82.5062,69.7906],[-82.5589,69.7433],[-82.8547,69.7944],[-82.5062,69.7906]]],[[[89.0471,77.1409],[88.9196,76.9771],[88.6639,77.0804],[89.0471,77.1409]]]]}},{"type":"Feature","properties":{},"geometry":{"type":"Polygon","coordinates":[[[-0.0048,-0.0044],[-0.0048,0.0048],[0.0043,0.0048],[-0.0048,-0.0044]]]}}]}